dataset	column	total_rows	missing_n	missing_percent
molecules	np_id	60222	0	0.0
molecules	pref_name	60222	0	0.0
molecules	iupac_name	60222	0	0.0
molecules	chembl_id	60222	0	0.0
molecules	pubchem_cid	60222	0	0.0
molecules	MW	60222	0	0.0
molecules	LogS	60222	0	0.0
molecules	LogD	60222	0	0.0
molecules	LogP	60222	0	0.0
molecules	nHA	60222	0	0.0
molecules	nHD	60222	0	0.0
molecules	TPSA	60222	0	0.0
molecules	nRot	60222	0	0.0
molecules	nRing	60222	0	0.0
molecules	InChI	60222	0	0.0
molecules	InChIKey	60222	0	0.0
molecules	SMILES	60222	0	0.0
