Target_ID	n_unique_molecules
NPT10	26
NPT1006	29
NPT1008	2
NPT101	1
NPT102	3
NPT1028	23
NPT1029	3
NPT103	6
NPT1037	5
NPT1038	60
NPT1044	22
NPT1046	5
NPT1057	2
NPT106	34
NPT1062	55
NPT1063	38
NPT107	2
NPT1078	24
NPT1079	11
NPT108	50
NPT1080	7
NPT1089	7
NPT109	430
NPT1090	10
NPT1098	1
NPT1099	1
NPT110	154
NPT1109	1
NPT1110	3
NPT1111	2
NPT1119	52
NPT1132	2
NPT1133	2
NPT1137	15
NPT1138	5
NPT1139	2
NPT1143	30
NPT1144	29
NPT1146	26
NPT1149	1
NPT1157	17
NPT1158	4
NPT1159	1
NPT1166	13
NPT1185	3
NPT1186	3
NPT1187	21
NPT1196	5
NPT1197	74
NPT1210	23
NPT1211	7
NPT1214	27
NPT1224	17
NPT1226	39
NPT1237	7
NPT1249	5
NPT1250	8
NPT1255	4
NPT1256	4
NPT1257	4
NPT1259	3
NPT1265	16
NPT1270	24
NPT1274	20
NPT1282	6
NPT1283	18
NPT1287	40
NPT1289	2
NPT1291	4
NPT13	22
NPT1324	1
NPT1336	4
NPT1337	11
NPT1338	16
NPT1344	1
NPT1356	10
NPT1371	17
NPT1375	1
NPT1379	1
NPT1384	4
NPT1385	4
NPT1391	2
NPT1394	2
NPT14	12
NPT1406	1
NPT1407	2
NPT1416	56
NPT1418	9
NPT142	3
NPT1422	52
NPT1423	9
NPT1424	4
NPT1426	3
NPT1427	6
NPT1429	5
NPT143	28
NPT1430	2
NPT1431	1
NPT1432	9
NPT1433	8
NPT1434	6
NPT1435	3
NPT1436	5
NPT1437	2
NPT1438	6
NPT1439	2
NPT144	21
NPT1440	5
NPT1441	3
NPT1442	1
NPT1443	2
NPT1444	7
NPT1445	6
NPT1446	4
NPT1447	3
NPT1448	1
NPT1449	11
NPT145	29
NPT1463	6
NPT1464	33
NPT1472	3
NPT1478	10
NPT1479	7
NPT1480	4
NPT1481	1
NPT149	234
NPT1495	2
NPT151	231
NPT1510	2
NPT1517	2
NPT1518	3
NPT1519	4
NPT152	10
NPT1520	3
NPT1529	1
NPT153	25
NPT154	1
NPT1540	11
NPT1546	8
NPT1547	5
NPT155	7
NPT1551	9
NPT1557	7
NPT156	3
NPT1566	21
NPT1569	3
NPT157	12
NPT1571	8
NPT1575	2
NPT1581	5
NPT1583	1
NPT1587	12
NPT1588	15
NPT1591	16
NPT1592	32
NPT1594	19
NPT1598	9
NPT1599	1
NPT160	2
NPT1600	5
NPT1603	60
NPT1604	71
NPT1606	7
NPT1608	4
NPT161	1
NPT1611	2
NPT1612	3
NPT1613	1
NPT1614	1
NPT1615	1
NPT1616	1
NPT1619	5
NPT1620	5
NPT1627	11
NPT163	61
NPT1630	3
NPT1634	9
NPT1647	2
NPT1650	9
NPT1654	3
NPT1656	3
NPT1657	2
NPT1658	4
NPT1659	4
NPT166	35
NPT1660	4
NPT1661	4
NPT1663	7
NPT1667	3
NPT1670	2
NPT1672	2
NPT1673	1
NPT1674	5
NPT1675	3
NPT1676	3
NPT1677	1
NPT1678	2
NPT1680	4
NPT1681	5
NPT1682	4
NPT1683	2
NPT1684	1
NPT1685	2
NPT1686	2
NPT1687	3
NPT1688	1
NPT1689	2
NPT1690	1
NPT1691	2
NPT1693	1
NPT1695	1
NPT1696	1
NPT1697	1
NPT1699	5
NPT1700	3
NPT1701	5
NPT1702	3
NPT1703	3
NPT1705	4
NPT1706	3
NPT1707	1
NPT1708	1
NPT1709	3
NPT1710	1
NPT1711	1
NPT1712	1
NPT1713	2
NPT1717	1
NPT1720	5
NPT1721	14
NPT1728	2
NPT1729	2
NPT1731	2
NPT1746	3
NPT1755	3
NPT1770	1
NPT178	337
NPT1784	5
NPT1785	17
NPT1788	13
NPT1789	10
NPT1791	3
NPT1794	7
NPT1811	7
NPT1814	2
NPT182	18
NPT1834	8
NPT1870	5
NPT1871	1
NPT1890	3
NPT1896	7
NPT1898	2
NPT198	4
NPT203	41
NPT204	199
NPT205	9
NPT206	11
NPT208	199
NPT210	224
NPT211	111
NPT212	138
NPT213	135
NPT214	10
NPT216	9
NPT217	10
NPT218	28
NPT221	11
NPT2213	3
NPT2215	2
NPT2217	3
NPT222	23
NPT2222	2
NPT223	17
NPT2230	11
NPT224	21
NPT225	8
NPT226	16
NPT2266	9
NPT227	5
NPT228	20
NPT232	36
NPT233	86
NPT234	1
NPT235	2
NPT236	1
NPT237	3
NPT239	1
NPT240	41
NPT241	4
NPT242	23
NPT243	25
NPT244	20
NPT245	8
NPT246	17
NPT247	2
NPT248	32
NPT249	21
NPT251	4
NPT252	4
NPT2520	9
NPT253	6
NPT2533	8
NPT2536	4
NPT2542	1
NPT2546	2
NPT2553	3
NPT2556	6
NPT2562	9
NPT2563	5
NPT2570	5
NPT2571	1
NPT2572	4
NPT2573	5
NPT2574	5
NPT2575	3
NPT2576	4
NPT2581	1
NPT2584	25
NPT259	1
NPT2592	4
NPT2599	6
NPT260	1
NPT2601	4
NPT2604	2
NPT2608	7
NPT261	75
NPT262	14
NPT2626	4
NPT2629	9
NPT263	10
NPT264	10
NPT265	7
NPT2652	2
NPT2653	3
NPT2654	2
NPT266	9
NPT2662	1
NPT2663	1
NPT2670	1
NPT2674	2
NPT2675	4
NPT2680	12
NPT2683	4
NPT2691	16
NPT271	35
NPT2715	4
NPT272	24
NPT2724	2
NPT2725	4
NPT2729	4
NPT273	17
NPT2732	3
NPT2736	3
NPT2737	2
NPT274	4
NPT2742	9
NPT2750	2
NPT2752	3
NPT2755	5
NPT2757	1
NPT2761	2
NPT277	44
NPT2773	1
NPT2776	1
NPT2777	1
NPT278	2
NPT279	29
NPT2796	4
NPT2797	6
NPT28	1
NPT280	24
NPT2801	4
NPT2807	1
NPT281	5
NPT2816	4
NPT2817	3
NPT2818	10
NPT282	174
NPT2824	3
NPT283	10
NPT284	2
NPT285	25
NPT2852	2
NPT2854	5
NPT2856	9
NPT286	9
NPT287	4
NPT2871	1
NPT2875	4
NPT2876	3
NPT2877	3
NPT2878	2
NPT2879	3
NPT2882	1
NPT2883	2
NPT2886	1
NPT2887	1
NPT2889	1
NPT2892	11
NPT290	19
NPT291	20
NPT292	27
NPT2926	2
NPT2927	1
NPT2930	19
NPT2936	1
NPT294	14
NPT2941	1
NPT2944	5
NPT295	20
NPT296	21
NPT2961	2
NPT2968	1
NPT2969	2
NPT2970	1
NPT298	4
NPT2982	4
NPT2983	1
NPT2993	1
NPT2994	1
NPT30	98
NPT300	7
NPT3000	2
NPT3004	1
NPT301	4
NPT3012	1
NPT3017	1
NPT3018	1
NPT3020	3
NPT303	1
NPT3033	1
NPT3037	1
NPT3047	1
NPT3060	7
NPT3066	1
NPT3067	1
NPT3068	2
NPT3078	1
NPT31	101
NPT3101	26
NPT3106	1
NPT3107	3
NPT3109	2
NPT3111	3
NPT3112	1
NPT3113	1
NPT3114	12
NPT3116	2
NPT3117	1
NPT3120	4
NPT3124	4
NPT3133	3
NPT3159	3
NPT3160	3
NPT3161	3
NPT3166	2
NPT3167	5
NPT3168	5
NPT3172	3
NPT3174	5
NPT3178	1
NPT3193	1
NPT3194	1
NPT3201	3
NPT3204	3
NPT3205	4
NPT3206	2
NPT3207	6
NPT3211	1
NPT3212	1
NPT3213	9
NPT3214	1
NPT3215	2
NPT3216	1
NPT3217	1
NPT3218	1
NPT3219	1
NPT322	3
NPT3220	1
NPT3221	2
NPT3223	3
NPT3224	1
NPT3225	2
NPT3227	2
NPT3230	2
NPT3231	4
NPT3232	1
NPT3233	1
NPT3234	1
NPT3235	1
NPT3236	2
NPT3238	1
NPT3239	2
NPT3240	5
NPT3241	1
NPT3242	3
NPT3243	1
NPT3244	2
NPT3245	3
NPT3246	6
NPT3247	1
NPT3248	1
NPT3254	1
NPT3255	1
NPT3257	1
NPT3258	1
NPT3259	1
NPT3261	1
NPT3262	2
NPT3263	2
NPT3265	1
NPT3266	4
NPT3267	4
NPT3268	1
NPT3269	1
NPT3270	3
NPT3271	3
NPT3272	1
NPT3273	1
NPT3274	4
NPT3275	2
NPT3276	3
NPT3277	3
NPT3278	1
NPT3279	1
NPT3280	3
NPT3281	1
NPT3282	3
NPT3283	3
NPT3284	1
NPT3285	1
NPT3286	1
NPT3287	2
NPT3290	3
NPT3291	1
NPT3292	1
NPT3293	1
NPT3296	1
NPT3297	1
NPT3299	1
NPT3300	1
NPT3303	2
NPT3304	1
NPT3306	1
NPT3307	1
NPT3308	1
NPT3309	2
NPT3311	1
NPT3312	4
NPT3313	1
NPT3314	1
NPT3315	3
NPT3316	5
NPT3317	1
NPT3318	3
NPT3319	2
NPT3320	3
NPT3323	1
NPT3324	3
NPT3326	1
NPT3327	2
NPT3328	1
NPT3329	1
NPT3330	1
NPT3331	3
NPT3332	1
NPT3333	1
NPT3334	1
NPT3335	1
NPT3336	1
NPT3338	1
NPT3339	1
NPT3340	1
NPT3341	1
NPT3342	1
NPT3344	1
NPT3345	1
NPT3346	1
NPT3347	3
NPT3348	1
NPT3349	1
NPT3350	1
NPT3351	1
NPT3352	1
NPT3353	1
NPT3354	1
NPT3357	1
NPT3358	2
NPT3359	1
NPT3362	1
NPT3363	1
NPT3364	1
NPT3365	3
NPT3366	4
NPT3367	1
NPT3368	1
NPT3369	3
NPT3370	7
NPT3371	1
NPT3372	2
NPT3373	4
NPT3374	1
NPT3376	5
NPT3378	1
NPT3380	1
NPT3381	3
NPT3382	1
NPT3384	1
NPT3386	2
NPT3388	2
NPT3389	1
NPT3390	1
NPT3391	1
NPT3392	1
NPT3394	1
NPT3395	1
NPT3396	2
NPT3398	1
NPT3399	5
NPT3406	1
NPT3407	1
NPT3409	2
NPT3410	1
NPT3411	1
NPT3412	1
NPT3413	1
NPT3414	2
NPT3416	1
NPT3417	2
NPT3418	1
NPT3419	1
NPT3422	1
NPT3423	1
NPT3425	3
NPT3426	1
NPT3427	1
NPT3429	1
NPT3431	3
NPT3432	3
NPT3434	1
NPT3438	1
NPT3439	4
NPT3440	1
NPT3441	2
NPT3442	3
NPT3443	1
NPT3444	2
NPT3445	1
NPT3446	1
NPT3447	1
NPT3448	2
NPT3451	1
NPT3454	1
NPT3455	1
NPT3456	3
NPT3457	2
NPT3458	1
NPT3459	1
NPT346	49
NPT3460	4
NPT3461	1
NPT3462	1
NPT3504	16
NPT3505	6
NPT3506	4
NPT3507	10
NPT3517	10
NPT3537	1
NPT3549	3
NPT3568	1
NPT3569	6
NPT3579	3
NPT3580	1
NPT3583	1
NPT3585	1
NPT3595	6
NPT36	16
NPT3604	2
NPT366	12
NPT37	1
NPT3708	2
NPT3711	1
NPT3712	2
NPT3713	2
NPT3714	2
NPT3715	2
NPT3716	2
NPT3720	2
NPT3727	1
NPT3728	4
NPT3731	2
NPT3732	3
NPT3735	1
NPT3737	2
NPT3741	3
NPT3742	3
NPT3743	3
NPT3744	2
NPT3745	3
NPT3746	2
NPT3757	4
NPT3758	2
NPT3783	5
NPT3797	1
NPT38	40
NPT3803	1
NPT3812	3
NPT3820	5
NPT3825	2
NPT3826	4
NPT3827	1
NPT3829	3
NPT3835	2
NPT3838	2
NPT3839	5
NPT3840	1
NPT3896	1
NPT3898	1
NPT3899	1
NPT3903	1
NPT3904	5
NPT3910	1
NPT3914	1
NPT3938	4
NPT3953	7
NPT3960	5
NPT3962	1
NPT3969	2
NPT3970	1
NPT3971	4
NPT3973	2
NPT3974	6
NPT3997	5
NPT4001	2
NPT4003	4
NPT4011	1
NPT4015	5
NPT4016	2
NPT4018	1
NPT4023	3
NPT4030	4
NPT4031	1
NPT4034	6
NPT4036	5
NPT4037	10
NPT4046	6
NPT4047	4
NPT4054	1
NPT4059	7
NPT4088	3
NPT4093	3
NPT4096	1
NPT41	68
NPT410	20
NPT4104	1
NPT4106	1
NPT4109	1
NPT4110	3
NPT4115	1
NPT4119	1
NPT4120	4
NPT4146	1
NPT4147	1
NPT4161	2
NPT4163	5
NPT4166	4
NPT4169	2
NPT4170	2
NPT4171	1
NPT4175	1
NPT4181	1
NPT4185	1
NPT42	5
NPT4218	4
NPT4219	2
NPT424	2
NPT4245	4
NPT4248	3
NPT425	6
NPT4252	4
NPT426	9
NPT4266	1
NPT4274	1
NPT4309	3
NPT4324	3
NPT4342	1
NPT4355	2
NPT4358	3
NPT4371	2
NPT4380	1
NPT439	70
NPT4407	2
NPT4409	1
NPT441	70
NPT4418	2
NPT443	1
NPT4441	1
NPT4445	1
NPT4447	1
NPT4448	1
NPT4449	1
NPT45	58
NPT4505	1
NPT4506	2
NPT4519	1
NPT4542	1
NPT4545	1
NPT4546	1
NPT4559	1
NPT4562	2
NPT4563	3
NPT4565	2
NPT4566	1
NPT4567	1
NPT4576	3
NPT4581	10
NPT4582	2
NPT46	72
NPT4627	1
NPT4674	5
NPT4675	4
NPT4684	1
NPT469	5
NPT4698	1
NPT4699	1
NPT47	131
NPT4712	1
NPT4717	7
NPT472	27
NPT4729	1
NPT4734	2
NPT4735	5
NPT4736	9
NPT476	2
NPT4762	1
NPT477	1
NPT4786	1
NPT4787	1
NPT48	356
NPT483	315
NPT4848	2
NPT4884	3
NPT4886	1
NPT4897	3
NPT49	49
NPT4904	1
NPT4907	4
NPT491	11
NPT4918	1
NPT4920	1
NPT4947	1
NPT4948	1
NPT4954	1
NPT4961	1
NPT497	13
NPT498	2
NPT499	1
NPT4999	2
NPT5	2
NPT50	227
NPT5009	3
NPT501	37
NPT5011	1
NPT5013	1
NPT5015	1
NPT502	2
NPT5020	1
NPT503	10
NPT5033	1
NPT5047	1
NPT505	1
NPT5051	1
NPT5052	2
NPT5071	1
NPT5075	1
NPT5079	1
NPT5080	1
NPT5085	1
NPT5086	1
NPT5087	1
NPT51	364
NPT510	1
NPT5100	3
NPT5104	1
NPT5105	1
NPT5106	2
NPT5108	1
NPT511	3
NPT512	1
NPT513	6
NPT5136	2
NPT514	6
NPT5152	1
NPT5155	2
NPT516	2
NPT5199	2
NPT52	31
NPT5212	1
NPT5220	1
NPT5232	1
NPT5234	2
NPT5235	2
NPT5236	2
NPT524	46
NPT525	5
NPT5256	1
NPT5259	3
NPT5270	3
NPT5282	1
NPT5283	2
NPT5284	1
NPT5301	1
NPT5318	1
NPT532	3
NPT537	109
NPT5373	3
NPT5374	1
NPT538	99
NPT5386	2
NPT539	138
NPT540	36
NPT5403	2
NPT5406	3
NPT541	5
NPT542	7
NPT543	23
NPT5446	1
NPT545	5
NPT5454	1
NPT5457	1
NPT5458	1
NPT5459	1
NPT546	11
NPT5463	2
NPT5467	1
NPT5472	1
NPT5493	1
NPT5559	1
NPT5640	1
NPT5645	2
NPT5646	3
NPT5648	2
NPT5649	2
NPT5655	1
NPT567	11
NPT568	29
NPT5682	1
NPT5689	1
NPT569	2
NPT5690	1
NPT5691	1
NPT57	34
NPT570	82
NPT5718	1
NPT5731	2
NPT5790	1
NPT58	122
NPT5802	3
NPT582	62
NPT5825	1
NPT5830	1
NPT5836	2
NPT584	5
NPT5847	2
NPT5849	1
NPT585	3
NPT5859	1
NPT5871	1
NPT5876	1
NPT5879	1
NPT588	9
NPT5886	2
NPT5887	1
NPT5891	3
NPT59	152
NPT591	23
NPT592	3
NPT5968	1
NPT5976	2
NPT598	1
NPT5980	1
NPT5981	4
NPT5983	4
NPT599	1
NPT60	102
NPT601	9
NPT604	5
NPT606	2
NPT6069	1
NPT607	4
NPT6080	1
NPT6098	1
NPT61	8
NPT6105	1
NPT612	11
NPT6124	1
NPT6127	1
NPT613	23
NPT6140	1
NPT6141	1
NPT6142	1
NPT6186	1
NPT6188	1
NPT620	2
NPT6213	1
NPT622	8
NPT6226	1
NPT6230	1
NPT6245	1
NPT6255	1
NPT627	12
NPT628	16
NPT63	1
NPT6327	1
NPT6363	1
NPT6365	1
NPT640	11
NPT6402	1
NPT641	11
NPT644	3
NPT6441	1
NPT645	9
NPT646	4
NPT647	3
NPT6507	1
NPT6508	1
NPT6510	1
NPT6513	1
NPT6515	1
NPT6527	1
NPT6540	1
NPT6544	2
NPT6574	1
NPT6588	1
NPT6625	1
NPT6631	2
NPT665	17
NPT668	79
NPT669	18
NPT670	21
NPT674	6
NPT675	5
NPT676	4
NPT677	18
NPT684	9
NPT685	6
NPT686	3
NPT687	6
NPT688	1
NPT689	1
NPT69	9
NPT690	1
NPT691	1
NPT692	3
NPT695	1
NPT697	2
NPT699	4
NPT702	2
NPT703	3
NPT707	2
NPT713	65
NPT72	32
NPT721	21
NPT728	12
NPT73	32
NPT74	8
NPT740	68
NPT741	46
NPT745	14
NPT748	5
NPT754	2
NPT755	5
NPT760	7
NPT761	7
NPT77	17
NPT78	61
NPT792	159
NPT796	60
NPT798	8
NPT8	1
NPT801	10
NPT802	11
NPT808	3
NPT810	3
NPT811	2
NPT817	3
NPT831	7
NPT832	2
NPT833	4
NPT861	6
NPT862	46
NPT864	64
NPT865	25
NPT866	31
NPT867	9
NPT868	1
NPT869	9
NPT870	11
NPT874	1
NPT876	5
NPT880	6
NPT881	9
NPT887	8
NPT888	2
NPT894	11
NPT895	5
NPT9	1
NPT901	17
NPT903	3
NPT905	3
NPT907	2
NPT910	3
NPT911	12
NPT912	3
NPT918	18
NPT92	36
NPT920	36
NPT93	189
NPT935	4
NPT94	473
NPT940	43
NPT942	6
NPT946	1
NPT947	92
NPT948	85
NPT949	98
NPT954	47
NPT955	86
NPT956	41
NPT958	9
NPT96	49
NPT967	56
NPT973	3
NPT974	3
NPT976	4
NPT979	6
NPT98	44
NPT980	11
NPT981	6
NPT982	2
NPT987	5
NPT988	1
NPT99	53
