n_supporting_molecules	n_targets
1	389
2	167
3	131
4	81
5	60
6	30
7	25
8	13
9	29
10	17
11	19
12	9
13	3
14	4
15	2
16	8
17	10
18	5
19	3
20	6
21	8
22	2
23	7
24	4
25	5
26	3
27	3
28	2
29	5
30	1
31	2
32	4
33	1
34	2
35	2
36	4
37	1
38	1
39	1
40	2
41	3
43	1
44	2
46	3
47	1
49	3
50	1
52	2
53	1
55	1
56	2
58	1
60	3
61	2
62	1
64	1
65	1
68	2
70	2
71	1
72	1
74	1
75	1
79	1
82	1
85	1
86	2
92	1
98	2
99	1
101	1
102	1
109	1
111	1
122	1
131	1
135	1
138	2
152	1
154	1
159	1
174	1
189	1
199	2
224	1
227	1
231	1
234	1
315	1
337	1
356	1
364	1
430	1
473	1
