Ingredient_ID	n_unique_targets
NPC100039	1
NPC100067	1
NPC100079	29
NPC100329	6
NPC100551	22
NPC100697	1
NPC100734	10
NPC100742	1
NPC1008	1
NPC100809	1
NPC100887	11
NPC100898	2
NPC100925	2
NPC100971	1
NPC100980	14
NPC100986	3
NPC100998	1
NPC101139	3
NPC101294	1
NPC101307	3
NPC101475	3
NPC101670	1
NPC101793	1
NPC101830	2
NPC102167	2
NPC102338	4
NPC10251	4
NPC10262	2
NPC102683	1
NPC102686	3
NPC102810	8
NPC102843	3
NPC10286	3
NPC103001	2
NPC103213	4
NPC103342	7
NPC103488	1
NPC103540	11
NPC103712	1
NPC104222	3
NPC104677	2
NPC104796	3
NPC104983	1
NPC105213	1
NPC105329	1
NPC105511	2
NPC105513	3
NPC105584	1
NPC105648	6
NPC105727	47
NPC105942	1
NPC106334	9
NPC10636	2
NPC106526	1
NPC106551	1
NPC106791	1
NPC106937	3
NPC106944	2
NPC106976	1
NPC107101	1
NPC107135	3
NPC107177	1
NPC107482	2
NPC1075	5
NPC107522	1
NPC107572	3
NPC107672	1
NPC10781	4
NPC108191	1
NPC1082	2
NPC108218	1
NPC108288	22
NPC108406	1
NPC10842	1
NPC108434	5
NPC108455	1
NPC108456	1
NPC108553	1
NPC108606	2
NPC108800	6
NPC108811	1
NPC108957	4
NPC109083	61
NPC10915	1
NPC109151	1
NPC10926	1
NPC109322	2
NPC10937	1
NPC109637	8
NPC109713	1
NPC109813	1
NPC10990	1
NPC109955	1
NPC110067	2
NPC110072	2
NPC110126	7
NPC110136	5
NPC110158	1
NPC110234	1
NPC110303	1
NPC110396	8
NPC110416	4
NPC110496	1
NPC110500	4
NPC110533	1
NPC110641	1
NPC110704	1
NPC110764	4
NPC110882	2
NPC110899	11
NPC110969	1
NPC111088	8
NPC111112	4
NPC111132	7
NPC111201	3
NPC111234	1
NPC111323	1
NPC111485	1
NPC11150	2
NPC111602	1
NPC11173	2
NPC111786	1
NPC111888	2
NPC112009	1
NPC112224	9
NPC112454	7
NPC11250	1
NPC112552	3
NPC112609	1
NPC112676	1
NPC112701	2
NPC112789	2
NPC112890	1
NPC112937	3
NPC112954	1
NPC113089	1
NPC113455	2
NPC113670	2
NPC113733	1
NPC113836	1
NPC113989	2
NPC114159	1
NPC114179	1
NPC114209	1
NPC114270	1
NPC114325	4
NPC11433	3
NPC114365	3
NPC114517	3
NPC114586	1
NPC114682	15
NPC114791	2
NPC114891	2
NPC115159	12
NPC115207	2
NPC115284	3
NPC115335	1
NPC115674	1
NPC115760	1
NPC115906	4
NPC116007	1
NPC116125	2
NPC116146	1
NPC116229	2
NPC116366	3
NPC116377	1
NPC116458	1
NPC116632	7
NPC116709	2
NPC116775	48
NPC116850	1
NPC116961	32
NPC117032	4
NPC117048	1
NPC117237	2
NPC117445	2
NPC117450	1
NPC117572	8
NPC117579	1
NPC117713	1
NPC118114	1
NPC118154	1
NPC118162	1
NPC118275	1
NPC118288	1
NPC118343	3
NPC118522	10
NPC118633	3
NPC118683	4
NPC118832	5
NPC118919	1
NPC118940	1
NPC119036	1
NPC119094	1
NPC119133	3
NPC119209	1
NPC119224	8
NPC119271	1
NPC119368	1
NPC119631	1
NPC119655	3
NPC119818	4
NPC119914	1
NPC119949	3
NPC120021	1
NPC120066	3
NPC120075	2
NPC120097	1
NPC120099	1
NPC120163	4
NPC120167	1
NPC12022	10
NPC120225	1
NPC120239	2
NPC120464	1
NPC120537	5
NPC120671	8
NPC120840	1
NPC121259	4
NPC121510	1
NPC121517	1
NPC121522	2
NPC121649	1
NPC121910	1
NPC122365	1
NPC122436	1
NPC122471	1
NPC122493	1
NPC122504	1
NPC12278	1
NPC122793	1
NPC123127	6
NPC123273	16
NPC123526	3
NPC12377	7
NPC123948	4
NPC123965	1
NPC12402	5
NPC124289	2
NPC124302	4
NPC124384	1
NPC124436	1
NPC124478	2
NPC124512	2
NPC12452	1
NPC124576	2
NPC124657	1
NPC124802	1
NPC125039	12
NPC125062	8
NPC125106	1
NPC125306	2
NPC125416	26
NPC125417	1
NPC125449	2
NPC125506	1
NPC125575	1
NPC125578	1
NPC125579	4
NPC125732	8
NPC125828	1
NPC125855	1
NPC126029	11
NPC126293	1
NPC12640	2
NPC12649	1
NPC126519	1
NPC126664	2
NPC126681	4
NPC126759	1
NPC126925	1
NPC127059	1
NPC12714	1
NPC127326	2
NPC127447	6
NPC127546	4
NPC127624	1
NPC127689	1
NPC12774	1
NPC127824	1
NPC127937	1
NPC128019	1
NPC128208	1
NPC128216	10
NPC128248	4
NPC128335	1
NPC128350	1
NPC128428	1
NPC128496	2
NPC128529	1
NPC128713	1
NPC128816	1
NPC128825	2
NPC129217	1
NPC129533	11
NPC129687	3
NPC129889	1
NPC129909	31
NPC129976	1
NPC13007	1
NPC130193	3
NPC130209	1
NPC130230	13
NPC130398	1
NPC130520	2
NPC130577	2
NPC13067	7
NPC130899	1
NPC130931	2
NPC131039	1
NPC131185	1
NPC131192	6
NPC131450	1
NPC131530	12
NPC131568	1
NPC131587	3
NPC131623	2
NPC131624	2
NPC131665	1
NPC131684	1
NPC131885	3
NPC131981	3
NPC132304	4
NPC132307	2
NPC13249	1
NPC132669	2
NPC132847	2
NPC132858	2
NPC133003	8
NPC133140	16
NPC133156	1
NPC133162	34
NPC133183	3
NPC133600	1
NPC133671	6
NPC133758	2
NPC133771	2
NPC133792	1
NPC133809	1
NPC133817	1
NPC133836	1
NPC134047	6
NPC13408	1
NPC13426	1
NPC134360	1
NPC134532	3
NPC134570	2
NPC134584	2
NPC134693	1
NPC13470	7
NPC134764	3
NPC134825	1
NPC134975	2
NPC13504	7
NPC135325	1
NPC135334	2
NPC135391	1
NPC135433	2
NPC135488	2
NPC135539	1
NPC13554	1
NPC135601	3
NPC135639	2
NPC135730	1
NPC13575	4
NPC135961	3
NPC136014	1
NPC136091	3
NPC136112	6
NPC136330	15
NPC136349	4
NPC136508	6
NPC136699	1
NPC136826	1
NPC13696	7
NPC137050	1
NPC137096	8
NPC137232	1
NPC137396	1
NPC137419	2
NPC137537	1
NPC137554	1
NPC137567	1
NPC13768	6
NPC137705	2
NPC137847	1
NPC137922	3
NPC137949	23
NPC137958	22
NPC138056	1
NPC138113	1
NPC13818	5
NPC13826	8
NPC138299	17
NPC138370	1
NPC138487	5
NPC13879	5
NPC138865	1
NPC138927	2
NPC138942	2
NPC138978	8
NPC139085	2
NPC139397	12
NPC139416	3
NPC139548	8
NPC139658	2
NPC139813	8
NPC139867	1
NPC139876	1
NPC139891	15
NPC13991	2
NPC14005	3
NPC14030	3
NPC140300	1
NPC140840	31
NPC140872	1
NPC141068	4
NPC141331	1
NPC141353	5
NPC141481	1
NPC141523	1
NPC141574	1
NPC141612	1
NPC141739	4
NPC141765	2
NPC141782	1
NPC141791	15
NPC141953	1
NPC142308	2
NPC142319	1
NPC142330	3
NPC142339	6
NPC14234	2
NPC142361	1
NPC142415	20
NPC142754	2
NPC142860	4
NPC142956	1
NPC143022	4
NPC143168	19
NPC14330	1
NPC143402	7
NPC14353	4
NPC143649	1
NPC143799	1
NPC143809	1
NPC143896	1
NPC144258	9
NPC144288	1
NPC144407	1
NPC144557	3
NPC14468	2
NPC144682	5
NPC144939	5
NPC144956	5
NPC144995	1
NPC145032	2
NPC145038	5
NPC145045	1
NPC145047	1
NPC145052	3
NPC145235	2
NPC145304	3
NPC145638	1
NPC145885	2
NPC145888	10
NPC14622	1
NPC146289	1
NPC146316	1
NPC146355	1
NPC146373	4
NPC146422	25
NPC146703	12
NPC146976	7
NPC147000	12
NPC147030	5
NPC147062	1
NPC147212	1
NPC147310	1
NPC147363	1
NPC147418	19
NPC147513	2
NPC147654	1
NPC147686	2
NPC147824	2
NPC147957	1
NPC147983	9
NPC148014	3
NPC148183	9
NPC148216	2
NPC148391	1
NPC148414	1
NPC148523	5
NPC148757	1
NPC148835	5
NPC148893	1
NPC148938	1
NPC148964	1
NPC149155	4
NPC149184	4
NPC149209	4
NPC149300	17
NPC149389	1
NPC149436	2
NPC149545	3
NPC149571	47
NPC14958	1
NPC149618	3
NPC150026	2
NPC150048	1
NPC150164	1
NPC1502	3
NPC150323	2
NPC150408	1
NPC150506	2
NPC150592	2
NPC150648	1
NPC150680	1
NPC150809	1
NPC150837	1
NPC150908	8
NPC150928	3
NPC150950	2
NPC150978	10
NPC151004	2
NPC15109	1
NPC151113	4
NPC151214	5
NPC15130	1
NPC151781	6
NPC152152	2
NPC152301	1
NPC152451	1
NPC152684	1
NPC1527	1
NPC152718	2
NPC152771	4
NPC152942	3
NPC153007	2
NPC153095	1
NPC153556	1
NPC153580	1
NPC153783	3
NPC153979	1
NPC154176	6
NPC154245	5
NPC154256	4
NPC154728	1
NPC154922	2
NPC154962	1
NPC155087	3
NPC155144	5
NPC15566	6
NPC155763	7
NPC155882	6
NPC155900	2
NPC155986	5
NPC156018	3
NPC156021	8
NPC156092	1
NPC156222	6
NPC156313	3
NPC156432	2
NPC156457	2
NPC156461	18
NPC15658	1
NPC156590	5
NPC156654	13
NPC156840	1
NPC156955	1
NPC157212	1
NPC157284	4
NPC157338	2
NPC157340	2
NPC157479	2
NPC157497	1
NPC157522	2
NPC157727	1
NPC157781	2
NPC157931	15
NPC157944	4
NPC158020	1
NPC158028	3
NPC158059	1
NPC158088	2
NPC158157	1
NPC158179	13
NPC158222	1
NPC158285	1
NPC158329	6
NPC158526	2
NPC15864	2
NPC158654	7
NPC158707	1
NPC158737	1
NPC158853	3
NPC158949	1
NPC158994	1
NPC159046	1
NPC1591	7
NPC159188	1
NPC159508	1
NPC159579	1
NPC159589	1
NPC159815	2
NPC159866	2
NPC160100	2
NPC160113	2
NPC160179	1
NPC160193	4
NPC16031	13
NPC160380	3
NPC160512	11
NPC160548	1
NPC160661	3
NPC160854	1
NPC160900	49
NPC160931	1
NPC160951	5
NPC160972	7
NPC16107	3
NPC161187	1
NPC1612	1
NPC161423	16
NPC161557	2
NPC161571	67
NPC161593	13
NPC161659	2
NPC161749	4
NPC161768	3
NPC161928	1
NPC16194	1
NPC161957	6
NPC162045	3
NPC162071	1
NPC162169	1
NPC162268	4
NPC162484	1
NPC162547	1
NPC162612	2
NPC162620	2
NPC162939	3
NPC163029	1
NPC163076	6
NPC163099	6
NPC163200	1
NPC163398	4
NPC163524	1
NPC163556	2
NPC163557	1
NPC163707	2
NPC163751	1
NPC163846	1
NPC163984	1
NPC164269	1
NPC164272	1
NPC164340	1
NPC164386	1
NPC164514	1
NPC16452	6
NPC164646	1
NPC164664	7
NPC164697	6
NPC164778	13
NPC164802	1
NPC164804	3
NPC164859	2
NPC164894	2
NPC165133	1
NPC165204	1
NPC165212	1
NPC165386	1
NPC165396	2
NPC165549	9
NPC165711	1
NPC16577	6
NPC165770	2
NPC165846	1
NPC166036	1
NPC166287	9
NPC166424	3
NPC166458	1
NPC166689	1
NPC166788	2
NPC166791	1
NPC166851	1
NPC166858	3
NPC166884	1
NPC166934	1
NPC167096	3
NPC167323	2
NPC167383	1
NPC167400	8
NPC167479	2
NPC167546	8
NPC167571	1
NPC167576	5
NPC167944	6
NPC167986	2
NPC168105	2
NPC168409	1
NPC168579	2
NPC168657	1
NPC168799	6
NPC168829	7
NPC169050	3
NPC169056	1
NPC169089	2
NPC169162	1
NPC169207	15
NPC169250	1
NPC16935	1
NPC169433	1
NPC16947	1
NPC169471	1
NPC169479	2
NPC169485	1
NPC169510	3
NPC169591	4
NPC169749	60
NPC170018	6
NPC170026	1
NPC170103	3
NPC170172	2
NPC170303	1
NPC170333	1
NPC17042	1
NPC170475	1
NPC170739	1
NPC170749	4
NPC170812	7
NPC171116	1
NPC171171	2
NPC171188	2
NPC171426	5
NPC17170	1
NPC171713	1
NPC171736	3
NPC171850	1
NPC171882	1
NPC171905	7
NPC171916	1
NPC172053	1
NPC172064	1
NPC172066	1
NPC172250	1
NPC172262	11
NPC172361	2
NPC17244	2
NPC172676	1
NPC17273	1
NPC172770	2
NPC172925	1
NPC173019	1
NPC173149	1
NPC173295	3
NPC173343	1
NPC173350	1
NPC173555	13
NPC173637	6
NPC173991	6
NPC173996	1
NPC174086	1
NPC174099	1
NPC174246	2
NPC174304	2
NPC174367	1
NPC174421	1
NPC174447	1
NPC174486	1
NPC174783	3
NPC174802	17
NPC175013	14
NPC175159	5
NPC17525	1
NPC175342	1
NPC175852	1
NPC175899	1
NPC176309	2
NPC176500	1
NPC176740	13
NPC176775	2
NPC176814	6
NPC176930	2
NPC177013	1
NPC177281	9
NPC177940	1
NPC177996	2
NPC178014	1
NPC17810	5
NPC178134	77
NPC178202	1
NPC178263	2
NPC178290	1
NPC178306	2
NPC178382	1
NPC178383	4
NPC17848	2
NPC178902	1
NPC17892	1
NPC179015	1
NPC179092	6
NPC179198	1
NPC179271	3
NPC179464	7
NPC179704	1
NPC179787	14
NPC179860	1
NPC179950	13
NPC180006	14
NPC180204	1
NPC180261	1
NPC180493	1
NPC180504	3
NPC180508	15
NPC180534	3
NPC180662	1
NPC180756	1
NPC180862	3
NPC180871	1
NPC180872	3
NPC180905	2
NPC181153	1
NPC181209	2
NPC181225	3
NPC181390	2
NPC181464	1
NPC181465	1
NPC181510	1
NPC181516	1
NPC181588	1
NPC181594	7
NPC181653	2
NPC181718	2
NPC181786	3
NPC181796	1
NPC18188	14
NPC18205	1
NPC18223	2
NPC18224	1
NPC182257	1
NPC182570	11
NPC18259	2
NPC18260	1
NPC182606	2
NPC182646	6
NPC18297	1
NPC183307	1
NPC18335	3
NPC183655	7
NPC18380	1
NPC183845	3
NPC183950	8
NPC184006	2
NPC184014	4
NPC18402	1
NPC184026	6
NPC184150	1
NPC184203	5
NPC184326	1
NPC18433	1
NPC18457	2
NPC184579	4
NPC184593	1
NPC184641	1
NPC184658	2
NPC184964	5
NPC18509	10
NPC185258	2
NPC185392	1
NPC185498	8
NPC185607	3
NPC185634	2
NPC185639	1
NPC185680	2
NPC185738	1
NPC185838	4
NPC185903	3
NPC185908	1
NPC185936	4
NPC185991	10
NPC186098	4
NPC186385	1
NPC186686	1
NPC187022	8
NPC187095	2
NPC187145	16
NPC187282	1
NPC187398	1
NPC187432	19
NPC187770	2
NPC187913	7
NPC187993	1
NPC188010	2
NPC188104	1
NPC188163	2
NPC188231	1
NPC188327	1
NPC188341	6
NPC188380	6
NPC188433	3
NPC188646	6
NPC188814	1
NPC188844	1
NPC188867	1
NPC188871	2
NPC188895	1
NPC188947	1
NPC189087	3
NPC189142	2
NPC189248	1
NPC189266	6
NPC189314	8
NPC189470	1
NPC189588	6
NPC189689	1
NPC18982	1
NPC189823	1
NPC189844	4
NPC190043	1
NPC190117	1
NPC190184	4
NPC190204	1
NPC190217	1
NPC190296	6
NPC19044	1
NPC190442	1
NPC190454	2
NPC190461	20
NPC190501	18
NPC190572	5
NPC190753	1
NPC190817	1
NPC190931	2
NPC190945	42
NPC191104	11
NPC191136	1
NPC191146	1
NPC191194	2
NPC191310	10
NPC191337	2
NPC191444	4
NPC19149	1
NPC191693	1
NPC19174	25
NPC191768	1
NPC191774	11
NPC192040	1
NPC192065	1
NPC19240	4
NPC19241	2
NPC192521	5
NPC192533	9
NPC19256	1
NPC192577	1
NPC192638	4
NPC192686	1
NPC192744	4
NPC192831	1
NPC193238	1
NPC193471	1
NPC193484	5
NPC193536	17
NPC193578	2
NPC193666	2
NPC193805	4
NPC193881	1
NPC193949	4
NPC193976	2
NPC194040	1
NPC194277	1
NPC194432	1
NPC194465	1
NPC194562	13
NPC194593	2
NPC194764	3
NPC194856	4
NPC194857	2
NPC195140	1
NPC195268	29
NPC195343	5
NPC195448	1
NPC19545	3
NPC195461	6
NPC19576	1
NPC195763	8
NPC195785	1
NPC195788	8
NPC195796	2
NPC196034	1
NPC196179	1
NPC19622	2
NPC196231	1
NPC196277	1
NPC196359	1
NPC196420	1
NPC196447	6
NPC196449	21
NPC196753	1
NPC196937	1
NPC196976	1
NPC197087	4
NPC19721	1
NPC197239	10
NPC197316	2
NPC197381	7
NPC197425	9
NPC197596	1
NPC197896	5
NPC198154	1
NPC19841	1
NPC19890	6
NPC198988	1
NPC199023	1
NPC199072	1
NPC199100	1
NPC199106	1
NPC199357	1
NPC199463	1
NPC199851	2
NPC200060	4
NPC200085	2
NPC200237	1
NPC200333	1
NPC200412	1
NPC200694	1
NPC200740	2
NPC200745	1
NPC200761	1
NPC200772	1
NPC200845	6
NPC201055	5
NPC201404	1
NPC201419	1
NPC201547	2
NPC201562	1
NPC201658	1
NPC201662	4
NPC201667	1
NPC201728	2
NPC201731	14
NPC201777	6
NPC201814	1
NPC201844	7
NPC202146	5
NPC20235	1
NPC202389	1
NPC202433	1
NPC202474	2
NPC202605	1
NPC202651	1
NPC202666	4
NPC202768	8
NPC202771	8
NPC202839	1
NPC20287	8
NPC203005	1
NPC203063	2
NPC203076	5
NPC203077	1
NPC203259	1
NPC203468	13
NPC203719	6
NPC203891	3
NPC20404	2
NPC204210	2
NPC204251	1
NPC204450	1
NPC204617	1
NPC204709	2
NPC204717	3
NPC204828	1
NPC204867	2
NPC204932	38
NPC204985	3
NPC205034	1
NPC205046	1
NPC205167	1
NPC205195	1
NPC205213	7
NPC205265	1
NPC20535	1
NPC205412	1
NPC205421	5
NPC205766	1
NPC205797	1
NPC2058	1
NPC205864	1
NPC205934	2
NPC206061	3
NPC206095	2
NPC20610	1
NPC206148	5
NPC206264	6
NPC206341	10
NPC206372	9
NPC206515	1
NPC206614	1
NPC206737	2
NPC206800	1
NPC206876	8
NPC206924	1
NPC206949	2
NPC207002	2
NPC207204	1
NPC207428	11
NPC207541	1
NPC207554	10
NPC207702	1
NPC207729	1
NPC207757	2
NPC207845	1
NPC20791	125
NPC208022	12
NPC208193	1
NPC208280	22
NPC208284	11
NPC20829	1
NPC208362	1
NPC208553	33
NPC208760	1
NPC208793	9
NPC2088	4
NPC208806	6
NPC208936	2
NPC20903	1
NPC209278	1
NPC209296	3
NPC209364	4
NPC209389	6
NPC209463	2
NPC209560	15
NPC209614	2
NPC209666	6
NPC209846	1
NPC209944	1
NPC209970	8
NPC210073	2
NPC210148	2
NPC210354	2
NPC210437	5
NPC210460	6
NPC210529	1
NPC210826	1
NPC21100	2
NPC211179	2
NPC211237	1
NPC211322	1
NPC21142	1
NPC21145	1
NPC211453	2
NPC211468	2
NPC211561	1
NPC21157	1
NPC211820	2
NPC21209	2
NPC21211	1
NPC212290	1
NPC212415	33
NPC212551	7
NPC212631	2
NPC212643	2
NPC212670	1
NPC212733	1
NPC212794	13
NPC212866	7
NPC212932	1
NPC213	7
NPC213052	1
NPC213058	1
NPC213178	3
NPC213197	5
NPC213216	8
NPC213222	8
NPC213552	10
NPC213570	2
NPC213603	3
NPC213608	1
NPC213761	2
NPC213896	4
NPC213936	1
NPC214036	13
NPC214067	2
NPC214166	1
NPC214289	1
NPC21429	23
NPC214553	1
NPC21461	1
NPC214610	4
NPC214629	1
NPC214702	2
NPC214919	1
NPC215008	10
NPC215474	1
NPC215519	2
NPC215584	42
NPC215711	2
NPC215932	2
NPC216092	7
NPC216122	3
NPC216130	1
NPC216159	1
NPC216318	17
NPC216361	38
NPC21638	4
NPC216420	1
NPC216459	6
NPC216496	1
NPC216630	9
NPC216826	1
NPC216921	3
NPC21696	1
NPC217052	4
NPC217083	3
NPC217176	1
NPC217226	1
NPC2173	1
NPC217574	1
NPC217602	1
NPC217635	1
NPC21773	1
NPC217748	2
NPC21781	2
NPC218161	4
NPC218303	1
NPC218357	2
NPC21848	1
NPC218530	10
NPC218614	1
NPC218753	2
NPC218866	1
NPC219143	3
NPC219246	1
NPC219313	1
NPC219330	1
NPC219848	1
NPC219867	2
NPC219876	15
NPC219913	2
NPC22005	1
NPC220062	4
NPC220140	4
NPC220217	1
NPC220221	1
NPC220313	2
NPC220498	2
NPC220540	2
NPC220547	1
NPC220582	1
NPC220596	1
NPC220765	21
NPC22079	9
NPC220825	5
NPC220922	2
NPC220974	1
NPC221046	1
NPC22105	1
NPC221144	1
NPC221231	1
NPC22130	7
NPC221383	1
NPC221432	2
NPC221758	3
NPC221777	1
NPC221792	1
NPC221868	1
NPC222078	1
NPC222185	1
NPC222327	1
NPC222341	1
NPC222342	2
NPC222534	19
NPC222689	1
NPC222713	2
NPC223004	6
NPC223125	3
NPC223169	1
NPC223336	3
NPC223354	6
NPC223386	1
NPC223393	1
NPC223424	1
NPC223451	2
NPC223468	2
NPC223476	1
NPC223548	1
NPC223616	1
NPC223812	4
NPC223988	1
NPC224165	2
NPC224270	1
NPC224273	1
NPC224389	4
NPC224475	1
NPC224543	1
NPC224632	4
NPC224651	3
NPC224652	1
NPC224774	2
NPC224814	6
NPC225049	1
NPC225312	1
NPC225434	1
NPC225464	4
NPC225539	2
NPC225585	1
NPC225710	30
NPC225731	1
NPC225884	1
NPC226066	8
NPC22611	1
NPC226143	3
NPC226226	2
NPC226250	2
NPC226265	3
NPC226331	3
NPC226453	6
NPC226509	2
NPC226547	2
NPC226578	1
NPC226644	1
NPC226699	3
NPC226712	1
NPC226794	2
NPC226809	2
NPC226855	6
NPC226941	19
NPC226944	1
NPC227579	1
NPC227622	6
NPC227683	1
NPC22774	4
NPC227814	1
NPC22783	8
NPC227841	16
NPC227986	1
NPC228343	25
NPC228383	1
NPC228400	2
NPC228504	2
NPC228644	6
NPC228661	2
NPC228785	22
NPC228940	1
NPC228978	1
NPC228994	1
NPC229046	1
NPC229113	13
NPC229147	3
NPC229235	4
NPC229281	1
NPC229387	1
NPC229415	1
NPC229477	1
NPC229505	1
NPC229649	1
NPC229804	1
NPC229871	1
NPC229976	1
NPC230002	1
NPC230068	2
NPC230085	1
NPC230087	1
NPC230151	1
NPC230301	3
NPC230677	2
NPC230713	2
NPC230775	6
NPC230942	8
NPC231013	2
NPC231063	2
NPC231149	9
NPC231254	1
NPC2314	1
NPC23155	2
NPC231607	1
NPC231710	1
NPC231772	25
NPC231884	7
NPC232178	3
NPC232247	2
NPC232311	1
NPC232340	1
NPC232533	5
NPC232654	2
NPC232692	6
NPC232727	29
NPC232924	4
NPC233108	4
NPC233118	10
NPC233224	1
NPC233267	7
NPC233282	1
NPC233380	1
NPC233455	15
NPC233650	1
NPC233780	2
NPC233791	1
NPC233827	1
NPC233836	1
NPC234053	9
NPC234078	1
NPC234084	3
NPC234109	6
NPC234133	1
NPC234196	3
NPC234255	1
NPC234306	1
NPC234333	1
NPC234536	7
NPC234560	33
NPC234644	1
NPC234822	3
NPC234952	2
NPC234956	1
NPC235059	6
NPC23508	3
NPC235165	2
NPC235190	2
NPC235217	1
NPC235239	1
NPC235289	1
NPC23559	8
NPC235767	1
NPC235797	3
NPC235900	4
NPC236176	1
NPC236189	1
NPC236202	1
NPC236347	24
NPC236522	1
NPC236637	3
NPC23667	1
NPC23668	1
NPC236709	2
NPC236769	3
NPC236795	1
NPC237044	2
NPC23717	1
NPC237202	1
NPC237208	1
NPC237435	3
NPC237503	1
NPC237812	2
NPC237901	4
NPC237946	12
NPC238023	2
NPC238279	1
NPC23837	6
NPC238419	1
NPC238530	2
NPC238629	17
NPC23870	6
NPC238861	10
NPC238937	1
NPC238992	1
NPC239185	2
NPC239312	41
NPC239854	2
NPC240084	6
NPC2401	1
NPC240108	3
NPC24019	15
NPC240431	1
NPC240593	1
NPC240664	1
NPC240684	1
NPC240722	1
NPC240841	1
NPC241089	8
NPC241165	6
NPC241290	1
NPC2413	1
NPC241349	2
NPC24136	1
NPC241392	3
NPC2414	2
NPC241498	10
NPC241838	4
NPC241846	1
NPC241854	1
NPC241875	2
NPC241879	1
NPC24193	1
NPC242136	1
NPC242294	1
NPC242372	1
NPC242580	3
NPC242692	2
NPC242885	5
NPC242893	3
NPC242895	30
NPC242930	6
NPC243083	5
NPC243171	1
NPC2432	3
NPC243272	2
NPC243319	3
NPC243475	2
NPC243483	4
NPC243509	6
NPC243532	2
NPC243635	1
NPC243677	4
NPC243728	1
NPC24394	1
NPC244246	2
NPC244256	1
NPC244293	1
NPC244336	2
NPC244364	1
NPC244441	1
NPC244495	2
NPC244509	2
NPC244738	6
NPC244799	9
NPC244888	1
NPC245027	2
NPC245187	2
NPC245223	2
NPC245244	3
NPC245531	7
NPC245896	8
NPC245966	1
NPC246162	15
NPC246214	1
NPC246358	1
NPC246597	1
NPC246679	5
NPC246693	15
NPC246708	1
NPC246903	3
NPC246904	2
NPC246943	2
NPC246956	1
NPC247060	1
NPC24748	1
NPC247553	20
NPC2476	6
NPC247779	3
NPC247871	1
NPC248007	1
NPC248041	1
NPC248102	1
NPC24824	2
NPC248355	1
NPC248573	20
NPC248884	4
NPC248944	2
NPC248956	1
NPC248970	9
NPC249067	4
NPC249435	1
NPC249606	2
NPC249797	8
NPC250266	10
NPC250361	2
NPC250432	4
NPC250436	36
NPC250769	2
NPC250822	2
NPC250834	4
NPC250999	22
NPC25110	1
NPC251336	1
NPC251407	2
NPC251779	1
NPC2518	4
NPC251866	1
NPC252067	1
NPC252107	1
NPC252154	1
NPC252281	2
NPC252433	1
NPC252603	12
NPC252860	1
NPC253423	3
NPC253429	1
NPC253574	1
NPC253616	2
NPC253645	1
NPC253662	2
NPC253703	15
NPC253746	7
NPC253810	1
NPC254010	2
NPC254240	3
NPC254275	1
NPC254449	1
NPC254482	2
NPC254610	2
NPC254659	1
NPC254698	2
NPC254847	35
NPC25496	1
NPC254994	2
NPC255042	3
NPC255073	1
NPC255253	4
NPC255345	6
NPC255387	1
NPC255550	15
NPC255566	2
NPC255607	1
NPC255615	1
NPC255801	1
NPC25581	8
NPC255817	11
NPC256042	1
NPC256188	1
NPC256406	1
NPC256463	3
NPC256838	8
NPC256849	17
NPC256853	3
NPC2569	3
NPC257003	2
NPC257025	3
NPC257097	1
NPC257124	8
NPC257182	2
NPC257188	17
NPC257236	17
NPC257390	1
NPC257424	1
NPC257490	1
NPC257582	1
NPC257682	1
NPC257756	1
NPC258046	4
NPC258048	1
NPC258096	3
NPC258469	1
NPC258630	2
NPC258773	1
NPC259134	4
NPC259182	8
NPC259252	1
NPC259347	1
NPC259512	3
NPC259545	1
NPC2596	4
NPC259665	1
NPC259767	2
NPC259788	1
NPC259957	1
NPC25998	1
NPC260000	1
NPC260491	5
NPC26051	2
NPC260582	1
NPC260842	2
NPC260909	7
NPC260977	5
NPC261012	19
NPC261063	1
NPC261181	1
NPC261195	1
NPC261351	1
NPC261411	1
NPC261453	1
NPC261484	1
NPC261548	7
NPC261619	1
NPC261759	1
NPC261831	16
NPC261935	1
NPC262253	8
NPC262359	10
NPC26244	9
NPC262635	8
NPC262671	1
NPC262926	2
NPC262962	2
NPC263065	2
NPC263382	2
NPC263386	33
NPC2634	9
NPC263548	3
NPC263670	1
NPC263676	3
NPC263977	1
NPC264005	2
NPC26413	4
NPC264145	9
NPC264166	15
NPC264192	3
NPC264196	3
NPC264293	10
NPC264317	7
NPC264391	4
NPC264400	1
NPC264477	1
NPC264779	1
NPC264938	17
NPC265051	1
NPC265181	1
NPC265480	1
NPC265547	15
NPC265557	1
NPC265605	4
NPC265624	2
NPC265789	2
NPC265885	5
NPC266113	1
NPC266116	7
NPC26617	5
NPC266176	1
NPC266347	2
NPC266572	1
NPC266597	6
NPC266689	4
NPC266743	1
NPC26697	3
NPC267340	2
NPC267375	4
NPC267509	1
NPC267552	1
NPC267627	5
NPC267691	4
NPC268032	1
NPC268238	3
NPC268342	3
NPC26850	3
NPC268503	1
NPC268533	1
NPC268718	2
NPC268763	1
NPC268829	1
NPC268917	1
NPC268922	1
NPC268927	1
NPC26906	1
NPC269166	1
NPC269206	1
NPC269451	1
NPC269492	1
NPC26960	1
NPC269677	1
NPC269800	2
NPC269823	2
NPC269877	9
NPC269919	4
NPC270030	1
NPC270094	15
NPC270465	1
NPC270620	3
NPC270768	3
NPC270796	6
NPC270883	1
NPC271208	2
NPC271215	1
NPC271270	1
NPC271282	1
NPC271385	2
NPC271440	3
NPC271614	1
NPC271732	1
NPC271755	1
NPC27208	12
NPC272396	1
NPC2724	2
NPC272426	7
NPC272614	2
NPC272721	1
NPC272732	1
NPC273023	2
NPC273033	3
NPC273037	16
NPC273330	4
NPC273410	1
NPC273538	1
NPC27359	1
NPC273657	1
NPC273709	2
NPC273758	9
NPC273932	1
NPC274046	1
NPC274079	1
NPC274121	5
NPC274356	3
NPC274443	10
NPC274455	14
NPC274499	1
NPC274550	1
NPC274721	9
NPC274784	3
NPC27501	1
NPC275053	12
NPC275055	2
NPC275462	1
NPC275627	2
NPC275727	1
NPC275766	1
NPC275780	2
NPC275839	2
NPC275903	1
NPC275960	15
NPC276014	4
NPC276061	1
NPC27633	8
NPC276332	1
NPC276377	2
NPC276409	4
NPC27643	1
NPC276506	1
NPC276588	3
NPC276661	4
NPC276905	1
NPC276928	2
NPC276930	1
NPC276944	1
NPC27699	1
NPC277021	10
NPC2771	18
NPC277174	4
NPC27723	1
NPC277475	2
NPC277510	22
NPC27765	2
NPC277704	4
NPC278010	4
NPC278028	3
NPC278068	1
NPC278102	2
NPC278175	16
NPC278308	9
NPC27836	2
NPC278419	1
NPC278427	1
NPC278525	1
NPC278552	2
NPC278556	5
NPC278758	3
NPC278778	2
NPC278787	2
NPC278799	1
NPC278821	1
NPC278877	2
NPC278968	1
NPC279026	4
NPC279118	1
NPC279121	71
NPC279209	3
NPC279401	2
NPC279406	2
NPC279463	1
NPC279666	3
NPC279916	2
NPC280026	18
NPC280135	3
NPC280254	13
NPC280606	2
NPC280664	1
NPC280807	17
NPC280869	1
NPC280945	1
NPC281014	1
NPC281020	5
NPC281094	1
NPC281104	5
NPC281131	9
NPC281356	3
NPC281398	21
NPC281521	1
NPC281558	1
NPC281604	1
NPC28169	1
NPC281883	2
NPC281972	1
NPC281986	7
NPC282009	1
NPC282267	1
NPC282294	18
NPC282300	1
NPC282307	14
NPC282454	1
NPC28280	3
NPC282895	2
NPC282923	11
NPC283130	1
NPC283245	1
NPC28337	3
NPC283468	3
NPC283655	1
NPC283682	1
NPC283823	1
NPC283908	2
NPC283949	1
NPC28425	5
NPC284409	1
NPC284424	1
NPC284472	1
NPC284475	3
NPC284685	1
NPC284810	3
NPC284820	1
NPC28510	3
NPC285254	1
NPC285322	1
NPC285364	1
NPC285394	3
NPC285480	1
NPC285555	1
NPC285635	8
NPC285659	1
NPC285716	2
NPC285773	1
NPC285776	9
NPC285829	26
NPC285923	2
NPC285973	5
NPC286006	3
NPC286233	1
NPC286342	9
NPC28657	3
NPC286608	1
NPC286641	4
NPC287063	1
NPC287105	1
NPC287118	1
NPC287152	2
NPC287182	3
NPC287231	1
NPC287328	1
NPC287331	6
NPC287597	2
NPC287638	2
NPC287789	5
NPC287876	2
NPC287895	3
NPC288089	23
NPC288240	10
NPC288349	1
NPC288350	3
NPC288411	8
NPC288430	1
NPC288813	1
NPC288838	3
NPC288840	10
NPC288943	1
NPC289004	2
NPC289086	1
NPC289322	4
NPC289358	2
NPC289388	1
NPC289432	14
NPC289459	8
NPC28959	1
NPC289660	1
NPC289702	6
NPC289758	1
NPC289769	2
NPC289774	1
NPC289883	1
NPC289955	1
NPC289979	6
NPC290005	5
NPC290030	1
NPC290106	1
NPC290160	1
NPC290466	1
NPC2905	1
NPC290515	1
NPC290550	11
NPC290563	4
NPC290566	3
NPC290605	5
NPC290803	2
NPC290830	1
NPC290971	6
NPC291027	1
NPC291066	3
NPC291158	1
NPC291305	7
NPC291389	16
NPC291426	1
NPC291449	2
NPC291454	2
NPC291508	1
NPC291638	1
NPC291746	1
NPC291789	1
NPC291799	1
NPC291878	1
NPC291957	1
NPC292133	1
NPC292213	1
NPC292233	1
NPC292265	9
NPC29231	1
NPC292366	3
NPC292452	11
NPC292758	3
NPC292792	4
NPC292803	2
NPC292998	4
NPC293053	1
NPC293163	1
NPC293183	2
NPC293255	3
NPC293378	3
NPC293454	9
NPC293551	4
NPC293624	1
NPC293641	1
NPC293757	1
NPC293799	5
NPC293871	1
NPC294193	1
NPC294226	17
NPC294249	2
NPC294304	1
NPC294409	28
NPC294548	22
NPC294703	1
NPC294830	1
NPC294852	8
NPC294858	1
NPC294883	2
NPC294902	39
NPC294909	12
NPC294941	7
NPC294965	1
NPC295021	1
NPC295110	4
NPC295204	6
NPC295261	2
NPC295317	2
NPC29536	1
NPC295608	1
NPC295643	2
NPC295691	4
NPC295898	1
NPC295941	2
NPC29599	2
NPC29601	1
NPC296030	1
NPC296163	1
NPC296377	5
NPC296482	19
NPC296490	2
NPC296540	1
NPC296697	1
NPC296742	1
NPC296915	1
NPC296920	7
NPC296998	2
NPC297186	11
NPC29721	1
NPC297322	2
NPC297358	1
NPC297363	1
NPC297503	1
NPC297531	2
NPC29771	1
NPC298093	22
NPC298257	5
NPC298268	1
NPC298486	2
NPC298796	7
NPC29883	14
NPC2989	6
NPC299090	1
NPC299134	6
NPC299235	1
NPC299369	1
NPC299379	7
NPC299405	4
NPC299406	2
NPC299484	1
NPC299568	23
NPC299590	6
NPC299741	1
NPC299781	1
NPC29980	2
NPC299923	1
NPC299939	1
NPC299990	4
NPC299996	1
NPC300017	2
NPC300020	1
NPC300059	4
NPC300205	2
NPC300267	1
NPC300325	1
NPC300326	2
NPC300596	9
NPC300657	2
NPC300776	2
NPC300798	3
NPC300845	6
NPC300894	1
NPC300940	2
NPC300984	11
NPC301217	1
NPC301585	5
NPC301696	6
NPC301702	4
NPC301874	1
NPC302003	1
NPC302159	4
NPC302171	2
NPC302188	8
NPC302191	1
NPC302408	1
NPC302426	1
NPC302449	3
NPC302527	1
NPC302857	6
NPC302950	22
NPC303141	4
NPC30324	1
NPC30326	2
NPC303264	1
NPC303422	5
NPC303460	2
NPC303485	3
NPC303522	1
NPC303581	3
NPC303633	1
NPC303644	1
NPC303777	1
NPC303798	1
NPC304008	1
NPC304074	1
NPC304079	2
NPC30421	1
NPC304223	1
NPC304295	1
NPC304351	1
NPC304443	4
NPC304638	6
NPC304795	1
NPC304836	2
NPC304837	2
NPC304839	1
NPC304929	1
NPC304954	9
NPC304956	1
NPC305016	2
NPC305039	6
NPC30506	1
NPC305464	1
NPC305518	4
NPC305542	1
NPC305648	7
NPC30583	2
NPC305847	2
NPC305912	2
NPC30594	2
NPC305985	1
NPC306001	2
NPC306009	1
NPC306074	3
NPC306195	3
NPC306238	5
NPC306277	11
NPC306397	6
NPC306462	12
NPC30647	2
NPC306488	1
NPC306541	1
NPC30677	1
NPC306788	3
NPC306835	3
NPC306843	11
NPC306856	1
NPC306902	7
NPC30691	1
NPC307006	2
NPC307050	1
NPC307063	1
NPC307123	4
NPC307174	1
NPC307176	30
NPC307412	3
NPC307426	3
NPC307435	3
NPC307594	2
NPC307672	1
NPC307699	1
NPC307739	1
NPC307963	19
NPC307965	3
NPC308191	1
NPC308267	5
NPC308301	4
NPC308885	11
NPC308976	2
NPC309203	2
NPC309330	1
NPC309335	1
NPC309367	27
NPC309399	3
NPC310220	1
NPC310259	8
NPC31034	1
NPC310349	1
NPC310370	1
NPC310373	6
NPC311078	1
NPC311164	1
NPC311219	13
NPC311256	1
NPC311339	1
NPC311343	2
NPC311612	1
NPC311660	2
NPC311668	4
NPC311706	1
NPC31171	4
NPC311753	1
NPC311881	2
NPC312132	4
NPC312404	1
NPC31279	3
NPC312800	7
NPC312826	2
NPC312870	4
NPC312918	11
NPC312929	7
NPC31344	1
NPC313449	20
NPC313528	1
NPC313673	1
NPC313882	1
NPC313921	1
NPC313981	4
NPC313985	2
NPC314192	9
NPC314329	6
NPC31433	1
NPC314333	1
NPC314350	2
NPC314743	1
NPC314940	7
NPC31496	1
NPC315257	6
NPC315498	1
NPC315634	4
NPC316181	3
NPC316906	30
NPC317145	2
NPC317177	25
NPC317305	1
NPC317474	8
NPC317642	3
NPC317651	3
NPC317727	1
NPC318107	4
NPC318325	21
NPC318552	1
NPC318591	18
NPC31872	2
NPC318935	2
NPC319140	2
NPC319238	1
NPC319549	2
NPC319628	7
NPC319972	4
NPC320147	1
NPC320223	2
NPC320242	5
NPC320287	4
NPC320833	1
NPC321011	17
NPC321053	9
NPC321184	1
NPC321638	1
NPC321779	1
NPC321929	6
NPC322091	6
NPC322283	6
NPC322301	2
NPC322366	1
NPC3224	2
NPC32279	1
NPC32298	19
NPC323443	1
NPC323552	1
NPC323626	1
NPC323644	1
NPC324001	1
NPC324233	1
NPC324341	2
NPC324386	6
NPC32441	27
NPC324624	2
NPC324742	1
NPC324772	4
NPC324786	1
NPC324835	6
NPC325599	8
NPC325646	4
NPC325871	10
NPC326200	2
NPC32630	2
NPC32641	1
NPC326592	3
NPC32674	2
NPC326758	2
NPC326808	2
NPC32694	2
NPC32723	2
NPC327269	1
NPC32739	5
NPC327481	1
NPC32749	2
NPC328102	1
NPC328267	28
NPC328273	1
NPC328593	1
NPC328688	1
NPC328700	1
NPC328740	8
NPC328750	5
NPC328824	1
NPC328877	21
NPC329043	1
NPC329203	5
NPC3293	1
NPC32955	3
NPC329669	2
NPC329708	1
NPC329793	1
NPC329858	2
NPC330326	8
NPC33051	1
NPC330559	23
NPC330590	1
NPC330683	5
NPC331129	5
NPC331425	3
NPC331613	5
NPC331654	4
NPC331672	29
NPC331840	1
NPC332914	2
NPC33320	10
NPC33338	7
NPC333691	7
NPC33378	2
NPC334061	7
NPC3343	2
NPC33721	1
NPC33728	2
NPC33749	1
NPC33768	1
NPC33913	1
NPC33986	4
NPC34070	1
NPC346034	3
NPC34622	2
NPC347588	2
NPC34764	1
NPC34770	11
NPC34864	24
NPC349899	2
NPC35	1
NPC35167	1
NPC35185	1
NPC35268	1
NPC35341	2
NPC35344	2
NPC35410	1
NPC35544	3
NPC35630	1
NPC35744	12
NPC35856	5
NPC36061	4
NPC36108	1
NPC36229	5
NPC36321	3
NPC36490	1
NPC36497	1
NPC36498	3
NPC36661	1
NPC36835	11
NPC36836	21
NPC36916	12
NPC3693	1
NPC37135	2
NPC37139	1
NPC37208	1
NPC37226	1
NPC37299	1
NPC37331	1
NPC37333	1
NPC37423	8
NPC37440	1
NPC37479	1
NPC37493	2
NPC37496	5
NPC37502	1
NPC37506	1
NPC375265	10
NPC37543	1
NPC37787	2
NPC38059	3
NPC3825	1
NPC38350	3
NPC38468	1
NPC38473	6
NPC38604	2
NPC38664	1
NPC38779	1
NPC38790	1
NPC38874	3
NPC38891	3
NPC38996	2
NPC39351	1
NPC39426	64
NPC39600	2
NPC39664	1
NPC39752	1
NPC39753	2
NPC39793	1
NPC39799	2
NPC3980	1
NPC39929	2
NPC40033	1
NPC40209	3
NPC40302	2
NPC40352	2
NPC4036	1
NPC40394	3
NPC40488	1
NPC40491	1
NPC40511	1
NPC40663	1
NPC40702	8
NPC40818	5
NPC41121	1
NPC41178	1
NPC41263	2
NPC41326	17
NPC41376	1
NPC41409	1
NPC4154	1
NPC41594	2
NPC416184	1
NPC41719	13
NPC41721	8
NPC417745	5
NPC418074	2
NPC42017	2
NPC42060	1
NPC42300	2
NPC42372	2
NPC42383	1
NPC42384	1
NPC42503	1
NPC42586	1
NPC42675	1
NPC42716	2
NPC42760	1
NPC42793	22
NPC43053	1
NPC43069	6
NPC43158	6
NPC43169	1
NPC43211	6
NPC43246	7
NPC43264	5
NPC43300	1
NPC43319	1
NPC434	4
NPC4341	1
NPC4344	1
NPC43490	1
NPC43525	2
NPC43587	1
NPC4370	1
NPC43787	5
NPC43945	31
NPC44063	1
NPC44101	1
NPC44193	2
NPC44270	6
NPC44328	1
NPC44363	1
NPC44437	2
NPC44649	1
NPC44830	2
NPC44963	4
NPC45040	4
NPC45124	1
NPC45165	2
NPC45255	1
NPC45256	3
NPC45404	2
NPC45459	19
NPC45536	1
NPC45613	2
NPC45618	6
NPC457	1
NPC45849	2
NPC460	1
NPC46080	1
NPC461214	4
NPC46190	1
NPC462686	17
NPC46274	7
NPC46335	2
NPC46358	1
NPC46451	32
NPC46565	14
NPC4665	15
NPC4668	5
NPC468984	6
NPC468994	2
NPC469330	5
NPC46940	1
NPC469520	1
NPC469557	1
NPC46958	1
NPC469772	2
NPC469773	2
NPC469774	2
NPC469775	2
NPC469776	2
NPC469777	2
NPC469778	2
NPC469808	4
NPC469895	1
NPC469958	1
NPC469968	1
NPC469970	1
NPC469972	2
NPC469977	1
NPC469978	3
NPC470003	7
NPC470019	1
NPC470020	1
NPC470088	1
NPC470090	107
NPC470326	1
NPC470327	1
NPC470328	1
NPC470588	1
NPC470589	1
NPC47059	5
NPC470590	1
NPC470629	1
NPC470694	2
NPC470706	1
NPC470707	1
NPC470831	1
NPC470887	1
NPC470890	1
NPC470945	2
NPC470947	2
NPC471083	1
NPC471108	3
NPC47113	1
NPC471209	1
NPC471213	1
NPC47135	13
NPC471473	1
NPC471518	1
NPC471522	1
NPC471523	1
NPC471593	12
NPC471602	3
NPC471603	39
NPC471615	3
NPC471617	2
NPC471628	1
NPC471749	1
NPC471750	1
NPC471762	4
NPC471780	1
NPC471892	1
NPC471896	1
NPC471898	1
NPC471900	1
NPC471901	1
NPC471902	1
NPC472264	3
NPC472265	1
NPC472271	1
NPC472359	1
NPC472369	1
NPC472370	1
NPC472398	1
NPC472458	1
NPC472570	1
NPC472571	1
NPC472573	1
NPC472574	1
NPC472626	1
NPC472633	1
NPC472675	1
NPC472676	1
NPC472679	1
NPC472683	1
NPC472718	1
NPC472719	1
NPC472795	2
NPC472796	2
NPC472797	2
NPC472798	2
NPC472799	2
NPC472800	2
NPC47298	1
NPC473206	15
NPC473210	1
NPC473211	1
NPC473212	1
NPC473213	1
NPC473240	1
NPC473242	1
NPC473249	3
NPC473264	1
NPC473272	1
NPC473309	1
NPC473391	1
NPC473411	3
NPC473413	1
NPC473417	26
NPC473429	6
NPC473442	1
NPC473451	2
NPC473466	1
NPC473579	1
NPC47363	1
NPC473680	1
NPC473690	1
NPC473718	2
NPC47398	2
NPC473990	1
NPC473996	1
NPC474021	1
NPC474023	1
NPC474024	1
NPC474148	1
NPC474192	1
NPC47422	1
NPC474234	1
NPC474276	2
NPC474324	1
NPC474409	1
NPC474468	1
NPC474565	3
NPC474926	6
NPC474989	1
NPC475042	4
NPC475052	1
NPC475085	7
NPC475112	5
NPC475224	1
NPC475311	1
NPC475346	1
NPC475454	1
NPC475457	1
NPC475524	10
NPC475553	2
NPC475627	1
NPC475784	1
NPC475824	1
NPC475875	1
NPC476347	1
NPC476440	25
NPC476443	1
NPC476464	16
NPC476473	3
NPC476477	3
NPC47653	4
NPC476737	2
NPC476757	1
NPC477185	1
NPC477186	1
NPC477267	1
NPC477281	2
NPC477581	1
NPC477582	1
NPC477583	1
NPC477584	1
NPC477628	1
NPC477878	1
NPC477919	1
NPC477957	1
NPC477958	1
NPC478136	1
NPC478140	1
NPC478418	5
NPC478504	1
NPC478514	3
NPC478516	1
NPC47857	2
NPC478578	2
NPC478609	1
NPC478610	1
NPC478611	1
NPC478612	1
NPC478613	1
NPC478614	1
NPC478615	2
NPC478658	4
NPC478668	3
NPC478715	6
NPC478721	10
NPC478793	2
NPC478794	4
NPC478816	14
NPC478850	3
NPC478878	1
NPC478879	1
NPC478880	1
NPC478881	1
NPC478882	1
NPC478883	1
NPC478886	1
NPC478921	2
NPC478922	7
NPC478930	2
NPC478931	2
NPC479033	1
NPC479034	1
NPC479035	1
NPC479036	1
NPC479037	1
NPC479038	1
NPC479039	2
NPC479062	1
NPC479063	1
NPC479064	1
NPC479095	1
NPC479118	7
NPC479190	15
NPC47936	7
NPC479379	13
NPC479399	11
NPC479427	1
NPC47946	2
NPC479624	1
NPC479629	1
NPC479770	4
NPC479956	1
NPC480192	2
NPC480220	50
NPC480239	5
NPC480243	9
NPC480254	1
NPC480265	3
NPC480387	1
NPC480590	2
NPC480591	1
NPC480592	2
NPC480593	2
NPC480594	1
NPC480848	1
NPC48093	1
NPC481151	18
NPC481152	2
NPC481153	5
NPC481178	11
NPC481212	1
NPC481215	1
NPC481271	1
NPC48130	1
NPC481442	1
NPC481444	1
NPC481447	1
NPC481448	1
NPC481457	1
NPC481458	1
NPC481461	1
NPC481462	1
NPC481463	1
NPC481464	1
NPC481465	1
NPC481466	1
NPC481840	6
NPC481841	5
NPC481992	2
NPC482098	1
NPC482099	1
NPC482100	1
NPC482101	1
NPC482102	1
NPC482103	1
NPC482104	1
NPC482105	1
NPC482106	1
NPC482107	1
NPC482174	1
NPC482175	1
NPC482176	1
NPC482177	1
NPC482178	1
NPC482179	1
NPC482180	1
NPC482181	1
NPC482182	1
NPC482183	1
NPC482184	1
NPC482185	1
NPC482186	1
NPC482187	1
NPC482188	1
NPC482189	1
NPC482190	1
NPC482191	1
NPC482192	1
NPC482193	1
NPC482194	1
NPC482195	1
NPC482298	3
NPC482602	1
NPC482626	1
NPC482686	2
NPC482687	10
NPC482688	13
NPC482701	1
NPC482703	1
NPC482707	1
NPC482713	1
NPC482714	2
NPC482753	1
NPC482757	1
NPC482759	1
NPC482761	1
NPC482762	1
NPC482833	1
NPC482922	1
NPC482940	2
NPC482954	2
NPC483027	1
NPC483051	1
NPC483052	1
NPC483053	1
NPC483054	1
NPC483055	1
NPC483056	1
NPC483057	1
NPC483058	1
NPC483059	1
NPC483060	1
NPC483061	1
NPC483062	1
NPC483063	1
NPC483064	1
NPC483081	3
NPC483291	6
NPC483294	1
NPC483359	2
NPC483360	2
NPC483361	1
NPC483362	2
NPC483363	16
NPC48342	30
NPC483487	9
NPC48366	1
NPC483990	7
NPC484271	1
NPC484272	1
NPC484273	1
NPC484274	1
NPC484275	1
NPC484296	1
NPC484817	1
NPC484818	2
NPC484989	1
NPC484990	1
NPC485093	1
NPC485099	1
NPC485100	1
NPC485101	1
NPC485102	1
NPC485103	1
NPC485104	1
NPC485105	1
NPC485106	1
NPC485107	1
NPC485108	1
NPC485314	3
NPC485341	2
NPC485342	3
NPC485343	3
NPC485344	2
NPC485345	2
NPC485346	2
NPC485347	2
NPC485458	6
NPC485527	1
NPC485528	1
NPC485529	1
NPC485530	1
NPC485532	1
NPC485533	1
NPC485534	1
NPC485535	1
NPC485536	1
NPC485537	1
NPC485538	1
NPC485539	1
NPC485620	2
NPC48564	4
NPC485642	2
NPC485883	4
NPC486218	1
NPC486219	1
NPC486220	1
NPC486221	1
NPC486222	1
NPC486223	1
NPC486224	1
NPC486225	1
NPC486226	1
NPC48641	1
NPC486443	1
NPC486444	1
NPC486445	1
NPC486446	1
NPC486447	1
NPC486448	1
NPC486455	1
NPC486662	2
NPC486821	1
NPC486822	3
NPC486823	3
NPC488012	8
NPC488034	1
NPC488035	1
NPC488036	1
NPC488037	1
NPC488038	1
NPC488039	1
NPC488040	2
NPC488041	4
NPC488169	3
NPC488278	1
NPC488280	1
NPC488284	1
NPC488286	1
NPC488442	1
NPC488449	1
NPC488451	1
NPC488458	1
NPC488459	1
NPC488460	1
NPC488461	1
NPC488462	1
NPC488463	1
NPC488464	1
NPC488465	1
NPC488467	1
NPC488468	1
NPC488469	1
NPC488470	1
NPC488479	1
NPC488548	1
NPC488549	1
NPC488550	1
NPC488551	1
NPC488552	1
NPC488554	1
NPC488555	1
NPC488556	1
NPC488557	1
NPC488558	1
NPC488871	11
NPC49009	1
NPC49074	1
NPC49075	3
NPC49130	1
NPC49196	14
NPC49422	1
NPC4962	1
NPC50063	6
NPC50362	2
NPC50511	6
NPC50583	1
NPC50720	5
NPC5079	3
NPC50815	1
NPC50898	67
NPC51146	10
NPC51198	7
NPC51314	1
NPC51329	1
NPC51443	26
NPC51641	1
NPC5167	10
NPC51695	10
NPC51700	24
NPC51758	1
NPC51956	1
NPC51957	2
NPC52005	4
NPC52021	1
NPC52247	20
NPC5238	4
NPC52382	1
NPC52403	1
NPC52464	2
NPC52472	2
NPC52634	1
NPC52700	1
NPC52764	7
NPC52831	5
NPC53069	17
NPC53109	2
NPC53139	1
NPC53144	1
NPC5319	2
NPC53276	2
NPC53463	1
NPC53545	3
NPC53744	1
NPC53889	2
NPC53986	1
NPC54016	1
NPC54123	1
NPC5413	7
NPC54243	1
NPC54320	2
NPC54321	2
NPC54379	5
NPC54394	3
NPC54460	1
NPC5447	1
NPC54542	3
NPC54830	1
NPC55018	1
NPC55068	14
NPC55149	4
NPC55162	5
NPC55384	1
NPC55412	9
NPC55422	10
NPC55462	2
NPC55832	1
NPC56085	1
NPC56271	50
NPC56540	1
NPC57051	2
NPC5707	2
NPC57279	2
NPC57463	2
NPC57565	9
NPC57601	12
NPC57879	4
NPC58427	11
NPC58616	1
NPC58629	2
NPC58805	1
NPC58827	2
NPC58956	2
NPC59035	3
NPC59045	2
NPC59210	1
NPC59314	1
NPC5948	1
NPC59491	1
NPC59551	1
NPC59567	1
NPC59650	2
NPC5968	1
NPC59692	2
NPC59739	1
NPC5989	8
NPC5990	1
NPC59907	2
NPC59951	2
NPC60120	4
NPC60538	1
NPC60553	11
NPC60672	4
NPC60772	2
NPC6095	1
NPC61	23
NPC61010	2
NPC6118	1
NPC61198	2
NPC61435	6
NPC61473	3
NPC61477	21
NPC61506	1
NPC61543	1
NPC61546	1
NPC61590	1
NPC61620	1
NPC6166	3
NPC61779	3
NPC61871	2
NPC61904	1
NPC61944	2
NPC62042	1
NPC62366	1
NPC62640	3
NPC62730	1
NPC62735	7
NPC62755	1
NPC62765	3
NPC62792	4
NPC62800	7
NPC62840	10
NPC63187	1
NPC63210	2
NPC63338	1
NPC63370	9
NPC63545	11
NPC6377	2
NPC64141	5
NPC6434	1
NPC64359	8
NPC6451	1
NPC64576	2
NPC64705	1
NPC64862	1
NPC64872	2
NPC65120	1
NPC65408	2
NPC65489	1
NPC65517	31
NPC65665	1
NPC65873	1
NPC6597	1
NPC66083	9
NPC66177	3
NPC66270	1
NPC66288	1
NPC66441	1
NPC66515	1
NPC66566	1
NPC66581	1
NPC66655	1
NPC66677	2
NPC66705	5
NPC66775	1
NPC66777	3
NPC66862	2
NPC66909	4
NPC67037	1
NPC67250	11
NPC67322	1
NPC67349	1
NPC67450	1
NPC67585	10
NPC67654	1
NPC67917	3
NPC67978	2
NPC68104	1
NPC6818	1
NPC68269	5
NPC68324	1
NPC68327	8
NPC68441	46
NPC6848	2
NPC6854	8
NPC68577	1
NPC68779	1
NPC6883	1
NPC68873	1
NPC6888	6
NPC68889	1
NPC68967	1
NPC69101	6
NPC6913	1
NPC69213	1
NPC6923	1
NPC69374	14
NPC69394	4
NPC69454	2
NPC69669	1
NPC6984	3
NPC69906	2
NPC7013	2
NPC70136	4
NPC70172	2
NPC70201	18
NPC7029	2
NPC70290	6
NPC70387	2
NPC70622	1
NPC70744	13
NPC70940	9
NPC71061	3
NPC71074	7
NPC71105	1
NPC71288	2
NPC71339	2
NPC7151	2
NPC7154	11
NPC71579	1
NPC71755	1
NPC71853	7
NPC72016	2
NPC7214	5
NPC72158	1
NPC72183	4
NPC72258	1
NPC72260	8
NPC72452	1
NPC72455	4
NPC72772	4
NPC72788	4
NPC72796	1
NPC72862	1
NPC72977	1
NPC72980	13
NPC73020	4
NPC73203	3
NPC73411	6
NPC73413	1
NPC73416	3
NPC73422	1
NPC73492	4
NPC73511	2
NPC73532	3
NPC73656	2
NPC73738	22
NPC73767	4
NPC73855	9
NPC73899	2
NPC73906	1
NPC73995	1
NPC74259	1
NPC74306	1
NPC74458	1
NPC74484	1
NPC74539	14
NPC74591	1
NPC74751	6
NPC74855	1
NPC74881	4
NPC7491	2
NPC75069	1
NPC75179	2
NPC7526	1
NPC75435	2
NPC75485	2
NPC7560	1
NPC75694	11
NPC75810	1
NPC75844	10
NPC75906	1
NPC76217	1
NPC76336	23
NPC76338	5
NPC76406	1
NPC76458	1
NPC76478	1
NPC76682	1
NPC76726	2
NPC76748	1
NPC7688	4
NPC76982	1
NPC77000	21
NPC77040	1
NPC7715	2
NPC77249	1
NPC77272	1
NPC77378	1
NPC77572	1
NPC77660	4
NPC77672	1
NPC77794	6
NPC77858	2
NPC77890	6
NPC77955	11
NPC78058	1
NPC7814	2
NPC78154	2
NPC78222	14
NPC78326	1
NPC78359	4
NPC7839	14
NPC78500	3
NPC78540	32
NPC78612	3
NPC78625	3
NPC78662	1
NPC78746	1
NPC78770	4
NPC78803	2
NPC79056	3
NPC79202	2
NPC79372	1
NPC79672	1
NPC79715	2
NPC79943	2
NPC80129	2
NPC80710	5
NPC8087	3
NPC81010	19
NPC8104	1
NPC81337	1
NPC81515	1
NPC81641	1
NPC81697	1
NPC81907	5
NPC82016	11
NPC8219	1
NPC82285	1
NPC82295	5
NPC82337	3
NPC8235	2
NPC82534	1
NPC82733	1
NPC8283	2
NPC82862	1
NPC82920	2
NPC8305	4
NPC83187	1
NPC83214	1
NPC83241	2
NPC83287	11
NPC83508	2
NPC83838	1
NPC83987	3
NPC84171	1
NPC84281	8
NPC84319	5
NPC84478	21
NPC84585	1
NPC8466	2
NPC84750	1
NPC84772	1
NPC84786	3
NPC84894	5
NPC8493	1
NPC85121	1
NPC85233	9
NPC85276	11
NPC85393	2
NPC85435	1
NPC85488	4
NPC85661	4
NPC85689	1
NPC85707	3
NPC85751	1
NPC85813	18
NPC86007	1
NPC86370	2
NPC86372	2
NPC86412	2
NPC86452	1
NPC86469	1
NPC86477	7
NPC86533	1
NPC86655	1
NPC86670	1
NPC86847	2
NPC8704	4
NPC87099	2
NPC87125	9
NPC87231	3
NPC87317	3
NPC87394	1
NPC87404	1
NPC87545	5
NPC87564	1
NPC87777	2
NPC88000	1
NPC88043	3
NPC88121	1
NPC88278	1
NPC88325	1
NPC88429	1
NPC88445	5
NPC886	1
NPC88638	1
NPC88803	15
NPC88804	1
NPC88839	1
NPC88923	27
NPC88966	1
NPC89105	1
NPC89630	4
NPC8965	1
NPC89886	2
NPC90161	1
NPC90411	3
NPC90478	3
NPC90652	5
NPC90875	9
NPC90896	1
NPC9099	1
NPC90998	4
NPC91234	1
NPC91341	1
NPC91369	1
NPC91478	3
NPC91495	21
NPC91560	1
NPC9161	1
NPC91695	1
NPC91887	2
NPC92075	1
NPC92111	14
NPC92114	1
NPC92246	2
NPC92299	1
NPC92403	5
NPC92722	2
NPC92730	12
NPC92754	1
NPC92815	4
NPC92830	5
NPC92869	2
NPC93027	1
NPC93084	2
NPC93219	2
NPC93241	8
NPC93365	2
NPC93376	1
NPC93556	5
NPC93610	1
NPC93653	5
NPC93685	1
NPC93730	12
NPC93739	7
NPC93756	3
NPC93783	1
NPC93882	10
NPC93962	2
NPC94045	10
NPC94167	11
NPC94298	3
NPC94319	2
NPC94368	1
NPC94632	2
NPC9470	3
NPC94796	1
NPC94980	1
NPC95034	1
NPC95123	2
NPC95126	1
NPC95162	21
NPC95172	1
NPC95309	6
NPC95381	2
NPC95412	11
NPC95472	3
NPC95589	19
NPC95679	1
NPC95716	4
NPC95755	1
NPC95868	3
NPC95965	1
NPC96010	1
NPC9609	1
NPC96102	15
NPC96286	7
NPC96294	5
NPC96321	2
NPC9639	1
NPC96408	2
NPC96565	5
NPC96619	3
NPC96663	1
NPC96835	5
NPC96915	1
NPC96940	7
NPC97028	1
NPC97260	2
NPC97380	1
NPC9743	8
NPC97432	1
NPC97525	2
NPC97578	2
NPC97716	1
NPC97811	1
NPC97870	11
NPC97939	4
NPC98028	4
NPC98098	2
NPC98179	1
NPC98254	1
NPC98371	328
NPC98372	2
NPC98543	7
NPC988	7
NPC98809	1
NPC98874	1
NPC99088	1
NPC99179	1
NPC99240	5
NPC99417	1
NPC99428	1
NPC99557	1
NPC99572	1
NPC99573	1
NPC99659	4
NPC99666	1
NPC99700	2
NPC99734	20
NPC99836	3
NPC99864	11
NPC99886	2
NPC99891	1
NPC99968	1
