Annotation_Field	Associated_Targets_Total	Nonempty_Count	Missing_or_Empty_Count	Completeness_Percent
Gene_Symbol	1143	758	385	66.3167104111986
Protein_Name	1143	758	385	66.3167104111986
Uniprot_ID	1143	758	385	66.3167104111986
ChEMBL_ID	1143	758	385	66.3167104111986
TTD_ID	1143	552	591	48.29396325459317
Target_Class_Level1	1143	758	385	66.3167104111986
Target_Class_Level2	1143	758	385	66.3167104111986
Target_Class_Level3	1143	758	385	66.3167104111986
Target_Class_level_displayed	1143	758	385	66.3167104111986
Target_type	1143	758	385	66.3167104111986
