Ingredient_ID	Target_ID	Activity_Type	Activity_Relationship	Activity_Value	Activity_Unit	Reference_ID	Reference_ID_Type	Duplicate_Group_Size	Extra_Records
NPC100079	NPT109	Potency	=	31622.8	nM	448599	PMID	2	1
NPC100079	NPT163	Potency	=	11220.2	nM	448599	PMID	2	1
NPC100079	NPT210	Potency	=	25118.9	nM	448599	PMID	2	1
NPC100079	NPT211	Potency	=	31622.8	nM	448599	PMID	2	1
NPC100079	NPT96	Potency	=	1995.3	nM	448599	PMID	2	1
NPC100329	NPT1282	AC50	=	1628	nM	491151	PMID	3	2
NPC100734	NPT109	Potency	=	7943.3	nM	480083	PMID	2	1
NPC100734	NPT211	Potency	=	10000	nM	480083	PMID	2	1
NPC100742	NPT210	Potency	=	1584.9	nM	514035	PMID	2	1
NPC101139	NPT499	IC50	=	50000	nM	572595	PMID	2	1
NPC101307	NPT109	Potency	=	10000	nM	572166	PMID	2	1
NPC10251	NPT210	Potency	=	12589.3	nM	458919	PMID	2	1
NPC102843	NPT51	Potency	=	25118.9	nM	515526	PMID	2	1
NPC10286	NPT211	Potency	=	158.5	nM	506117	PMID	2	1
NPC10286	NPT211	Potency	=	631	nM	506118	PMID	2	1
NPC103213	NPT109	Potency	=	12589.3	nM	466079	PMID	2	1
NPC103540	NPT210	Potency	=	1995.3	nM	517546	PMID	2	1
NPC105648	NPT109	Potency	=	12589.3	nM	567802	PMID	2	1
NPC106334	NPT52	Potency	=	3981.1	nM	570468	PMID	2	1
NPC107135	NPT210	Potency	=	15848.9	nM	488781	PMID	2	1
NPC107482	NPT210	Potency	=	7943.3	nM	559270	PMID	2	1
NPC1075	NPT210	Potency	=	794.3	nM	463096	PMID	2	1
NPC1075	NPT211	Potency	=	7943.3	nM	463095	PMID	2	1
NPC108288	NPT109	Potency	=	39810.7	nM	469716	PMID	2	1
NPC108288	NPT539	Potency	=	10000	nM	469716	PMID	2	1
NPC108434	NPT52	Potency	=	10000	nM	456996	PMID	2	1
NPC108606	NPT211	Potency	=	6309.6	nM	470938	PMID	2	1
NPC108800	NPT109	Potency	=	31622.8	nM	553480	PMID	2	1
NPC108800	NPT210	Potency	=	39810.7	nM	553480	PMID	2	1
NPC108957	NPT211	Potency	=	199.5	nM	448918	PMID	2	1
NPC109083	NPT109	Potency	=	25118.9	nM	465424	PMID	2	1
NPC109083	NPT570	IC50	=	600	nM	465555	PMID	3	2
NPC110067	NPT109	Potency	=	31622.8	nM	568861	PMID	2	1
NPC110126	NPT109	Potency	=	15848.9	nM	515614	PMID	2	1
NPC110126	NPT109	Potency	=	3162.3	nM	515616	PMID	2	1
NPC110136	NPT109	Potency	=	3162.3	nM	530446	PMID	2	1
NPC110396	NPT109	Potency	=	25118.9	nM	476090	PMID	2	1
NPC110500	NPT109	Potency	=	12589.3	nM	460273	PMID	2	1
NPC111088	NPT210	Potency	=	794.3	nM	504897	PMID	2	1
NPC111132	NPT210	Potency	=	31622.8	nM	449933	PMID	2	1
NPC111132	NPT251	Ki	=	79432.82	nM	449931	PMID	2	1
NPC111132	NPT252	EC50	=	1202.26	nM	449958	PMID	2	1
NPC111201	NPT109	Potency	=	158.5	nM	523874	PMID	2	1
NPC11150	NPT210	Potency	=	39810.7	nM	551769	PMID	2	1
NPC11150	NPT210	Potency	=	7943.3	nM	551768	PMID	2	1
NPC112224	NPT109	Potency	=	31.6	nM	506601	PMID	2	1
NPC112224	NPT210	Potency	=	39810.7	nM	506601	PMID	2	1
NPC112224	NPT58	Potency	=	28.2	nM	506603	PMID	2	1
NPC112701	NPT60	Potency	=	35481.3	nM	509833	PMID	2	1
NPC114325	NPT210	Potency	=	5011.9	nM	487534	PMID	2	1
NPC115159	NPT109	Potency	=	3162.3	nM	508318	PMID	2	1
NPC115159	NPT163	Potency	=	3162.3	nM	508318	PMID	2	1
NPC115159	NPT52	Potency	=	15848.9	nM	508318	PMID	2	1
NPC115159	NPT96	Potency	=	3162.3	nM	508318	PMID	2	1
NPC116775	NPT109	Potency	=	15848.9	nM	526995	PMID	2	1
NPC116775	NPT109	Potency	=	7943.3	nM	526993	PMID	2	1
NPC116775	NPT211	Potency	=	1584.9	nM	526993	PMID	2	1
NPC116961	NPT109	Potency	=	6309.6	nM	553538	PMID	2	1
NPC116961	NPT210	Potency	=	19952.6	nM	553543	PMID	2	1
NPC116961	NPT210	Potency	=	39810.7	nM	553538	PMID	2	1
NPC116961	NPT211	Potency	=	15848.9	nM	553543	PMID	2	1
NPC116961	NPT543	EC50	=	10000	nM	553578	PMID	2	1
NPC116961	NPT58	Potency	=	28183.8	nM	553539	PMID	2	1
NPC116961	NPT96	Potency	=	19952.6	nM	553538	PMID	2	1
NPC118522	NPT109	Potency	=	31622.8	nM	511931	PMID	2	1
NPC118633	NPT109	Potency	=	12589.3	nM	451128	PMID	2	1
NPC118633	NPT109	Potency	=	5011.9	nM	451127	PMID	2	1
NPC119133	NPT109	Potency	=	25118.9	nM	565786	PMID	2	1
NPC119271	NPT210	Potency	=	39810.7	nM	476296	PMID	2	1
NPC119818	NPT109	Potency	=	2511.9	nM	534438	PMID	2	1
NPC119818	NPT109	Potency	=	2511.9	nM	534441	PMID	2	1
NPC119949	NPT109	Potency	=	10000	nM	569940	PMID	2	1
NPC120097	NPT109	Potency	=	15848.9	nM	478960	PMID	2	1
NPC120163	NPT51	Potency	=	39810.7	nM	572086	PMID	2	1
NPC120671	NPT109	Potency	=	794.3	nM	466106	PMID	2	1
NPC120671	NPT211	Potency	=	2511.9	nM	466106	PMID	2	1
NPC123273	NPT109	Potency	=	31622.8	nM	502762	PMID	2	1
NPC12377	NPT149	Potency	=	25118.9	nM	549761	PMID	2	1
NPC124302	NPT109	Potency	=	1258.9	nM	535997	PMID	2	1
NPC124512	NPT540	IC50	=	9700	nM	494550	PMID	2	1
NPC125306	NPT210	Potency	=	7943.3	nM	530593	PMID	2	1
NPC125416	NPT109	Potency	=	31622.8	nM	480533	PMID	2	1
NPC125416	NPT210	Potency	=	15848.9	nM	480533	PMID	2	1
NPC126029	NPT109	Potency	=	12589.3	nM	505741	PMID	2	1
NPC126029	NPT163	Potency	=	28.2	nM	505741	PMID	2	1
NPC126029	NPT210	Potency	=	31622.8	nM	505741	PMID	2	1
NPC126664	NPT60	Potency	=	11220.2	nM	567542	PMID	2	1
NPC127326	NPT109	Potency	=	25118.9	nM	507337	PMID	2	1
NPC127447	NPT109	Potency	=	10000	nM	466593	PMID	2	1
NPC128216	NPT109	Potency	=	12589.3	nM	508974	PMID	2	1
NPC128335	NPT210	Potency	=	10000	nM	517623	PMID	2	1
NPC128335	NPT210	Potency	=	6309.6	nM	517624	PMID	2	1
NPC128825	NPT210	Potency	=	3981.1	nM	515101	PMID	2	1
NPC129909	NPT109	Potency	=	6309.6	nM	565340	PMID	2	1
NPC129909	NPT163	Potency	=	4466.8	nM	565341	PMID	2	1
NPC129909	NPT210	Potency	=	39810.7	nM	565345	PMID	2	1
NPC129909	NPT211	Potency	=	125.9	nM	565340	PMID	2	1
NPC129909	NPT211	Potency	=	79.4	nM	565345	PMID	2	1
NPC129909	NPT58	Potency	=	35481.3	nM	565339	PMID	2	1
NPC129909	NPT96	Potency	=	125.9	nM	565341	PMID	2	1
NPC130398	NPT210	Potency	=	12589.3	nM	507692	PMID	2	1
NPC13067	NPT109	Potency	=	39810.7	nM	536427	PMID	2	1
NPC131530	NPT58	Potency	=	4466.8	nM	557996	PMID	2	1
NPC131587	NPT109	Potency	=	15848.9	nM	568909	PMID	2	1
NPC131623	NPT109	Potency	=	39810.7	nM	479303	PMID	2	1
NPC132858	NPT109	Potency	=	31622.8	nM	502120	PMID	2	1
NPC132858	NPT109	Potency	=	31622.8	nM	502121	PMID	2	1
NPC133003	NPT109	Potency	=	1000	nM	463186	PMID	2	1
NPC133140	NPT109	Potency	=	1258.9	nM	503947	PMID	2	1
NPC133140	NPT109	Potency	=	2511.9	nM	503945	PMID	2	1
NPC133140	NPT211	Potency	=	6309.6	nM	503945	PMID	2	1
NPC133140	NPT58	Potency	=	794.3	nM	503946	PMID	2	1
NPC133162	NPT109	Potency	=	12589.3	nM	497304	PMID	2	1
NPC133162	NPT109	Potency	=	15848.9	nM	497307	PMID	2	1
NPC133162	NPT210	Potency	=	7943.3	nM	497304	PMID	2	1
NPC133162	NPT539	Potency	=	19952.6	nM	497307	PMID	2	1
NPC133162	NPT940	Potency	=	23280.9	nM	497305	PMID	3	2
NPC133162	NPT96	Potency	=	12589.3	nM	497307	PMID	2	1
NPC133183	NPT163	Potency	=	28183.8	nM	482648	PMID	2	1
NPC133183	NPT210	Potency	=	3981.1	nM	482648	PMID	2	1
NPC133758	NPT58	Potency	=	50.1	nM	474733	PMID	2	1
NPC134532	NPT109	Potency	=	3162.3	nM	455828	PMID	2	1
NPC134584	NPT210	Potency	=	7943.3	nM	506256	PMID	2	1
NPC134825	NPT210	Potency	=	7943.3	nM	514287	PMID	2	1
NPC13504	NPT109	Potency	=	25118.9	nM	478305	PMID	2	1
NPC13504	NPT109	Potency	=	25118.9	nM	478307	PMID	2	1
NPC13504	NPT51	Potency	=	707.9	nM	478308	PMID	2	1
NPC136112	NPT163	Potency	=	3162.3	nM	540359	PMID	2	1
NPC136330	NPT109	Potency	=	12589.3	nM	459799	PMID	2	1
NPC13696	NPT149	Potency	=	39810.7	nM	476324	PMID	2	1
NPC137096	NPT163	Potency	=	3548.1	nM	525839	PMID	2	1
NPC137096	NPT211	Potency	=	251.2	nM	525839	PMID	2	1
NPC137419	NPT210	Potency	=	5011.9	nM	518030	PMID	2	1
NPC13768	NPT109	Potency	=	12589.3	nM	529980	PMID	2	1
NPC137949	NPT109	Potency	=	12589.3	nM	550152	PMID	2	1
NPC137949	NPT149	Potency	=	12589.3	nM	550152	PMID	2	1
NPC137949	NPT211	Potency	=	10000	nM	550152	PMID	2	1
NPC137949	NPT60	Potency	=	35481.3	nM	550151	PMID	2	1
NPC137958	NPT3741	EC50	=	63095.73	nM	453131	PMID	3	2
NPC138113	NPT210	Potency	=	39810.7	nM	463853	PMID	2	1
NPC138487	NPT109	Potency	=	7943.3	nM	524199	PMID	2	1
NPC139085	NPT109	Potency	=	15848.9	nM	448054	PMID	2	1
NPC139397	NPT58	Potency	=	251188.6	nM	493290	PMID	2	1
NPC139813	NPT109	Potency	=	3162.3	nM	493870	PMID	2	1
NPC13991	NPT210	Potency	=	6309.6	nM	553442	PMID	2	1
NPC14005	NPT1282	AC50	=	56	nM	518721	PMID	3	2
NPC141791	NPT109	Potency	=	15848.9	nM	497173	PMID	2	1
NPC141791	NPT163	Potency	=	2238.7	nM	497173	PMID	2	1
NPC141791	NPT210	Potency	=	5011.9	nM	497173	PMID	2	1
NPC141791	NPT211	Potency	=	5011.9	nM	497173	PMID	2	1
NPC141791	NPT52	Potency	=	25118.9	nM	497173	PMID	2	1
NPC141791	NPT96	Potency	=	251.2	nM	497173	PMID	2	1
NPC141953	NPT210	Potency	=	12589.3	nM	491803	PMID	2	1
NPC143168	NPT3167	IC50	=	210	nM	488377	PMID	2	1
NPC143168	NPT51	Potency	=	39810.7	nM	488362	PMID	3	2
NPC143168	NPT539	Potency	=	12589.3	nM	488361	PMID	2	1
NPC143168	NPT570	IC50	=	60	nM	488377	PMID	2	1
NPC144258	NPT58	Potency	=	5011.9	nM	527415	PMID	2	1
NPC144939	NPT109	Potency	=	39810.7	nM	447876	PMID	2	1
NPC144939	NPT210	Potency	=	39810.7	nM	447876	PMID	2	1
NPC144956	NPT211	Potency	=	50.1	nM	514168	PMID	2	1
NPC145888	NPT58	Potency	=	28183.8	nM	520453	PMID	2	1
NPC14622	NPT109	Potency	=	2511.9	nM	520629	PMID	2	1
NPC146289	NPT210	Potency	=	39810.7	nM	506344	PMID	2	1
NPC146422	NPT211	Potency	=	10000	nM	491000	PMID	2	1
NPC146422	NPT243	Ki	=	15000	nM	490910	PMID	2	1
NPC146422	NPT539	Potency	=	12589.3	nM	490999	PMID	2	1
NPC146422	NPT96	Potency	=	3162.3	nM	491000	PMID	2	1
NPC146703	NPT109	Potency	=	5	nM	474055	PMID	2	1
NPC146703	NPT210	Potency	=	1258.9	nM	474055	PMID	2	1
NPC146703	NPT58	Potency	=	2.8	nM	474057	PMID	2	1
NPC147000	NPT109	Potency	=	19952.6	nM	469073	PMID	2	1
NPC147000	NPT163	Potency	=	28183.8	nM	469073	PMID	2	1
NPC147000	NPT52	Potency	=	7943.3	nM	469073	PMID	2	1
NPC147000	NPT96	Potency	=	3162.3	nM	469073	PMID	2	1
NPC147418	NPT109	Potency	=	6309.6	nM	473021	PMID	2	1
NPC147418	NPT539	Potency	=	5011.9	nM	473021	PMID	2	1
NPC148523	NPT178	IC50	=	8040	nM	499327	PMID	2	1
NPC149436	NPT210	Potency	=	1995.3	nM	457041	PMID	2	1
NPC149571	NPT109	Potency	=	1258.9	nM	516197	PMID	2	1
NPC149571	NPT109	Potency	=	2511.9	nM	516199	PMID	2	1
NPC149571	NPT163	Potency	=	12589.3	nM	516199	PMID	2	1
NPC149571	NPT210	Potency	=	31622.8	nM	516199	PMID	2	1
NPC149571	NPT96	Potency	=	15848.9	nM	516199	PMID	2	1
NPC149618	NPT109	Potency	=	12589.3	nM	529509	PMID	2	1
NPC150323	NPT210	Potency	=	125.9	nM	531504	PMID	2	1
NPC150908	NPT109	Potency	=	3981.1	nM	447899	PMID	2	1
NPC151113	NPT109	Potency	=	31622.8	nM	487918	PMID	2	1
NPC151781	NPT109	Potency	=	12589.3	nM	567291	PMID	2	1
NPC153783	NPT109	Potency	=	25118.9	nM	547067	PMID	2	1
NPC15566	NPT109	Potency	=	31622.8	nM	483410	PMID	2	1
NPC15566	NPT163	Potency	=	398.1	nM	483410	PMID	2	1
NPC15566	NPT210	Potency	=	39810.7	nM	483410	PMID	2	1
NPC155882	NPT109	Potency	=	15848.9	nM	462985	PMID	2	1
NPC155900	NPT210	Potency	=	12.6	nM	538530	PMID	2	1
NPC156021	NPT109	Potency	=	25118.9	nM	572146	PMID	2	1
NPC156461	NPT1620	Potency	=	1258.9	nM	547635	PMID	2	1
NPC157944	NPT210	Potency	=	39810.7	nM	566953	PMID	2	1
NPC158028	NPT210	Potency	=	31.6	nM	469790	PMID	2	1
NPC158526	NPT109	Potency	=	794.3	nM	569205	PMID	2	1
NPC15864	NPT52	Potency	=	28183.8	nM	516017	PMID	2	1
NPC158994	NPT210	Potency	=	31622.8	nM	537395	PMID	2	1
NPC1591	NPT410	EC50	=	3981.07	nM	505438	PMID	2	1
NPC1591	NPT410	EC50	=	4000	nM	505438	PMID	2	1
NPC160900	NPT109	Potency	=	12589.3	nM	449039	PMID	2	1
NPC160900	NPT109	Potency	=	15848.9	nM	449037	PMID	2	1
NPC160900	NPT1187	IC50	=	10000	nM	449264	PMID	2	1
NPC160900	NPT210	Potency	=	10000	nM	449037	PMID	2	1
NPC160900	NPT211	Potency	=	6309.6	nM	449039	PMID	2	1
NPC160900	NPT52	Potency	=	28183.8	nM	449039	PMID	2	1
NPC160900	NPT539	Potency	=	39810.7	nM	449039	PMID	2	1
NPC16107	NPT109	Potency	=	31622.8	nM	523507	PMID	2	1
NPC161423	NPT149	Potency	=	31622.8	nM	509607	PMID	2	1
NPC161423	NPT210	Potency	=	31.6	nM	509607	PMID	2	1
NPC161571	NPT109	Potency	=	3981.1	nM	546742	PMID	2	1
NPC161571	NPT109	Potency	=	3981.1	nM	546743	PMID	2	1
NPC161571	NPT211	Potency	=	10000	nM	546741	PMID	2	1
NPC161571	NPT51	Potency	=	17782.8	nM	546742	PMID	2	1
NPC161571	NPT58	Potency	=	50118.7	nM	546740	PMID	2	1
NPC161593	NPT211	Potency	=	10000	nM	484235	PMID	2	1
NPC162045	NPT210	Potency	=	398.1	nM	517765	PMID	2	1
NPC163099	NPT163	Potency	=	354.8	nM	515881	PMID	2	1
NPC16452	NPT211	Potency	=	12589.3	nM	532247	PMID	2	1
NPC164646	NPT210	Potency	=	39810.7	nM	453375	PMID	2	1
NPC164697	NPT109	Potency	=	31622.8	nM	521272	PMID	2	1
NPC165212	NPT210	Potency	=	39810.7	nM	537643	PMID	2	1
NPC165549	NPT109	Potency	=	15848.9	nM	461100	PMID	2	1
NPC165549	NPT210	Potency	=	19952.6	nM	461100	PMID	2	1
NPC166287	NPT58	Potency	=	7943.3	nM	505069	PMID	2	1
NPC167400	NPT525	IC50	=	140	nM	448341	PMID	2	1
NPC167400	NPT60	Potency	=	3548.1	nM	448350	PMID	2	1
NPC167571	NPT109	Potency	=	12589.3	nM	523027	PMID	2	1
NPC169050	NPT211	Potency	=	10000	nM	539043	PMID	2	1
NPC169056	NPT210	Potency	=	31.6	nM	557966	PMID	2	1
NPC169433	NPT109	Potency	=	31622.8	nM	544735	PMID	2	1
NPC16947	NPT210	Potency	=	6309.6	nM	545067	PMID	2	1
NPC169485	NPT163	Potency	=	10000	nM	571082	PMID	2	1
NPC169485	NPT163	Potency	=	4466.8	nM	571081	PMID	2	1
NPC169749	NPT109	Potency	=	12589.3	nM	572345	PMID	2	1
NPC169749	NPT109	Potency	=	25118.9	nM	572347	PMID	2	1
NPC169749	NPT109	Potency	=	3981.1	nM	572348	PMID	2	1
NPC169749	NPT211	Potency	=	1995.3	nM	572345	PMID	2	1
NPC169749	NPT47	Potency	=	891.3	nM	572346	PMID	2	1
NPC169749	NPT51	Potency	=	10000	nM	572347	PMID	2	1
NPC169749	NPT51	Potency	=	7079.5	nM	572346	PMID	2	1
NPC169749	NPT58	Potency	=	14125.4	nM	572346	PMID	2	1
NPC169749	NPT96	Potency	=	10000	nM	572348	PMID	2	1
NPC170812	NPT109	Potency	=	19952.6	nM	453405	PMID	2	1
NPC171188	NPT210	Potency	=	3981.1	nM	524305	PMID	2	1
NPC171188	NPT96	Potency	=	10000	nM	524305	PMID	2	1
NPC172262	NPT109	Potency	=	7943.3	nM	481758	PMID	2	1
NPC173991	NPT109	Potency	=	25118.9	nM	517578	PMID	2	1
NPC174099	NPT210	Potency	=	199.5	nM	478698	PMID	2	1
NPC174802	NPT3826	EC50	=	200	nM	560171	PMID	2	1
NPC175013	NPT109	Potency	=	19952.6	nM	568870	PMID	2	1
NPC176814	NPT109	Potency	=	15848.9	nM	497556	PMID	2	1
NPC177281	NPT109	Potency	=	19952.6	nM	506622	PMID	2	1
NPC177281	NPT149	Potency	=	39810.7	nM	506621	PMID	2	1
NPC177281	NPT210	Potency	=	25118.9	nM	506621	PMID	2	1
NPC178014	NPT109	Potency	=	39810.7	nM	512242	PMID	2	1
NPC178306	NPT210	Potency	=	25118.9	nM	554010	PMID	2	1
NPC179464	NPT109	Potency	=	3981.1	nM	470526	PMID	2	1
NPC179787	NPT109	Potency	=	3981.1	nM	474676	PMID	2	1
NPC179787	NPT149	Potency	=	25118.9	nM	474676	PMID	2	1
NPC179787	NPT163	Potency	=	1995.3	nM	474676	PMID	2	1
NPC179787	NPT210	Potency	=	25118.9	nM	474676	PMID	2	1
NPC179860	NPT210	Potency	=	39810.7	nM	454846	PMID	2	1
NPC180006	NPT109	Potency	=	39810.7	nM	489150	PMID	2	1
NPC180534	NPT51	Potency	=	39810.7	nM	511317	PMID	2	1
NPC180905	NPT109	Potency	=	39810.7	nM	547802	PMID	2	1
NPC18188	NPT58	Potency	=	3.5	nM	480636	PMID	2	1
NPC18188	NPT810	IC50	=	1000	nM	480670	PMID	2	1
NPC18188	NPT811	IC50	=	11000	nM	480670	PMID	3	2
NPC18188	NPT811	IC50	=	17000	nM	480670	PMID	2	1
NPC18188	NPT811	IC50	=	3000	nM	480670	PMID	2	1
NPC18188	NPT811	IC50	=	4000	nM	480670	PMID	2	1
NPC18188	NPT811	IC50	=	5495.41	nM	480670	PMID	2	1
NPC18188	NPT811	IC50	=	6000	nM	480670	PMID	3	2
NPC18188	NPT811	IC50	=	7943.28	nM	480670	PMID	2	1
NPC18188	NPT811	IC50	=	8000	nM	480670	PMID	2	1
NPC18188	NPT811	IC50	=	9000	nM	480670	PMID	4	3
NPC182570	NPT51	Potency	=	22387.2	nM	544481	PMID	2	1
NPC182606	NPT210	Potency	=	15848.9	nM	509022	PMID	2	1
NPC182646	NPT1282	AC50	=	7828	nM	520489	PMID	3	2
NPC182646	NPT51	Potency	=	7079.5	nM	520489	PMID	2	1
NPC183655	NPT109	Potency	=	794.3	nM	460143	PMID	2	1
NPC183845	NPT58	Potency	=	15.8	nM	498389	PMID	2	1
NPC184203	NPT109	Potency	=	25118.9	nM	568337	PMID	2	1
NPC18509	NPT109	Potency	=	19952.6	nM	513739	PMID	2	1
NPC18509	NPT163	Potency	=	14.1	nM	513739	PMID	2	1
NPC18509	NPT211	Potency	=	199.5	nM	513739	PMID	2	1
NPC185498	NPT979	IC50	<	1000	nM	498829	PMID	4	3
NPC185936	NPT58	Potency	=	89125.1	nM	493244	PMID	2	1
NPC186098	NPT109	Potency	=	1258.9	nM	523125	PMID	2	1
NPC187095	NPT210	Potency	=	100	nM	536656	PMID	2	1
NPC187432	NPT109	Potency	=	15848.9	nM	507285	PMID	2	1
NPC188341	NPT109	Potency	=	50118.7	nM	473854	PMID	2	1
NPC188380	NPT109	Potency	=	25118.9	nM	476661	PMID	2	1
NPC188646	NPT109	Potency	=	15848.9	nM	568140	PMID	2	1
NPC189823	NPT109	Potency	=	12589.3	nM	554002	PMID	2	1
NPC190184	NPT109	Potency	=	12589.3	nM	529373	PMID	2	1
NPC190184	NPT210	Potency	=	31622.8	nM	529373	PMID	2	1
NPC190184	NPT211	Potency	=	10000	nM	529373	PMID	2	1
NPC190296	NPT210	Potency	=	5011.9	nM	514852	PMID	2	1
NPC190296	NPT52	Potency	=	2511.9	nM	514850	PMID	2	1
NPC190296	NPT58	Potency	=	4.5	nM	514851	PMID	2	1
NPC190461	NPT109	Potency	=	3981.1	nM	452872	PMID	2	1
NPC190461	NPT210	Potency	=	39810.7	nM	452873	PMID	2	1
NPC190461	NPT539	Potency	=	31622.8	nM	452872	PMID	2	1
NPC190501	NPT109	Potency	=	1995.3	nM	474190	PMID	2	1
NPC190501	NPT163	Potency	=	3981.1	nM	474190	PMID	2	1
NPC190501	NPT211	Potency	=	15.8	nM	474193	PMID	2	1
NPC190501	NPT211	Potency	=	15848.9	nM	474192	PMID	2	1
NPC190501	NPT58	Potency	=	199.5	nM	474189	PMID	2	1
NPC190572	NPT109	Potency	=	3162.3	nM	564757	PMID	2	1
NPC190945	NPT109	Potency	=	10000	nM	478821	PMID	2	1
NPC190945	NPT109	Potency	=	12589.3	nM	478820	PMID	2	1
NPC190945	NPT109	Potency	=	15848.9	nM	478817	PMID	2	1
NPC190945	NPT163	Potency	=	11220.2	nM	478820	PMID	2	1
NPC190945	NPT211	Potency	=	1000	nM	478827	PMID	2	1
NPC190945	NPT211	Potency	=	501.2	nM	478818	PMID	2	1
NPC190945	NPT211	Potency	=	501.2	nM	478821	PMID	2	1
NPC190945	NPT217	Ki	=	22200	nM	478729	PMID	2	1
NPC190945	NPT51	Potency	=	3548.1	nM	478818	PMID	2	1
NPC190945	NPT58	Potency	=	3981.1	nM	478819	PMID	2	1
NPC190945	NPT96	Potency	=	1584.9	nM	478820	PMID	2	1
NPC191104	NPT210	Potency	=	12589.3	nM	489234	PMID	2	1
NPC191310	NPT60	Potency	=	31622.8	nM	521154	PMID	2	1
NPC191444	NPT109	Potency	=	25118.9	nM	501049	PMID	2	1
NPC19174	NPT109	Potency	=	10000	nM	453957	PMID	2	1
NPC19174	NPT109	Potency	=	3981.1	nM	453959	PMID	2	1
NPC19174	NPT58	Potency	=	50118.7	nM	453955	PMID	2	1
NPC19174	NPT61	Potency	=	11220.2	nM	453957	PMID	2	1
NPC19241	NPT210	Potency	=	794.3	nM	482591	PMID	2	1
NPC193484	NPT109	Potency	=	2511.9	nM	511510	PMID	2	1
NPC193484	NPT210	Potency	=	39810.7	nM	511510	PMID	2	1
NPC193536	NPT96	Potency	=	6309.6	nM	449543	PMID	2	1
NPC194465	NPT210	Potency	=	15848.9	nM	545363	PMID	2	1
NPC194857	NPT211	Potency	=	7943.3	nM	537129	PMID	2	1
NPC195268	NPT109	Potency	=	1995.3	nM	473917	PMID	2	1
NPC195268	NPT109	Potency	=	2511.9	nM	473916	PMID	2	1
NPC195268	NPT163	Potency	=	10000	nM	473917	PMID	2	1
NPC195268	NPT210	Potency	=	12589.3	nM	473919	PMID	2	1
NPC195268	NPT210	Potency	=	5011.9	nM	473917	PMID	2	1
NPC195268	NPT211	Potency	=	10000	nM	473917	PMID	2	1
NPC195268	NPT211	Potency	=	2511.9	nM	473916	PMID	2	1
NPC195268	NPT96	Potency	=	12589.3	nM	473917	PMID	2	1
NPC196447	NPT211	Potency	=	5011.9	nM	488964	PMID	2	1
NPC196449	NPT1416	Potency	=	10000	nM	548461	PMID	2	1
NPC196449	NPT1416	Potency	=	15.8	nM	548461	PMID	2	1
NPC196449	NPT1416	Potency	=	501.2	nM	548462	PMID	2	1
NPC196449	NPT58	Potency	=	15848.9	nM	548462	PMID	2	1
NPC197087	NPT58	Potency	=	2.8	nM	536484	PMID	2	1
NPC197425	NPT109	Potency	=	19952.6	nM	514107	PMID	2	1
NPC197425	NPT109	Potency	=	6309.6	nM	514108	PMID	2	1
NPC200412	NPT109	Potency	=	25118.9	nM	570147	PMID	2	1
NPC200845	NPT109	Potency	=	10000	nM	457108	PMID	2	1
NPC200845	NPT210	Potency	=	63.1	nM	457108	PMID	2	1
NPC201731	NPT109	Potency	=	25118.9	nM	465897	PMID	2	1
NPC201731	NPT539	Potency	=	31622.8	nM	465897	PMID	2	1
NPC201844	NPT210	Potency	=	12.6	nM	455845	PMID	2	1
NPC201844	NPT210	Potency	=	39810.7	nM	455844	PMID	2	1
NPC202771	NPT109	Potency	=	1995.3	nM	468936	PMID	2	1
NPC203468	NPT211	Potency	=	12589.3	nM	530114	PMID	2	1
NPC203468	NPT58	Potency	=	50118.7	nM	530112	PMID	2	1
NPC203891	NPT52	Potency	=	25118.9	nM	527114	PMID	2	1
NPC204932	NPT109	Potency	=	10000	nM	478382	PMID	2	1
NPC204932	NPT163	Potency	=	2238.7	nM	478382	PMID	2	1
NPC204932	NPT211	Potency	=	12589.3	nM	478385	PMID	2	1
NPC204932	NPT58	Potency	=	44668.4	nM	478383	PMID	2	1
NPC204932	NPT96	Potency	=	5011.9	nM	478382	PMID	2	1
NPC205421	NPT109	Potency	=	25118.9	nM	572054	PMID	2	1
NPC206372	NPT1788	Ki	=	0.13	nM	458667	PMID	2	1
NPC206924	NPT210	Potency	=	5011.9	nM	456522	PMID	2	1
NPC207554	NPT570	IC50	=	200000	nM	502336	PMID	2	1
NPC20791	NPT109	Potency	=	6309.6	nM	556624	PMID	2	1
NPC20791	NPT1603	IC50	=	9900	nM	556927	PMID	2	1
NPC20791	NPT1604	IC50	=	2200	nM	556927	PMID	2	1
NPC20791	NPT1620	Potency	=	2511.9	nM	556633	PMID	2	1
NPC20791	NPT163	Potency	=	5623.4	nM	556624	PMID	2	1
NPC20791	NPT210	Potency	=	10000	nM	556632	PMID	2	1
NPC20791	NPT210	Potency	=	31622.8	nM	556624	PMID	2	1
NPC20791	NPT211	Potency	=	10000	nM	556634	PMID	2	1
NPC20791	NPT58	Potency	=	28183.8	nM	556626	PMID	2	1
NPC208280	NPT109	Potency	=	10000	nM	531019	PMID	2	1
NPC208280	NPT109	Potency	=	3981.1	nM	531017	PMID	2	1
NPC208280	NPT109	Potency	=	3981.1	nM	531023	PMID	2	1
NPC208280	NPT211	Potency	=	1995.3	nM	531018	PMID	2	1
NPC208280	NPT211	Potency	=	3162.3	nM	531017	PMID	2	1
NPC208280	NPT58	Potency	=	100000	nM	531016	PMID	2	1
NPC208284	NPT52	Potency	=	35481.3	nM	486417	PMID	2	1
NPC208553	NPT109	Potency	=	1258.9	nM	471873	PMID	2	1
NPC208553	NPT211	Potency	=	15848.9	nM	471879	PMID	2	1
NPC208553	NPT58	Potency	=	17782.8	nM	471874	PMID	2	1
NPC208553	NPT96	Potency	=	12589.3	nM	471873	PMID	2	1
NPC208793	NPT58	Potency	=	3548.1	nM	459880	PMID	2	1
NPC208936	NPT210	Potency	=	39810.7	nM	486720	PMID	2	1
NPC209560	NPT109	Potency	=	15848.9	nM	558559	PMID	2	1
NPC209560	NPT539	Potency	=	15848.9	nM	558559	PMID	2	1
NPC209666	NPT109	Potency	=	12589.3	nM	537287	PMID	2	1
NPC209970	NPT210	Potency	=	10000	nM	532891	PMID	2	1
NPC211237	NPT210	Potency	=	39810.7	nM	468492	PMID	2	1
NPC212415	NPT109	Potency	=	15848.9	nM	524680	PMID	2	1
NPC212415	NPT163	Potency	=	8912.5	nM	524680	PMID	2	1
NPC212415	NPT211	Potency	=	31622.8	nM	524680	PMID	2	1
NPC212415	NPT539	Potency	=	5011.9	nM	524680	PMID	2	1
NPC212415	NPT58	Potency	=	25118.9	nM	524677	PMID	2	1
NPC212415	NPT96	Potency	=	1584.9	nM	524680	PMID	2	1
NPC212551	NPT58	Potency	=	3.5	nM	475507	PMID	2	1
NPC212794	NPT109	Potency	=	19952.6	nM	537718	PMID	2	1
NPC212794	NPT277	Potency	=	31622.8	nM	537718	PMID	3	2
NPC213	NPT58	Potency	=	2.8	nM	515313	PMID	2	1
NPC213	NPT96	Potency	=	10000	nM	515314	PMID	2	1
NPC213216	NPT109	Potency	=	3981.1	nM	525262	PMID	2	1
NPC213216	NPT539	Potency	=	12589.3	nM	525262	PMID	2	1
NPC213603	NPT109	Potency	=	3981.1	nM	523696	PMID	2	1
NPC214036	NPT109	Potency	=	50.1	nM	564147	PMID	2	1
NPC214036	NPT1282	AC50	=	7403	nM	564148	PMID	3	2
NPC214067	NPT210	Potency	=	39810.7	nM	572946	PMID	2	1
NPC21429	NPT109	Potency	=	3981.1	nM	465649	PMID	2	1
NPC21429	NPT149	Potency	=	25118.9	nM	465649	PMID	2	1
NPC21429	NPT210	Potency	=	12589.3	nM	465649	PMID	2	1
NPC21429	NPT211	Potency	=	15848.9	nM	465649	PMID	2	1
NPC21429	NPT52	Potency	=	3162.3	nM	465649	PMID	2	1
NPC21429	NPT539	Potency	=	12589.3	nM	465649	PMID	2	1
NPC21429	NPT58	Potency	=	19952.6	nM	465648	PMID	2	1
NPC21429	NPT96	Potency	=	316.2	nM	465649	PMID	2	1
NPC214610	NPT163	Potency	=	2.8	nM	451106	PMID	2	1
NPC214610	NPT210	Potency	=	6309.6	nM	451106	PMID	2	1
NPC215584	NPT109	Potency	=	158.5	nM	478177	PMID	2	1
NPC215584	NPT109	Potency	=	398.1	nM	478176	PMID	2	1
NPC215584	NPT1479	IC50	=	200	nM	478106	PMID	2	1
NPC215584	NPT1620	Potency	=	12589.3	nM	478176	PMID	2	1
NPC215584	NPT1620	Potency	=	12589.3	nM	478177	PMID	2	1
NPC215584	NPT1620	Potency	=	7943.3	nM	478178	PMID	2	1
NPC215584	NPT163	Potency	=	1412.5	nM	478176	PMID	2	1
NPC215584	NPT211	Potency	=	12589.3	nM	478177	PMID	2	1
NPC215584	NPT211	Potency	=	31622.8	nM	478178	PMID	2	1
NPC215584	NPT211	Potency	=	5011.9	nM	478176	PMID	2	1
NPC215584	NPT539	Potency	=	10000	nM	478177	PMID	2	1
NPC215584	NPT539	Potency	=	12589.3	nM	478176	PMID	2	1
NPC215584	NPT940	Potency	=	26121.6	nM	478180	PMID	2	1
NPC215584	NPT96	Potency	=	10000	nM	478176	PMID	2	1
NPC216092	NPT109	Potency	=	1258.9	nM	529303	PMID	2	1
NPC216122	NPT210	Potency	=	100	nM	570501	PMID	2	1
NPC216318	NPT51	Potency	=	14125.4	nM	481538	PMID	2	1
NPC216318	NPT52	Potency	=	39810.7	nM	481538	PMID	2	1
NPC216361	NPT109	Potency	=	31622.8	nM	485888	PMID	2	1
NPC216361	NPT163	Potency	=	10000	nM	485888	PMID	2	1
NPC216361	NPT51	Potency	=	15848.9	nM	485886	PMID	2	1
NPC216361	NPT58	Potency	=	19952.6	nM	485885	PMID	2	1
NPC216361	NPT96	Potency	=	3162.3	nM	485888	PMID	2	1
NPC218357	NPT210	Potency	=	31.6	nM	564990	PMID	2	1
NPC218530	NPT109	Potency	=	12589.3	nM	469561	PMID	2	1
NPC218530	NPT109	Potency	=	25118.9	nM	469559	PMID	2	1
NPC218530	NPT58	Potency	=	25118.9	nM	469558	PMID	2	1
NPC219876	NPT51	Potency	=	19952.6	nM	538135	PMID	2	1
NPC219876	NPT58	Potency	=	28183.8	nM	538135	PMID	2	1
NPC220140	NPT109	Potency	=	39810.7	nM	523273	PMID	2	1
NPC220765	NPT109	Potency	=	25118.9	nM	494013	PMID	2	1
NPC220765	NPT109	Potency	=	39810.7	nM	494015	PMID	2	1
NPC220765	NPT210	Potency	=	31622.8	nM	494013	PMID	2	1
NPC220765	NPT92	IC50	=	2	nM	493911	PMID	2	1
NPC222078	NPT109	Potency	=	31622.8	nM	507872	PMID	2	1
NPC222534	NPT668	IC50	=	1412.54	nM	17890094	PMID	2	1
NPC222534	NPT668	IC50	=	1412.54	nM	18083034	PMID	2	1
NPC222534	NPT668	IC50	=	1700	nM	11716514	PMID	2	1
NPC222534	NPT668	IC50	=	800	nM	12699389	PMID	2	1
NPC222534	NPT73	IC50	=	700	nM	22587986	PMID	2	1
NPC223354	NPT109	Potency	=	19952.6	nM	514125	PMID	2	1
NPC224651	NPT210	Potency	=	3981.1	nM	558343	PMID	2	1
NPC225464	NPT109	Potency	=	19952.6	nM	529541	PMID	2	1
NPC226066	NPT109	Potency	=	25118.9	nM	496721	PMID	2	1
NPC226265	NPT58	Potency	=	2.5	nM	467983	PMID	2	1
NPC226453	NPT163	Potency	=	251.2	nM	449821	PMID	2	1
NPC226941	NPT109	Potency	=	2511.9	nM	460469	PMID	2	1
NPC226941	NPT1834	Potency	=	5011.9	nM	460469	PMID	2	1
NPC226941	NPT210	Potency	=	15848.9	nM	460464	PMID	2	1
NPC226941	NPT210	Potency	=	1995.3	nM	460463	PMID	2	1
NPC226941	NPT96	Potency	=	501.2	nM	460469	PMID	2	1
NPC227841	NPT46	Potency	=	1778.3	nM	450869	PMID	2	1
NPC227841	NPT5318	IC50	=	300	nM	450868	PMID	2	1
NPC227986	NPT210	Potency	=	3162.3	nM	564002	PMID	2	1
NPC228343	NPT109	Potency	=	12589.3	nM	453686	PMID	2	1
NPC228343	NPT211	Potency	=	5011.9	nM	453686	PMID	2	1
NPC228785	NPT109	Potency	=	39810.7	nM	555829	PMID	2	1
NPC228785	NPT109	Potency	=	39810.7	nM	555830	PMID	2	1
NPC228785	NPT51	Potency	=	2818.4	nM	555829	PMID	2	1
NPC228785	NPT539	Potency	=	31622.8	nM	555829	PMID	2	1
NPC229113	NPT109	Potency	=	5011.9	nM	534033	PMID	2	1
NPC230068	NPT210	Potency	=	39810.7	nM	554333	PMID	2	1
NPC230301	NPT670	IC50	=	1500000	nM	521422	PMID	2	1
NPC230942	NPT58	Potency	=	281.8	nM	491286	PMID	2	1
NPC231149	NPT109	Potency	=	501.2	nM	468331	PMID	2	1
NPC231772	NPT109	Potency	=	2511.9	nM	494720	PMID	2	1
NPC231772	NPT109	Potency	=	3162.3	nM	494722	PMID	2	1
NPC231772	NPT109	Potency	=	7943.3	nM	494721	PMID	2	1
NPC231772	NPT211	Potency	=	794.3	nM	494720	PMID	2	1
NPC231884	NPT109	Potency	=	2511.9	nM	522513	PMID	2	1
NPC231884	NPT109	Potency	=	2511.9	nM	522514	PMID	2	1
NPC231884	NPT109	Potency	=	3162.3	nM	522515	PMID	2	1
NPC231884	NPT210	Potency	=	12589.3	nM	522515	PMID	2	1
NPC231884	NPT210	Potency	=	7943.3	nM	522513	PMID	2	1
NPC232247	NPT210	Potency	=	79.4	nM	558907	PMID	2	1
NPC232654	NPT109	Potency	=	31622.8	nM	485649	PMID	2	1
NPC232727	NPT109	Potency	=	10000	nM	463887	PMID	2	1
NPC232727	NPT109	Potency	=	15848.9	nM	463889	PMID	2	1
NPC232727	NPT109	Potency	=	39810.7	nM	463888	PMID	2	1
NPC232727	NPT211	Potency	=	6309.6	nM	463887	PMID	2	1
NPC233118	NPT109	Potency	=	10000	nM	536968	PMID	2	1
NPC233267	NPT109	Potency	=	25118.9	nM	569778	PMID	2	1
NPC233455	NPT109	Potency	=	15848.9	nM	497726	PMID	2	1
NPC234053	NPT109	Potency	=	15848.9	nM	570638	PMID	2	1
NPC234053	NPT210	Potency	=	7943.3	nM	570638	PMID	2	1
NPC234109	NPT60	Potency	=	22387.2	nM	515871	PMID	2	1
NPC234306	NPT210	Potency	=	1258.9	nM	524497	PMID	2	1
NPC234536	NPT109	Potency	=	1995.3	nM	485666	PMID	2	1
NPC234560	NPT109	Potency	=	15848.9	nM	474297	PMID	2	1
NPC234560	NPT109	Potency	=	25118.9	nM	474298	PMID	2	1
NPC234560	NPT149	Potency	=	31622.8	nM	474298	PMID	2	1
NPC234560	NPT163	Potency	=	4466.8	nM	474297	PMID	2	1
NPC234560	NPT248	IC50	=	2800	nM	474260	PMID	2	1
NPC234560	NPT52	Potency	=	25118.9	nM	474297	PMID	2	1
NPC234560	NPT539	Potency	=	10000	nM	474297	PMID	2	1
NPC234560	NPT58	Potency	=	501.2	nM	474296	PMID	2	1
NPC234560	NPT96	Potency	=	2511.9	nM	474297	PMID	2	1
NPC23559	NPT109	Potency	=	10000	nM	515807	PMID	2	1
NPC235797	NPT210	Potency	=	39810.7	nM	538915	PMID	2	1
NPC235900	NPT51	Potency	=	17782.8	nM	558401	PMID	2	1
NPC236347	NPT109	Potency	=	31622.8	nM	448857	PMID	2	1
NPC236347	NPT210	Potency	=	31622.8	nM	448860	PMID	2	1
NPC236347	NPT211	Potency	=	1584.9	nM	448860	PMID	2	1
NPC237812	NPT109	Potency	=	794.3	nM	488117	PMID	2	1
NPC237946	NPT109	Potency	=	1995.3	nM	459204	PMID	2	1
NPC237946	NPT211	Potency	=	15.8	nM	459204	PMID	2	1
NPC238023	NPT210	Potency	=	12589.3	nM	486829	PMID	2	1
NPC238629	NPT109	Potency	=	25118.9	nM	556263	PMID	2	1
NPC238629	NPT109	Potency	=	39810.7	nM	556264	PMID	2	1
NPC238861	NPT109	Potency	=	15848.9	nM	502960	PMID	2	1
NPC238861	NPT51	Potency	=	12589.3	nM	502959	PMID	2	1
NPC239312	NPT109	Potency	=	31622.8	nM	454670	PMID	2	1
NPC239312	NPT46	Potency	=	44668.4	nM	454670	PMID	2	1
NPC24019	NPT109	Potency	=	2511.9	nM	482617	PMID	2	1
NPC241089	NPT210	Potency	=	3162.3	nM	571552	PMID	2	1
NPC241089	NPT210	Potency	=	7943.3	nM	571553	PMID	2	1
NPC241392	NPT211	Potency	=	12589.3	nM	554346	PMID	2	1
NPC242895	NPT109	Potency	=	10000	nM	451979	PMID	2	1
NPC242895	NPT109	Potency	=	15848.9	nM	451977	PMID	2	1
NPC242895	NPT109	Potency	=	1995.3	nM	451983	PMID	2	1
NPC242895	NPT210	Potency	=	15848.9	nM	451982	PMID	2	1
NPC242930	NPT232	Ki	=	300	nM	501587	PMID	4	3
NPC243319	NPT58	Potency	=	7.9	nM	513555	PMID	2	1
NPC243509	NPT109	Potency	=	5011.9	nM	505384	PMID	2	1
NPC243509	NPT60	Potency	=	28183.8	nM	505383	PMID	2	1
NPC243677	NPT3504	Ki	=	680	nM	465878	PMID	2	1
NPC245531	NPT109	Potency	=	3162.3	nM	523039	PMID	2	1
NPC245531	NPT51	Potency	=	2238.7	nM	523039	PMID	2	1
NPC245896	NPT109	Potency	=	10000	nM	473969	PMID	2	1
NPC245896	NPT149	Potency	=	31622.8	nM	473969	PMID	2	1
NPC245896	NPT210	Potency	=	12589.3	nM	473969	PMID	2	1
NPC246708	NPT178	IC50	=	4440	nM	491790	PMID	2	1
NPC2476	NPT109	Potency	=	10000	nM	489574	PMID	2	1
NPC247871	NPT109	Potency	=	15848.9	nM	449661	PMID	2	1
NPC248573	NPT109	Potency	=	2511.9	nM	482771	PMID	2	1
NPC248573	NPT109	Potency	=	3162.3	nM	482772	PMID	2	1
NPC248573	NPT211	Potency	=	12589.3	nM	482774	PMID	2	1
NPC248573	NPT211	Potency	=	3162.3	nM	482771	PMID	2	1
NPC248573	NPT51	Potency	=	14125.4	nM	482772	PMID	2	1
NPC248573	NPT52	Potency	=	3162.3	nM	482772	PMID	2	1
NPC248573	NPT539	Potency	=	7943.3	nM	482772	PMID	2	1
NPC248573	NPT96	Potency	=	12589.3	nM	482772	PMID	2	1
NPC248970	NPT163	Potency	=	4466.8	nM	538706	PMID	2	1
NPC248970	NPT58	Potency	=	1000	nM	538707	PMID	2	1
NPC248970	NPT96	Potency	=	31622.8	nM	538706	PMID	2	1
NPC249067	NPT1444	IC50	=	2120000	nM	526116	PMID	2	1
NPC249797	NPT109	Potency	=	12589.3	nM	480078	PMID	2	1
NPC250266	NPT109	Potency	=	3162.3	nM	529789	PMID	2	1
NPC250436	NPT52	Potency	=	3981.1	nM	559111	PMID	2	1
NPC250822	NPT109	Potency	=	3162.3	nM	501720	PMID	2	1
NPC250999	NPT1062	Ki	=	6130	nM	535755	PMID	2	1
NPC250999	NPT1063	Ki	=	2410	nM	535755	PMID	2	1
NPC250999	NPT1143	Ki	=	5120	nM	535755	PMID	2	1
NPC250999	NPT1144	Ki	=	3550	nM	535755	PMID	2	1
NPC250999	NPT1146	Ki	=	1620	nM	535755	PMID	2	1
NPC250999	NPT3101	Ki	=	4150	nM	535755	PMID	2	1
NPC250999	NPT948	Ki	=	1720	nM	535755	PMID	2	1
NPC250999	NPT949	Ki	=	5400	nM	535755	PMID	2	1
NPC250999	NPT954	Ki	=	2910	nM	535755	PMID	2	1
NPC250999	NPT955	Ki	=	7760	nM	535755	PMID	2	1
NPC252154	NPT210	Potency	=	79.4	nM	456652	PMID	2	1
NPC252603	NPT211	Potency	=	3162.3	nM	542820	PMID	2	1
NPC253429	NPT210	Potency	=	15848.9	nM	507929	PMID	2	1
NPC253703	NPT109	Potency	=	15848.9	nM	553657	PMID	2	1
NPC254847	NPT109	Potency	=	10000	nM	468606	PMID	2	1
NPC254847	NPT210	Potency	=	2511.9	nM	468610	PMID	2	1
NPC254847	NPT210	Potency	=	31622.8	nM	468609	PMID	2	1
NPC254847	NPT210	Potency	=	7943.3	nM	468606	PMID	2	1
NPC254847	NPT211	Potency	=	10000	nM	468609	PMID	2	1
NPC254847	NPT539	Potency	=	31622.8	nM	468606	PMID	2	1
NPC254847	NPT58	Potency	=	3548.1	nM	468605	PMID	2	1
NPC254847	NPT96	Potency	=	12589.3	nM	468606	PMID	2	1
NPC255042	NPT109	Potency	=	15848.9	nM	509420	PMID	2	1
NPC255345	NPT149	Potency	=	39810.7	nM	479710	PMID	2	1
NPC255345	NPT210	Potency	=	39810.7	nM	479710	PMID	2	1
NPC255550	NPT109	Potency	=	2511.9	nM	467867	PMID	2	1
NPC255817	NPT109	Potency	=	3981.1	nM	555686	PMID	2	1
NPC255817	NPT210	Potency	=	10000	nM	555686	PMID	2	1
NPC255817	NPT539	Potency	=	10000	nM	555686	PMID	2	1
NPC256849	NPT216	Ki	=	44900	nM	511686	PMID	2	1
NPC256849	NPT217	Ki	=	23400	nM	511686	PMID	2	1
NPC256849	NPT218	Ki	=	13300	nM	511686	PMID	2	1
NPC256849	NPT4059	Ki	=	33800	nM	511686	PMID	2	1
NPC256853	NPT109	Potency	=	19952.6	nM	485947	PMID	2	1
NPC257124	NPT109	Potency	=	3981.1	nM	482398	PMID	2	1
NPC257236	NPT51	Potency	=	12589.3	nM	476367	PMID	2	1
NPC257236	NPT51	Potency	=	17782.8	nM	476369	PMID	2	1
NPC257236	NPT58	Potency	=	31622.8	nM	476367	PMID	2	1
NPC259134	NPT109	Potency	=	12589.3	nM	558697	PMID	2	1
NPC259134	NPT210	Potency	=	794.3	nM	558697	PMID	2	1
NPC259512	NPT2691	IC50	=	158000	nM	507465	PMID	2	1
NPC260977	NPT109	IC50	=	50000	nM	508773	PMID	2	1
NPC261012	NPT1044	IC50	=	1000	nM	562317	PMID	2	1
NPC261548	NPT109	Potency	=	2511.9	nM	487072	PMID	2	1
NPC262359	NPT109	Potency	=	2511.9	nM	487831	PMID	2	1
NPC26244	NPT109	Potency	=	7943.3	nM	573689	PMID	2	1
NPC26244	NPT211	Potency	=	10000	nM	573689	PMID	2	1
NPC26244	NPT60	Potency	=	28183.8	nM	573689	PMID	2	1
NPC262635	NPT109	Potency	=	3981.1	nM	485141	PMID	2	1
NPC262635	NPT109	Potency	=	7943.3	nM	485142	PMID	2	1
NPC262671	NPT109	Potency	=	25118.9	nM	522424	PMID	2	1
NPC262962	NPT210	Potency	=	39810.7	nM	550737	PMID	2	1
NPC263386	NPT109	Potency	=	31622.8	nM	537211	PMID	2	1
NPC263386	NPT58	Potency	=	28183.8	nM	537210	PMID	2	1
NPC264166	NPT109	Potency	=	15848.9	nM	505937	PMID	2	1
NPC264166	NPT210	Potency	=	25118.9	nM	505937	PMID	2	1
NPC264293	NPT109	Potency	=	10000	nM	510855	PMID	2	1
NPC264293	NPT109	Potency	=	5011.9	nM	510856	PMID	2	1
NPC266597	NPT109	Potency	=	7943.3	nM	503842	PMID	2	1
NPC266689	NPT60	Potency	=	177.8	nM	464992	PMID	2	1
NPC267691	NPT178	IC50	=	5320	nM	454289	PMID	2	1
NPC268718	NPT109	Potency	=	6309.6	nM	459531	PMID	2	1
NPC269877	NPT109	Potency	=	31622.8	nM	547761	PMID	2	1
NPC270094	NPT109	Potency	=	10000	nM	520421	PMID	2	1
NPC271732	NPT210	Potency	=	1258.9	nM	451802	PMID	2	1
NPC2724	NPT210	Potency	=	31.6	nM	492048	PMID	2	1
NPC272426	NPT210	Potency	=	39810.7	nM	510418	PMID	2	1
NPC273037	NPT109	Potency	=	1000	nM	491830	PMID	2	1
NPC273037	NPT163	Potency	=	10	nM	491830	PMID	2	1
NPC273037	NPT58	Potency	=	2.8	nM	491831	PMID	2	1
NPC273330	NPT109	Potency	=	25118.9	nM	527235	PMID	2	1
NPC273330	NPT52	Potency	=	5	nM	527235	PMID	2	1
NPC273758	NPT109	Potency	=	12589.3	nM	466606	PMID	2	1
NPC274443	NPT109	Potency	=	25118.9	nM	510204	PMID	2	1
NPC274455	NPT163	Potency	=	223.9	nM	456781	PMID	2	1
NPC274721	NPT109	Potency	=	31622.8	nM	474648	PMID	2	1
NPC275462	NPT210	Potency	=	12.6	nM	490035	PMID	2	1
NPC275960	NPT144	IC50	=	4000	nM	481292	PMID	2	1
NPC276332	NPT210	Potency	=	12589.3	nM	458808	PMID	2	1
NPC277021	NPT109	Potency	=	15848.9	nM	482311	PMID	2	1
NPC2771	NPT109	Potency	=	1995.3	nM	546522	PMID	2	1
NPC277704	NPT210	Potency	=	12589.3	nM	549690	PMID	2	1
NPC278175	NPT109	Potency	=	6309.6	nM	536636	PMID	2	1
NPC278175	NPT163	Potency	=	794.3	nM	536636	PMID	2	1
NPC278175	NPT96	Potency	=	2511.9	nM	536636	PMID	2	1
NPC278877	NPT1604	IC50	=	15000	nM	483308	PMID	2	1
NPC279026	NPT210	Potency	=	31622.8	nM	525425	PMID	2	1
NPC279121	NPT109	Potency	=	15848.9	nM	550899	PMID	2	1
NPC279121	NPT109	Potency	=	5011.9	nM	550898	PMID	2	1
NPC279121	NPT149	Potency	=	10000	nM	550898	PMID	2	1
NPC279121	NPT211	Potency	=	398.1	nM	550898	PMID	2	1
NPC279401	NPT58	Potency	=	2.8	nM	551671	PMID	2	1
NPC280026	NPT109	Potency	=	31622.8	nM	574203	PMID	2	1
NPC280807	NPT677	IC50	=	20	nM	519302	PMID	3	2
NPC280807	NPT677	IC50	=	50	nM	519302	PMID	2	1
NPC281020	NPT163	Potency	=	3.5	nM	572664	PMID	2	1
NPC281986	NPT109	Potency	=	12589.3	nM	529350	PMID	2	1
NPC282294	NPT210	Potency	=	15848.9	nM	542652	PMID	2	1
NPC282294	NPT211	Potency	=	12589.3	nM	542653	PMID	2	1
NPC282307	NPT109	Potency	=	31622.8	nM	474717	PMID	2	1
NPC282307	NPT211	Potency	=	3981.1	nM	474719	PMID	2	1
NPC282307	NPT539	Potency	=	31622.8	nM	474717	PMID	2	1
NPC282923	NPT109	Potency	=	25118.9	nM	486635	PMID	2	1
NPC282923	NPT210	Potency	=	15848.9	nM	486635	PMID	2	1
NPC28337	NPT109	Potency	=	31622.8	nM	525449	PMID	2	1
NPC285322	NPT210	Potency	=	7943.3	nM	558320	PMID	2	1
NPC285829	NPT1079	IC50	=	20000	nM	461048	PMID	2	1
NPC285829	NPT109	Potency	=	31622.8	nM	461013	PMID	2	1
NPC286006	NPT51	Potency	=	7079.5	nM	490323	PMID	2	1
NPC286641	NPT149	Potency	=	39810.7	nM	558389	PMID	2	1
NPC287331	NPT210	Potency	=	15848.9	nM	575652	PMID	2	1
NPC288089	NPT109	Potency	=	10000	nM	537614	PMID	2	1
NPC288089	NPT210	Potency	=	15848.9	nM	537614	PMID	2	1
NPC288089	NPT211	Potency	=	12589.3	nM	537616	PMID	2	1
NPC288089	NPT277	Potency	=	25118.9	nM	537616	PMID	2	1
NPC288089	NPT51	Potency	=	17782.8	nM	537615	PMID	2	1
NPC288240	NPT52	Potency	=	11220.2	nM	482802	PMID	2	1
NPC288838	NPT109	Potency	=	39810.7	nM	551301	PMID	2	1
NPC288840	NPT51	Potency	=	15848.9	nM	549822	PMID	2	1
NPC288840	NPT52	Potency	=	7943.3	nM	549822	PMID	2	1
NPC289432	NPT109	Potency	=	12589.3	nM	479527	PMID	2	1
NPC289979	NPT109	Potency	=	39810.7	nM	553606	PMID	2	1
NPC290550	NPT109	Potency	=	15848.9	nM	529956	PMID	2	1
NPC290550	NPT52	Potency	=	17782.8	nM	529955	PMID	2	1
NPC290566	NPT163	Potency	=	5011.9	nM	533193	PMID	2	1
NPC290566	NPT210	Potency	=	15848.9	nM	533193	PMID	2	1
NPC290566	NPT211	Potency	=	1258.9	nM	533194	PMID	2	1
NPC290566	NPT211	Potency	=	12589.3	nM	533193	PMID	2	1
NPC290971	NPT109	Potency	=	15848.9	nM	508029	PMID	2	1
NPC290971	NPT210	Potency	=	2511.9	nM	508029	PMID	2	1
NPC290971	NPT210	Potency	=	3162.3	nM	508028	PMID	2	1
NPC291389	NPT109	Potency	=	39810.7	nM	547057	PMID	2	1
NPC292758	NPT211	Potency	=	5011.9	nM	565826	PMID	2	1
NPC293255	NPT60	Potency	=	1122	nM	449315	PMID	2	1
NPC294226	NPT109	Potency	=	31622.8	nM	516667	PMID	2	1
NPC294226	NPT109	Potency	=	39810.7	nM	516668	PMID	2	1
NPC294409	NPT109	Potency	=	19952.6	nM	544810	PMID	2	1
NPC294409	NPT211	Potency	=	10000	nM	544810	PMID	2	1
NPC294548	NPT109	Potency	=	15848.9	nM	566980	PMID	2	1
NPC294548	NPT51	Potency	=	28183.8	nM	566981	PMID	2	1
NPC294902	NPT109	Potency	=	25118.9	nM	529143	PMID	2	1
NPC294902	NPT163	Potency	=	141.3	nM	529143	PMID	2	1
NPC294909	NPT109	Potency	=	10000	nM	449311	PMID	2	1
NPC294909	NPT109	Potency	=	10000	nM	449312	PMID	2	1
NPC294909	NPT110	Ki	=	4.6	nM	449308	PMID	2	1
NPC294909	NPT211	Potency	=	5011.9	nM	449312	PMID	2	1
NPC295204	NPT1282	AC50	=	7072	nM	456285	PMID	3	2
NPC295317	NPT210	Potency	=	1995.3	nM	513213	PMID	2	1
NPC296377	NPT60	Potency	=	35481.3	nM	459548	PMID	2	1
NPC296482	NPT109	Potency	=	12589.3	nM	530870	PMID	2	1
NPC296482	NPT109	Potency	=	15848.9	nM	530871	PMID	2	1
NPC296482	NPT210	Potency	=	7943.3	nM	530870	PMID	2	1
NPC297186	NPT109	Potency	=	1584.9	nM	459928	PMID	2	1
NPC298093	NPT109	Potency	=	15848.9	nM	482219	PMID	2	1
NPC298093	NPT210	Potency	=	1258.9	nM	482221	PMID	2	1
NPC298093	NPT58	Potency	=	22387.2	nM	482217	PMID	2	1
NPC298257	NPT109	Potency	=	7943.3	nM	463222	PMID	2	1
NPC298796	NPT109	Potency	=	31622.8	nM	513520	PMID	2	1
NPC299134	NPT109	Potency	=	25118.9	nM	451830	PMID	2	1
NPC299379	NPT109	Potency	=	39810.7	nM	496260	PMID	2	1
NPC299379	NPT51	Potency	=	31622.8	nM	496260	PMID	2	1
NPC299484	NPT210	Potency	=	7943.3	nM	538475	PMID	2	1
NPC299990	NPT109	Potency	=	39810.7	nM	519125	PMID	2	1
NPC300059	NPT58	Potency	=	12.6	nM	494643	PMID	2	1
NPC300984	NPT109	Potency	=	25118.9	nM	561956	PMID	2	1
NPC301696	NPT210	Potency	=	3162.3	nM	506824	PMID	2	1
NPC302188	NPT58	Potency	=	1584893.2	nM	541536	PMID	2	1
NPC302950	NPT109	Potency	=	10000	nM	566896	PMID	2	1
NPC302950	NPT109	Potency	=	15848.9	nM	566893	PMID	2	1
NPC302950	NPT210	Potency	=	2511.9	nM	566895	PMID	2	1
NPC302950	NPT211	Potency	=	5011.9	nM	566896	PMID	2	1
NPC304443	NPT109	Potency	=	12589.3	nM	495912	PMID	2	1
NPC305039	NPT211	Potency	=	3981.1	nM	521246	PMID	2	1
NPC305518	NPT109	Potency	=	25118.9	nM	494619	PMID	2	1
NPC305912	NPT109	Potency	=	15848.9	nM	487802	PMID	2	1
NPC306009	NPT210	Potency	=	12589.3	nM	462949	PMID	2	1
NPC306074	NPT210	Potency	=	39810.7	nM	519195	PMID	2	1
NPC306195	NPT109	Potency	=	39810.7	nM	456111	PMID	2	1
NPC306462	NPT1057	IC50	=	320000	nM	554100	PMID	2	1
NPC306462	NPT60	Potency	=	36.6	nM	554136	PMID	2	1
NPC306843	NPT109	Potency	=	15848.9	nM	553317	PMID	2	1
NPC306843	NPT149	Potency	=	12589.3	nM	553317	PMID	2	1
NPC306843	NPT211	Potency	=	1995.3	nM	553317	PMID	2	1
NPC307006	NPT58	Potency	=	12589.3	nM	529969	PMID	2	1
NPC307176	NPT109	Potency	=	3981.1	nM	553842	PMID	2	1
NPC307176	NPT109	Potency	=	3981.1	nM	553845	PMID	2	1
NPC307176	NPT210	Potency	=	10000	nM	553843	PMID	2	1
NPC307176	NPT210	Potency	=	25118.9	nM	553842	PMID	2	1
NPC307176	NPT211	Potency	=	12589.3	nM	553845	PMID	2	1
NPC307176	NPT96	Potency	=	10000	nM	553845	PMID	2	1
NPC307963	NPT109	Potency	=	19952.6	nM	499932	PMID	2	1
NPC307963	NPT4046	Ki	=	0.88	nM	500028	PMID	2	1
NPC307963	NPT4047	Ki	=	0.18	nM	500028	PMID	2	1
NPC307963	NPT58	Potency	=	1.6	nM	499937	PMID	2	1
NPC308267	NPT109	Potency	=	25118.9	nM	526700	PMID	2	1
NPC308267	NPT210	Potency	=	12589.3	nM	526701	PMID	2	1
NPC308301	NPT109	Potency	=	19952.6	nM	480185	PMID	2	1
NPC308301	NPT210	Potency	=	79.4	nM	480185	PMID	2	1
NPC308885	NPT109	Potency	=	3981.1	nM	493017	PMID	2	1
NPC308885	NPT109	Potency	=	3981.1	nM	493019	PMID	2	1
NPC308885	NPT109	Potency	=	7943.3	nM	493016	PMID	2	1
NPC309330	NPT163	Potency	=	28183.8	nM	506378	PMID	2	1
NPC309367	NPT109	Potency	=	15848.9	nM	498401	PMID	2	1
NPC309367	NPT1416	Potency	=	4.5	nM	498400	PMID	2	1
NPC309367	NPT52	Potency	=	14125.4	nM	498400	PMID	2	1
NPC310259	NPT109	Potency	=	1258.9	nM	491124	PMID	2	1
NPC311219	NPT210	Potency	=	50.1	nM	571806	PMID	2	1
NPC311219	NPT58	Potency	=	2.8	nM	571804	PMID	2	1
NPC311660	NPT210	Potency	=	10000	nM	489607	PMID	2	1
NPC31279	NPT109	Potency	=	3162.3	nM	550647	PMID	2	1
NPC313449	NPT109	Potency	=	1584.9	nM	507119	PMID	2	1
NPC313449	NPT109	Potency	=	3162.3	nM	507120	PMID	2	1
NPC313449	NPT109	Potency	=	6309.6	nM	507118	PMID	2	1
NPC313449	NPT211	Potency	=	10000	nM	507120	PMID	2	1
NPC313449	NPT211	Potency	=	1995.3	nM	507118	PMID	2	1
NPC313449	NPT96	Potency	=	5011.9	nM	507120	PMID	2	1
NPC313981	NPT109	Potency	=	31.6	nM	512580	PMID	2	1
NPC313981	NPT163	Potency	=	5623.4	nM	512580	PMID	2	1
NPC313981	NPT58	Potency	=	199.5	nM	512579	PMID	2	1
NPC314940	NPT210	Potency	=	19952.6	nM	532534	PMID	2	1
NPC314940	NPT210	Potency	=	39810.7	nM	532535	PMID	2	1
NPC315257	NPT51	Potency	=	5011.9	nM	467936	PMID	2	1
NPC315634	NPT109	Potency	=	3162.3	nM	538081	PMID	2	1
NPC316906	NPT109	Potency	=	5011.9	nM	543017	PMID	2	1
NPC316906	NPT210	Potency	=	1258.9	nM	543017	PMID	2	1
NPC316906	NPT940	Potency	=	18492.7	nM	543016	PMID	3	2
NPC316906	NPT96	Potency	=	12589.3	nM	543017	PMID	2	1
NPC317177	NPT109	Potency	=	39810.7	nM	492698	PMID	2	1
NPC317177	NPT211	Potency	=	251.2	nM	492698	PMID	2	1
NPC317177	NPT58	Potency	=	22.4	nM	492697	PMID	2	1
NPC317651	NPT211	Potency	=	199.5	nM	449022	PMID	2	1
NPC319140	NPT210	Potency	=	25118.9	nM	511829	PMID	2	1
NPC319140	NPT60	Potency	=	35481.3	nM	511829	PMID	2	1
NPC319549	NPT109	Potency	=	12589.3	nM	451731	PMID	2	1
NPC319628	NPT52	Potency	=	4466.8	nM	529635	PMID	2	1
NPC321011	NPT109	Potency	=	39810.7	nM	480941	PMID	2	1
NPC321011	NPT52	Potency	=	11220.2	nM	480940	PMID	2	1
NPC321929	NPT210	Potency	=	5011.9	nM	486475	PMID	2	1
NPC321929	NPT58	Potency	=	398.1	nM	486473	PMID	2	1
NPC322091	NPT109	Potency	=	39.8	nM	485192	PMID	2	1
NPC322091	NPT163	Potency	=	5011.9	nM	485192	PMID	2	1
NPC322091	NPT58	Potency	=	44668.4	nM	485192	PMID	2	1
NPC32279	NPT210	Potency	=	7943.3	nM	573940	PMID	2	1
NPC32298	NPT109	Potency	=	12589.3	nM	543355	PMID	2	1
NPC32298	NPT153	IC50	=	5900	nM	543348	PMID	2	1
NPC32441	NPT109	Potency	=	5011.9	nM	537528	PMID	2	1
NPC324772	NPT198	EC50	=	10	nM	570323	PMID	2	1
NPC325646	NPT109	Potency	=	25118.9	nM	528336	PMID	2	1
NPC326200	NPT210	Potency	=	25118.9	nM	449624	PMID	2	1
NPC328700	NPT109	Potency	=	2511.9	nM	569853	PMID	2	1
NPC328877	NPT109	Potency	=	31622.8	nM	502241	PMID	2	1
NPC329043	NPT149	Potency	=	25118.9	nM	541917	PMID	2	1
NPC32955	NPT210	Potency	=	39810.7	nM	526243	PMID	2	1
NPC330326	NPT109	Potency	=	15848.9	nM	560596	PMID	2	1
NPC330326	NPT109	Potency	=	3981.1	nM	560594	PMID	2	1
NPC330559	NPT668	IC50	=	6700	nM	12699389	PMID	2	1
NPC331672	NPT30	IC50	=	1200	nM	24920381	PMID	2	1
NPC331672	NPT31	IC50	=	1200	nM	24920381	PMID	2	1
NPC331672	NPT31	IC50	=	500	nM	20451397	PMID	2	1
NPC33320	NPT109	Potency	=	12589.3	nM	494828	PMID	2	1
NPC33320	NPT109	Potency	=	12589.3	nM	494830	PMID	2	1
NPC33320	NPT109	Potency	=	6309.6	nM	494829	PMID	2	1
NPC33320	NPT210	Potency	=	39810.7	nM	494828	PMID	2	1
NPC33320	NPT240	Ki	=	1900	nM	494834	PMID	2	1
NPC33338	NPT211	Potency	=	1995.3	nM	543696	PMID	2	1
NPC333691	NPT109	Potency	=	31622.8	nM	543621	PMID	2	1
NPC333691	NPT539	Potency	=	12589.3	nM	543621	PMID	2	1
NPC33986	NPT60	Potency	=	35481.3	nM	448230	PMID	2	1
NPC34770	NPT109	Potency	=	12589.3	nM	529474	PMID	2	1
NPC34770	NPT109	Potency	=	7943.3	nM	529475	PMID	2	1
NPC34864	NPT58	Potency	=	25118.9	nM	473190	PMID	2	1
NPC34864	NPT940	Potency	=	23280.9	nM	473192	PMID	2	1
NPC35744	NPT109	Potency	=	12589.3	nM	565916	PMID	2	1
NPC36229	NPT109	Potency	=	39810.7	nM	531162	PMID	2	1
NPC36835	NPT109	Potency	=	25118.9	nM	475373	PMID	2	1
NPC36835	NPT58	Potency	=	4466.8	nM	475374	PMID	2	1
NPC36836	NPT940	Potency	=	18492.7	nM	454776	PMID	2	1
NPC36916	NPT109	Potency	=	12589.3	nM	567485	PMID	2	1
NPC36916	NPT211	Potency	=	12589.3	nM	567485	PMID	2	1
NPC37423	NPT109	Potency	=	12589.3	nM	496509	PMID	2	1
NPC37423	NPT149	Potency	=	12589.3	nM	496509	PMID	2	1
NPC37423	NPT211	Potency	=	3162.3	nM	496509	PMID	2	1
NPC37493	NPT210	Potency	=	39810.7	nM	570535	PMID	2	1
NPC37496	NPT109	Potency	=	12589.3	nM	538449	PMID	2	1
NPC375265	NPT249	IC50	=	6.31	nM	20469868	PMID	2	1
NPC375265	NPT542	IC50	=	0.3	nM	12238914	PMID	2	1
NPC39426	NPT108	IC50	=	4660	nM	518489	PMID	2	1
NPC39426	NPT109	Potency	=	12589.3	nM	518581	PMID	2	1
NPC39426	NPT109	Potency	=	7943.3	nM	518587	PMID	2	1
NPC39426	NPT210	Potency	=	1000	nM	518587	PMID	2	1
NPC39426	NPT211	Potency	=	5011.9	nM	518590	PMID	2	1
NPC39426	NPT248	IC50	=	98.7	nM	518489	PMID	2	1
NPC39426	NPT52	Potency	=	25118.9	nM	518581	PMID	2	1
NPC39426	NPT539	Potency	=	10000	nM	518581	PMID	2	1
NPC39426	NPT58	Potency	=	0.2	nM	518583	PMID	2	1
NPC39426	NPT942	Ki	=	7000	nM	518676	PMID	3	2
NPC39426	NPT96	Potency	=	1584.9	nM	518581	PMID	2	1
NPC39600	NPT210	Potency	=	6309.6	nM	518129	PMID	2	1
NPC40209	NPT210	Potency	=	39810.7	nM	494295	PMID	2	1
NPC40818	NPT109	Potency	=	12589.3	nM	523907	PMID	2	1
NPC41326	NPT108	IC50	=	75.7	nM	571118	PMID	2	1
NPC41326	NPT211	Potency	=	10000	nM	571122	PMID	2	1
NPC41326	NPT248	IC50	=	18.6	nM	571118	PMID	2	1
NPC41326	NPT60	Potency	=	31622.8	nM	571122	PMID	2	1
NPC41719	NPT109	Potency	=	3162.3	nM	524939	PMID	2	1
NPC41719	NPT210	Potency	=	39810.7	nM	524940	PMID	2	1
NPC41721	NPT109	Potency	=	31622.8	nM	458718	PMID	2	1
NPC418074	NPT166	Ki	=	45.1	nM	15828829	PMID	2	1
NPC418074	NPT203	Ki	=	14.7	nM	15828829	PMID	2	1
NPC42793	NPT668	Ki	=	1750	nM	540938	PMID	2	1
NPC43264	NPT2724	IC50	=	1500	nM	561829	PMID	2	1
NPC434	NPT109	Potency	=	25118.9	nM	465793	PMID	2	1
NPC43945	NPT109	Potency	=	39810.7	nM	530659	PMID	2	1
NPC43945	NPT211	Potency	=	12589.3	nM	530660	PMID	2	1
NPC43945	NPT52	Potency	=	15848.9	nM	530661	PMID	2	1
NPC43945	NPT60	Potency	=	56234.1	nM	530661	PMID	2	1
NPC44063	NPT211	Potency	=	25.1	nM	463338	PMID	2	1
NPC45459	NPT109	Potency	=	19952.6	nM	520927	PMID	2	1
NPC45459	NPT163	Potency	=	12589.3	nM	520927	PMID	2	1
NPC45459	NPT210	Potency	=	5011.9	nM	520929	PMID	2	1
NPC45459	NPT51	Potency	=	39810.7	nM	520930	PMID	2	1
NPC45459	NPT58	Potency	=	19952.6	nM	520926	PMID	2	1
NPC46451	NPT109	Potency	=	12589.3	nM	538536	PMID	2	1
NPC46451	NPT109	Potency	=	3162.3	nM	538537	PMID	2	1
NPC46451	NPT1620	Potency	=	7943.3	nM	538537	PMID	2	1
NPC46451	NPT163	Potency	=	10000	nM	538537	PMID	2	1
NPC46451	NPT210	Potency	=	12589.3	nM	538536	PMID	2	1
NPC46451	NPT210	Potency	=	25118.9	nM	538537	PMID	2	1
NPC46451	NPT211	Potency	=	10000	nM	538536	PMID	2	1
NPC46451	NPT211	Potency	=	7943.3	nM	538537	PMID	2	1
NPC46451	NPT52	Potency	=	10000	nM	538537	PMID	2	1
NPC46451	NPT96	Potency	=	1000	nM	538537	PMID	2	1
NPC46565	NPT109	Potency	=	631	nM	514770	PMID	2	1
NPC4665	NPT163	Potency	=	1412.5	nM	463010	PMID	2	1
NPC4665	NPT210	Potency	=	39810.7	nM	463010	PMID	2	1
NPC4665	NPT211	Potency	=	15848.9	nM	463010	PMID	2	1
NPC4665	NPT58	Potency	=	6309.6	nM	463009	PMID	2	1
NPC4665	NPT96	Potency	=	10000	nM	463010	PMID	2	1
NPC4668	NPT210	Potency	=	39810.7	nM	559408	PMID	2	1
NPC469330	NPT109	Potency	=	10000	nM	455030	PMID	2	1
NPC469330	NPT163	Potency	=	316.2	nM	455030	PMID	2	1
NPC470003	NPT109	Potency	=	3162.3	nM	545475	PMID	2	1
NPC470003	NPT149	Potency	=	3162.3	nM	545475	PMID	2	1
NPC470003	NPT211	Potency	=	3162.3	nM	545475	PMID	2	1
NPC470090	NPT109	Potency	=	3981.1	nM	559691	PMID	2	1
NPC470090	NPT210	Potency	=	39810.7	nM	559695	PMID	2	1
NPC470090	NPT211	Potency	=	15848.9	nM	559695	PMID	2	1
NPC470090	NPT96	Potency	=	5011.9	nM	559691	PMID	2	1
NPC47059	NPT109	Potency	=	398.1	nM	570112	PMID	2	1
NPC471108	NPT940	Potency	=	23280.9	nM	548268	PMID	3	2
NPC471593	NPT109	Potency	=	39810.7	nM	567079	PMID	2	1
NPC471593	NPT210	Potency	=	19952.6	nM	567079	PMID	2	1
NPC471593	NPT211	Potency	=	5011.9	nM	567079	PMID	2	1
NPC471593	NPT58	Potency	=	28183.8	nM	567078	PMID	2	1
NPC471593	NPT96	Potency	=	5011.9	nM	567079	PMID	2	1
NPC471603	NPT109	Potency	=	1000	nM	485338	PMID	2	1
NPC471603	NPT163	Potency	=	11220.2	nM	485338	PMID	2	1
NPC471603	NPT210	Potency	=	12589.3	nM	485338	PMID	2	1
NPC471603	NPT210	Potency	=	7943.3	nM	485341	PMID	2	1
NPC471603	NPT58	Potency	=	50118.7	nM	485337	PMID	2	1
NPC471603	NPT96	Potency	=	31622.8	nM	485338	PMID	2	1
NPC473206	NPT109	Potency	=	3162.3	nM	526648	PMID	2	1
NPC473206	NPT109	Potency	=	3162.3	nM	526651	PMID	2	1
NPC473206	NPT1620	Potency	=	15848.9	nM	526651	PMID	2	1
NPC473206	NPT210	Potency	=	19952.6	nM	526648	PMID	2	1
NPC473206	NPT96	Potency	=	39.8	nM	526651	PMID	2	1
NPC473417	NPT109	Potency	=	10000	nM	564804	PMID	2	1
NPC473417	NPT109	Potency	=	15848.9	nM	564805	PMID	2	1
NPC473417	NPT163	Potency	=	11220.2	nM	564805	PMID	2	1
NPC473417	NPT940	Potency	=	16481.6	nM	564806	PMID	2	1
NPC473417	NPT96	Potency	=	15848.9	nM	564805	PMID	2	1
NPC474926	NPT109	Potency	=	31622.8	nM	488298	PMID	2	1
NPC474926	NPT441	IC50	=	37000	nM	488263	PMID	2	1
NPC476440	NPT109	Potency	=	3162.3	nM	482854	PMID	2	1
NPC476440	NPT163	Potency	=	3162.3	nM	482854	PMID	2	1
NPC476440	NPT211	Potency	=	25118.9	nM	482854	PMID	2	1
NPC476440	NPT58	Potency	=	50118.7	nM	482852	PMID	2	1
NPC476440	NPT96	Potency	=	10000	nM	482854	PMID	2	1
NPC47857	NPT109	Potency	=	15848.9	nM	449026	PMID	2	1
NPC478721	NPT1384	IC50	=	100	nM	31725297	PMID	2	1
NPC478721	NPT1495	IC50	=	100000	nM	18800762	PMID	2	1
NPC478793	NPT697	Ki	=	150000	nM	21123165	PMID	2	1
NPC478793	NPT697	Ki	=	200000	nM	21123165	PMID	2	1
NPC478816	NPT1594	IC50	=	1.5	nM	16434618	PMID	2	1
NPC479190	NPT109	IC50	=	80000	nM	29243920	PMID	2	1
NPC47936	NPT109	Potency	=	39810.7	nM	475567	PMID	2	1
NPC47936	NPT210	Potency	=	39810.7	nM	475567	PMID	2	1
NPC47936	NPT58	Potency	=	631	nM	475565	PMID	2	1
NPC479379	NPT204	IC50	=	190	nM	21459491	PMID	2	1
NPC479379	NPT204	IC50	=	47	nM	21459491	PMID	2	1
NPC479379	NPT439	IC50	=	36	nM	30739821	PMID	2	1
NPC480220	NPT2572	IC50	=	1900	nM	18849971	PMID	2	1
NPC480220	NPT3205	IC50	=	530	nM	18849971	PMID	2	1
NPC480220	NPT3370	IC50	=	9	nM	29133048	PMID	2	1
NPC480243	NPT570	IC50	=	100000	nM	28720329	PMID	2	1
NPC480243	NPT570	IC50	=	1100	nM	23871907	PMID	2	1
NPC480243	NPT570	IC50	=	500	nM	22551629	PMID	2	1
NPC480243	NPT570	IC50	=	560	nM	23871907	PMID	2	1
NPC480243	NPT570	IC50	=	700	nM	20451397	PMID	2	1
NPC482688	NPT570	IC50	=	1500	nM	24697244	PMID	4	3
NPC48342	NPT109	Potency	=	1000	nM	503480	PMID	2	1
NPC48342	NPT210	Potency	=	39810.7	nM	503480	PMID	2	1
NPC48342	NPT58	Potency	=	22.4	nM	503477	PMID	2	1
NPC483487	NPT1791	Ki	=	11.4	nM	18621536	PMID	2	1
NPC485458	NPT1464	IC50	=	50	nM	18686943	PMID	3	2
NPC485458	NPT1464	IC50	=	550	nM	26908025	PMID	2	1
NPC485458	NPT4735	IC50	=	1270	nM	29353721	PMID	2	1
NPC485458	NPT4735	IC50	=	50	nM	18686943	PMID	2	1
NPC485458	NPT4735	IC50	=	550	nM	26908025	PMID	2	1
NPC485883	NPT1689	IC50	=	5.9	nM	30926315	PMID	2	1
NPC485883	NPT3246	IC50	=	5.7	nM	30926315	PMID	2	1
NPC485883	NPT3276	IC50	=	53	nM	30926315	PMID	2	1
NPC488041	NPT145	EC50	=	1	nM	17616524	PMID	2	1
NPC488479	NPT144	IC50	=	3300	nM	11591511	PMID	3	2
NPC49075	NPT109	Potency	=	19952.6	nM	534407	PMID	2	1
NPC49196	NPT110	Ki	=	180	nM	455917	PMID	2	1
NPC49422	NPT109	Potency	=	31622.8	nM	543807	PMID	2	1
NPC50511	NPT210	Potency	=	5011.9	nM	520888	PMID	2	1
NPC50511	NPT211	Potency	=	12589.3	nM	520889	PMID	2	1
NPC50898	NPT109	Potency	=	1258.9	nM	516500	PMID	2	1
NPC50898	NPT109	Potency	=	3162.3	nM	516501	PMID	2	1
NPC50898	NPT109	Potency	=	7943.3	nM	516496	PMID	2	1
NPC50898	NPT163	Potency	=	19952.6	nM	516500	PMID	2	1
NPC50898	NPT211	Potency	=	12589.3	nM	516504	PMID	2	1
NPC50898	NPT211	Potency	=	1995.3	nM	516501	PMID	2	1
NPC50898	NPT52	Potency	=	3162.3	nM	516500	PMID	2	1
NPC50898	NPT96	Potency	=	501.2	nM	516500	PMID	2	1
NPC51146	NPT109	Potency	=	31622.8	nM	501396	PMID	2	1
NPC51443	NPT109	Potency	=	25118.9	nM	457175	PMID	2	1
NPC51443	NPT109	Potency	=	39810.7	nM	457174	PMID	2	1
NPC5167	NPT109	Potency	=	10000	nM	457066	PMID	2	1
NPC5167	NPT211	Potency	=	7943.3	nM	457066	PMID	2	1
NPC51695	NPT211	Potency	=	63.1	nM	467794	PMID	2	1
NPC51700	NPT178	IC50	=	3080	nM	566760	PMID	2	1
NPC51957	NPT210	Potency	=	39810.7	nM	463762	PMID	2	1
NPC52247	NPT901	IC50	=	100000	nM	551825	PMID	2	1
NPC52764	NPT109	Potency	=	5011.9	nM	484607	PMID	2	1
NPC53069	NPT109	Potency	=	12589.3	nM	528614	PMID	2	1
NPC53069	NPT211	Potency	=	2511.9	nM	528614	PMID	2	1
NPC55068	NPT58	Potency	=	44668.4	nM	550625	PMID	2	1
NPC55162	NPT109	Potency	=	39810.7	nM	495153	PMID	2	1
NPC55412	NPT109	Potency	=	15848.9	nM	545865	PMID	2	1
NPC55412	NPT210	Potency	=	39810.7	nM	545865	PMID	2	1
NPC55422	NPT109	Potency	=	39810.7	nM	456256	PMID	2	1
NPC56271	NPT285	IC50	<	1	nM	487213	PMID	2	1
NPC56271	NPT285	IC50	<	1	nM	487244	PMID	2	1
NPC56271	NPT285	IC50	<	1	nM	487249	PMID	2	1
NPC56271	NPT285	IC50	<	1	nM	487256	PMID	2	1
NPC56271	NPT285	IC50	=	2.2	nM	487239	PMID	2	1
NPC56271	NPT285	Potency	=	3.2	nM	487132	PMID	2	1
NPC57279	NPT210	Potency	=	19952.6	nM	526083	PMID	2	1
NPC58427	NPT109	Potency	=	19952.6	nM	555700	PMID	2	1
NPC58427	NPT211	Potency	=	10000	nM	555700	PMID	2	1
NPC58427	NPT52	Potency	=	2511.9	nM	555700	PMID	2	1
NPC58427	NPT96	Potency	=	2511.9	nM	555700	PMID	2	1
NPC59035	NPT210	Potency	=	6309.6	nM	506805	PMID	2	1
NPC59650	NPT210	Potency	=	4	nM	493336	PMID	2	1
NPC60553	NPT1062	Ki	=	360	nM	504001	PMID	2	1
NPC60553	NPT1063	Ki	=	33	nM	504001	PMID	2	1
NPC60553	NPT1143	Ki	=	410	nM	504001	PMID	2	1
NPC60553	NPT1144	Ki	=	750	nM	504001	PMID	2	1
NPC60553	NPT1146	Ki	=	570	nM	504001	PMID	2	1
NPC60553	NPT3101	Ki	=	65	nM	504001	PMID	2	1
NPC60553	NPT947	Ki	=	6230	nM	504001	PMID	2	1
NPC60553	NPT948	Ki	=	82	nM	504001	PMID	2	1
NPC60553	NPT949	Ki	=	93	nM	504001	PMID	2	1
NPC60553	NPT954	Ki	=	36	nM	504001	PMID	2	1
NPC60553	NPT955	Ki	=	420	nM	504001	PMID	2	1
NPC60672	NPT109	Potency	=	15848.9	nM	526873	PMID	2	1
NPC60672	NPT210	Potency	=	3981.1	nM	526873	PMID	2	1
NPC61	NPT52	Potency	=	1000	nM	464921	PMID	2	1
NPC61477	NPT51	Potency	=	14125.4	nM	525502	PMID	2	1
NPC6166	NPT109	Potency	=	7943.3	nM	451265	PMID	2	1
NPC61944	NPT210	Potency	=	25118.9	nM	529839	PMID	2	1
NPC62765	NPT210	Potency	=	10000	nM	452778	PMID	2	1
NPC63370	NPT109	Potency	=	1000	nM	489522	PMID	2	1
NPC63370	NPT58	Potency	=	28183.8	nM	489521	PMID	2	1
NPC64576	NPT163	Potency	=	10	nM	511249	PMID	2	1
NPC64872	NPT109	Potency	=	25118.9	nM	543306	PMID	2	1
NPC65517	NPT109	Potency	=	1000	nM	454449	PMID	2	1
NPC65517	NPT163	Potency	=	10000	nM	454449	PMID	2	1
NPC65517	NPT211	Potency	=	1995.3	nM	454454	PMID	2	1
NPC65517	NPT58	Potency	=	2.8	nM	454451	PMID	2	1
NPC65517	NPT940	Potency	=	14689.2	nM	454453	PMID	2	1
NPC65517	NPT96	Potency	=	12589.3	nM	454449	PMID	2	1
NPC66581	NPT1282	AC50	=	5222	nM	528387	PMID	3	2
NPC66655	NPT210	Potency	=	20	nM	543111	PMID	2	1
NPC67250	NPT210	Potency	=	7943.3	nM	544901	PMID	2	1
NPC67585	NPT109	Potency	=	19952.6	nM	465998	PMID	2	1
NPC68441	NPT109	Potency	=	31622.8	nM	525100	PMID	2	1
NPC68441	NPT149	Potency	=	5011.9	nM	525100	PMID	2	1
NPC68441	NPT211	Potency	=	10000	nM	525096	PMID	2	1
NPC68441	NPT277	Potency	=	12589.3	nM	525100	PMID	2	1
NPC68441	NPT277	Potency	=	25118.9	nM	525100	PMID	2	1
NPC68441	NPT51	Potency	=	19952.6	nM	525098	PMID	2	1
NPC68441	NPT51	Potency	=	25118.9	nM	525099	PMID	2	1
NPC68441	NPT51	Potency	=	28183.8	nM	525095	PMID	2	1
NPC68441	NPT51	Potency	=	31622.8	nM	525100	PMID	2	1
NPC68441	NPT539	Potency	=	19952.6	nM	525100	PMID	2	1
NPC68441	NPT940	Potency	=	14689.2	nM	525102	PMID	2	1
NPC6848	NPT210	Potency	=	15.8	nM	447977	PMID	2	1
NPC6854	NPT109	Potency	=	10000	nM	546600	PMID	2	1
NPC6854	NPT539	Potency	=	31622.8	nM	546600	PMID	2	1
NPC68577	NPT210	Potency	=	1258.9	nM	542412	PMID	2	1
NPC69374	NPT58	Potency	=	125.9	nM	476164	PMID	2	1
NPC70201	NPT109	Potency	=	25118.9	nM	479093	PMID	2	1
NPC70290	NPT109	Potency	=	1995.3	nM	448465	PMID	2	1
NPC70290	NPT109	Potency	=	5011.9	nM	448466	PMID	2	1
NPC70290	NPT210	Potency	=	12589.3	nM	448464	PMID	2	1
NPC70290	NPT96	Potency	=	6309.6	nM	448465	PMID	2	1
NPC70940	NPT210	Potency	=	2511.9	nM	483683	PMID	2	1
NPC70940	NPT58	Potency	=	2.8	nM	483684	PMID	2	1
NPC71074	NPT178	IC50	=	5490	nM	514329	PMID	2	1
NPC7154	NPT109	Potency	=	10000	nM	544227	PMID	2	1
NPC7154	NPT149	Potency	=	31622.8	nM	544227	PMID	2	1
NPC7154	NPT210	Potency	=	2511.9	nM	544227	PMID	2	1
NPC71853	NPT109	Potency	=	12589.3	nM	450442	PMID	2	1
NPC71853	NPT210	Potency	=	12589.3	nM	450442	PMID	2	1
NPC7214	NPT210	Potency	=	2511.9	nM	555959	PMID	2	1
NPC7214	NPT987	Ki	=	5.37	nM	555955	PMID	2	1
NPC7214	NPT987	Ki	=	5.37	nM	555958	PMID	2	1
NPC72455	NPT109	Potency	=	398.1	nM	454840	PMID	2	1
NPC72788	NPT210	Potency	=	31622.8	nM	481262	PMID	2	1
NPC72788	NPT210	Potency	=	31622.8	nM	481263	PMID	2	1
NPC72980	NPT109	Potency	=	19952.6	nM	528874	PMID	2	1
NPC73532	NPT109	Potency	=	7943.3	nM	448946	PMID	2	1
NPC73738	NPT109	Potency	=	12589.3	nM	463820	PMID	2	1
NPC73738	NPT96	Potency	=	12589.3	nM	463820	PMID	2	1
NPC74539	NPT109	Potency	=	10000	nM	528066	PMID	2	1
NPC74539	NPT210	Potency	=	3981.1	nM	528066	PMID	2	1
NPC75694	NPT109	Potency	=	10000	nM	546340	PMID	2	1
NPC75694	NPT109	Potency	=	19952.6	nM	546342	PMID	2	1
NPC75694	NPT697	Ki	=	1500	nM	546386	PMID	4	3
NPC75694	NPT697	Ki	=	2000	nM	546386	PMID	4	3
NPC75844	NPT210	Potency	=	794.3	nM	457516	PMID	2	1
NPC75844	NPT96	Potency	=	12.6	nM	457512	PMID	2	1
NPC76336	NPT211	Potency	=	12589.3	nM	493560	PMID	2	1
NPC77890	NPT109	Potency	=	31622.8	nM	572262	PMID	2	1
NPC77955	NPT109	Potency	=	7943.3	nM	490490	PMID	2	1
NPC78222	NPT109	Potency	=	7943.3	nM	491406	PMID	2	1
NPC78222	NPT51	Potency	=	5011.9	nM	491406	PMID	2	1
NPC78359	NPT204	IC50	=	7300	nM	495603	PMID	2	1
NPC78359	NPT204	IC50	=	800	nM	495603	PMID	2	1
NPC7839	NPT51	Potency	=	15848.9	nM	476430	PMID	2	1
NPC7839	NPT52	Potency	=	112.2	nM	476430	PMID	2	1
NPC78540	NPT109	Potency	=	2511.9	nM	555399	PMID	2	1
NPC78540	NPT109	Potency	=	3162.3	nM	555402	PMID	2	1
NPC78540	NPT109	Potency	=	7943.3	nM	555401	PMID	2	1
NPC78540	NPT211	Potency	=	6309.6	nM	555402	PMID	2	1
NPC78612	NPT109	Potency	=	10000	nM	532481	PMID	2	1
NPC79943	NPT109	Potency	=	10000	nM	573448	PMID	2	1
NPC79943	NPT109	Potency	=	12589.3	nM	573447	PMID	2	1
NPC80129	NPT109	Potency	=	31622.8	nM	555707	PMID	2	1
NPC81010	NPT741	IC50	=	2000	nM	459040	PMID	2	1
NPC81907	NPT210	Potency	=	39810.7	nM	524477	PMID	2	1
NPC83187	NPT210	Potency	=	39810.7	nM	450068	PMID	2	1
NPC83987	NPT210	Potency	=	15848.9	nM	504412	PMID	2	1
NPC84281	NPT58	Potency	=	1412.5	nM	565763	PMID	2	1
NPC84478	NPT109	Potency	=	19952.6	nM	569063	PMID	2	1
NPC84478	NPT210	Potency	=	31622.8	nM	569065	PMID	2	1
NPC84478	NPT60	Potency	=	22387.2	nM	569064	PMID	2	1
NPC85233	NPT109	Potency	=	25118.9	nM	568288	PMID	2	1
NPC85276	NPT163	Potency	=	2238.7	nM	572186	PMID	2	1
NPC85276	NPT210	Potency	=	31622.8	nM	572186	PMID	2	1
NPC85276	NPT211	Potency	=	6309.6	nM	572186	PMID	2	1
NPC85276	NPT96	Potency	=	12589.3	nM	572186	PMID	2	1
NPC85661	NPT109	Potency	=	10000	nM	501288	PMID	2	1
NPC85661	NPT109	Potency	=	63.1	nM	501290	PMID	2	1
NPC85813	NPT109	Potency	=	31622.8	nM	574146	PMID	2	1
NPC85813	NPT210	Potency	=	31622.8	nM	574146	PMID	2	1
NPC85813	NPT3504	IC50	=	690	nM	574174	PMID	2	1
NPC85813	NPT4001	IC50	=	1000	nM	574163	PMID	2	1
NPC85813	NPT869	EC50	=	540	nM	574136	PMID	2	1
NPC87125	NPT109	Potency	=	39810.7	nM	469280	PMID	2	1
NPC88325	NPT210	Potency	=	5011.9	nM	449638	PMID	2	1
NPC88803	NPT109	Potency	=	19952.6	nM	468262	PMID	2	1
NPC88803	NPT51	Potency	=	6309.6	nM	468262	PMID	2	1
NPC88839	NPT210	Potency	=	10000	nM	475936	PMID	2	1
NPC88923	NPT109	Potency	=	3981.1	nM	513412	PMID	2	1
NPC88923	NPT210	Potency	=	15848.9	nM	513412	PMID	2	1
NPC88923	NPT58	Potency	=	17782.8	nM	513413	PMID	2	1
NPC88923	NPT668	IC50	=	2100	nM	513441	PMID	2	1
NPC88923	NPT96	Potency	=	31622.8	nM	513412	PMID	2	1
NPC89630	NPT3504	Ki	=	56	nM	515714	PMID	3	2
NPC90411	NPT60	Potency	=	11220.2	nM	521564	PMID	2	1
NPC91495	NPT109	Potency	=	39810.7	nM	550307	PMID	2	1
NPC91495	NPT109	Potency	=	7943.3	nM	550308	PMID	2	1
NPC92730	NPT109	Potency	=	25118.9	nM	495216	PMID	2	1
NPC92730	NPT109	Potency	=	6309.6	nM	495215	PMID	2	1
NPC92869	NPT109	Potency	=	7943.3	nM	529556	PMID	2	1
NPC93730	NPT109	Potency	=	25118.9	nM	476230	PMID	2	1
NPC93756	NPT109	Potency	=	25118.9	nM	542032	PMID	2	1
NPC93882	NPT109	Potency	=	25118.9	nM	463250	PMID	2	1
NPC93882	NPT109	Potency	=	3981.1	nM	463248	PMID	2	1
NPC93882	NPT58	Potency	=	50118.7	nM	463247	PMID	2	1
NPC94045	NPT109	Potency	=	31622.8	nM	480984	PMID	2	1
NPC94167	NPT109	Potency	=	19952.6	nM	476805	PMID	2	1
NPC94298	NPT210	Potency	=	12589.3	nM	454541	PMID	2	1
NPC95412	NPT109	Potency	=	6309.6	nM	494404	PMID	2	1
NPC95589	NPT96	Potency	=	7943.3	nM	498465	PMID	2	1
NPC96102	NPT109	Potency	=	39810.7	nM	469364	PMID	2	1
NPC96102	NPT163	Potency	=	12589.3	nM	469364	PMID	2	1
NPC96286	NPT109	Potency	=	15848.9	nM	543944	PMID	2	1
NPC96619	NPT210	Potency	=	39810.7	nM	515135	PMID	2	1
NPC96835	NPT210	Potency	=	1000	nM	528553	PMID	2	1
NPC96940	NPT543	EC50	=	12600	nM	548868	PMID	2	1
NPC97260	NPT210	Potency	=	1000	nM	546492	PMID	2	1
NPC9743	NPT109	Potency	=	10000	nM	545701	PMID	2	1
NPC9743	NPT163	Potency	=	1584.9	nM	545701	PMID	2	1
NPC9743	NPT211	Potency	=	25118.9	nM	545701	PMID	2	1
NPC97870	NPT109	Potency	=	39810.7	nM	575328	PMID	2	1
NPC97870	NPT163	Potency	=	39.8	nM	575322	PMID	2	1
NPC97870	NPT58	Potency	=	2.8	nM	575327	PMID	2	1
NPC97870	NPT58	Potency	=	446683.6	nM	575325	PMID	2	1
NPC97870	NPT96	Potency	=	5011.9	nM	575323	PMID	2	1
NPC98098	NPT210	Potency	=	31.6	nM	523346	PMID	2	1
NPC98371	NPT1661	IC50	=	1.7	nM	482054	PMID	2	1
NPC98371	NPT51	Potency	=	4466.8	nM	481907	PMID	2	1
NPC99240	NPT109	Potency	=	15848.9	nM	491179	PMID	2	1
