np_id	Unique_Target_Count	Total_Evidence_Record_Count	Unique_Reference_Count
NPC98371	328	1328	1240
NPC20791	125	267	226
NPC470090	107	134	127
NPC178134	77	111	100
NPC279121	71	115	98
NPC161571	67	161	134
NPC50898	67	147	118
NPC39426	64	177	135
NPC109083	61	97	82
NPC169749	60	132	104
NPC56271	50	299	220
NPC480220	50	269	232
NPC160900	49	103	88
NPC116775	48	78	66
NPC149571	47	169	119
NPC105727	47	47	47
NPC68441	46	182	140
NPC190945	42	131	101
NPC215584	42	97	71
NPC239312	41	75	60
NPC471603	39	82	69
NPC294902	39	64	58
NPC204932	38	74	63
NPC216361	38	67	52
NPC250436	36	63	49
NPC254847	35	64	48
NPC133162	34	80	46
NPC234560	33	78	61
NPC212415	33	68	48
NPC208553	33	62	45
NPC263386	33	60	48
NPC78540	32	78	59
NPC116961	32	75	60
NPC46451	32	69	47
NPC129909	31	93	72
NPC43945	31	58	44
NPC65517	31	48	38
NPC140840	31	32	31
NPC48342	30	296	234
NPC307176	30	121	85
NPC316906	30	59	40
NPC242895	30	58	47
NPC225710	30	37	33
NPC331672	29	220	193
NPC232727	29	104	88
NPC195268	29	82	60
NPC100079	29	46	31
NPC328267	28	132	107
NPC294409	28	50	38
NPC88923	27	57	42
NPC32441	27	45	39
NPC309367	27	43	32
NPC473417	26	53	35
NPC51443	26	50	42
NPC285829	26	48	35
NPC125416	26	33	27
NPC146422	25	179	119
NPC317177	25	157	136
NPC228343	25	66	56
NPC231772	25	55	39
NPC476440	25	48	34
NPC19174	25	41	33
NPC51700	24	77	66
NPC34864	24	51	40
NPC236347	24	44	28
NPC330559	23	44	29
NPC76336	23	42	40
NPC137949	23	41	34
NPC21429	23	40	31
NPC288089	23	38	27
NPC61	23	38	25
NPC299568	23	31	30
NPC42793	22	169	109
NPC137958	22	143	93
NPC208280	22	53	38
NPC228785	22	44	33
NPC294548	22	39	34
NPC108288	22	36	29
NPC302950	22	36	28
NPC250999	22	35	22
NPC100551	22	34	32
NPC298093	22	30	24
NPC73738	22	28	22
NPC277510	22	22	22
NPC220765	21	304	211
NPC36836	21	51	38
NPC281398	21	40	34
NPC196449	21	39	27
NPC84478	21	39	35
NPC91495	21	37	30
NPC318325	21	35	21
NPC95162	21	32	30
NPC328877	21	30	23
NPC77000	21	25	21
NPC61477	21	24	21
NPC142415	20	95	83
NPC248573	20	50	34
NPC313449	20	44	30
NPC99734	20	43	27
NPC247553	20	28	27
NPC190461	20	27	21
NPC52247	20	23	20
NPC307963	19	170	143
NPC222534	19	136	105
NPC143168	19	43	29
NPC296482	19	39	30
NPC226941	19	34	23
NPC32298	19	34	23
NPC45459	19	34	24
NPC261012	19	30	25
NPC147418	19	28	20
NPC187432	19	26	22
NPC95589	19	26	23
NPC81010	19	25	23
NPC156461	18	55	43
NPC190501	18	52	35
NPC481151	18	47	44
NPC318591	18	42	30
NPC85813	18	33	25
NPC280026	18	28	24
NPC282294	18	27	24
NPC2771	18	24	20
NPC70201	18	21	20
NPC280807	17	377	360
NPC462686	17	110	105
NPC256849	17	71	64
NPC264938	17	56	56
NPC174802	17	47	32
NPC257236	17	41	32
NPC238629	17	38	29
NPC294226	17	30	25
NPC41326	17	29	23
NPC53069	17	28	21
NPC138299	17	21	18
NPC216318	17	21	17
NPC321011	17	21	18
NPC193536	17	20	17
NPC149300	17	19	17
NPC257188	17	19	18
NPC483363	16	40	39
NPC161423	16	30	25
NPC123273	16	28	17
NPC133140	16	28	22
NPC227841	16	28	20
NPC273037	16	25	21
NPC278175	16	24	17
NPC476464	16	23	21
NPC291389	16	22	21
NPC261831	16	20	19
NPC187145	16	18	16
NPC264166	15	90	78
NPC169207	15	54	38
NPC479190	15	49	38
NPC255550	15	44	35
NPC473206	15	40	23
NPC139891	15	32	31
NPC233455	15	32	28
NPC141791	15	27	15
NPC4665	15	26	19
NPC180508	15	23	19
NPC209560	15	23	20
NPC24019	15	23	18
NPC246693	15	23	18
NPC219876	15	21	18
NPC253703	15	21	16
NPC96102	15	21	17
NPC270094	15	20	19
NPC275960	15	20	16
NPC265547	15	19	19
NPC136330	15	18	16
NPC88803	15	18	15
NPC157931	15	17	17
NPC246162	15	16	15
NPC114682	15	15	15
NPC18188	14	88	27
NPC100980	14	66	66
NPC274455	14	60	58
NPC49196	14	52	36
NPC179787	14	40	33
NPC69374	14	36	29
NPC29883	14	27	27
NPC92111	14	27	23
NPC201731	14	25	18
NPC282307	14	24	16
NPC478816	14	21	15
NPC180006	14	20	19
NPC74539	14	20	16
NPC46565	14	19	18
NPC78222	14	19	14
NPC289432	14	18	14
NPC7839	14	18	14
NPC55068	14	17	14
NPC175013	14	16	14
NPC479379	13	290	273
NPC311219	13	44	40
NPC47135	13	32	25
NPC229113	13	29	20
NPC194562	13	25	21
NPC173555	13	24	20
NPC164778	13	21	14
NPC482688	13	21	17
NPC214036	13	20	14
NPC212794	13	19	14
NPC70744	13	18	18
NPC158179	13	17	17
NPC179950	13	17	14
NPC203468	13	17	14
NPC41719	13	17	13
NPC161593	13	16	15
NPC16031	13	15	13
NPC72980	13	15	13
NPC130230	13	14	13
NPC156654	13	14	14
NPC176740	13	13	13
NPC280254	13	13	13
NPC252603	12	86	79
NPC306462	12	49	32
NPC294909	12	32	17
NPC471593	12	30	21
NPC92730	12	27	17
NPC115159	12	20	12
NPC139397	12	20	16
NPC36916	12	19	13
NPC146703	12	18	15
NPC147000	12	18	12
NPC93730	12	18	12
NPC57601	12	17	12
NPC237946	12	16	14
NPC27208	12	16	13
NPC131530	12	14	12
NPC208022	12	14	12
NPC35744	12	13	12
NPC125039	12	12	12
NPC275053	12	12	12
NPC479399	11	230	167
NPC75694	11	74	59
NPC182570	11	53	45
NPC308885	11	38	24
NPC488871	11	31	24
NPC99864	11	25	20
NPC60553	11	24	13
NPC34770	11	22	19
NPC191774	11	20	18
NPC83287	11	20	18
NPC290550	11	19	15
NPC306843	11	19	13
NPC58427	11	19	11
NPC126029	11	18	13
NPC103540	11	17	15
NPC255817	11	17	11
NPC300984	11	17	12
NPC85276	11	17	11
NPC97870	11	17	12
NPC208284	11	16	11
NPC63545	11	16	16
NPC160512	11	15	12
NPC191104	11	15	12
NPC282923	11	15	13
NPC207428	11	14	13
NPC292452	11	14	13
NPC36835	11	14	12
NPC7154	11	14	11
NPC82016	11	14	11
NPC95412	11	14	13
NPC129533	11	13	11
NPC297186	11	13	11
NPC67250	11	13	11
NPC100887	11	12	12
NPC172262	11	12	11
NPC312918	11	12	11
NPC77955	11	12	11
NPC94167	11	12	11
NPC110899	11	11	11
NPC306277	11	11	11
NPC481178	11	11	11
NPC375265	10	173	119
NPC478721	10	43	30
NPC185991	10	24	23
NPC207554	10	24	16
NPC33320	10	24	15
NPC145888	10	21	15
NPC218530	10	21	14
NPC238861	10	20	14
NPC264293	10	20	13
NPC75844	10	19	14
NPC274443	10	18	13
NPC93882	10	18	11
NPC5167	10	17	12
NPC12022	10	16	10
NPC18509	10	16	10
NPC197239	10	16	12
NPC94045	10	15	10
NPC118522	10	14	12
NPC250266	10	14	11
NPC262359	10	14	10
NPC288840	10	14	10
NPC55422	10	14	10
NPC67585	10	14	10
NPC100734	10	13	10
NPC128216	10	13	11
NPC233118	10	13	10
NPC215008	10	12	12
NPC241498	10	12	12
NPC277021	10	12	10
NPC288240	10	12	10
NPC51146	10	12	11
NPC62840	10	12	11
NPC150978	10	11	10
NPC191310	10	11	10
NPC325871	10	11	10
NPC51695	10	11	10
NPC206341	10	10	10
NPC213552	10	10	10
NPC475524	10	10	10
NPC482687	10	10	10
NPC480243	9	99	71
NPC321053	9	49	49
NPC206372	9	46	44
NPC483487	9	21	17
NPC2634	9	19	15
NPC70940	9	18	14
NPC300596	9	17	15
NPC112224	9	16	9
NPC177281	9	16	13
NPC26244	9	16	10
NPC63370	9	16	12
NPC144258	9	15	11
NPC165549	9	15	9
NPC208793	9	15	11
NPC292265	9	15	15
NPC85233	9	15	13
NPC197425	9	14	11
NPC274721	9	14	9
NPC278308	9	14	9
NPC55412	9	14	12
NPC234053	9	13	10
NPC248970	9	13	10
NPC66083	9	13	13
NPC147983	9	12	11
NPC216630	9	12	12
NPC231149	9	12	11
NPC269877	9	12	10
NPC286342	9	12	11
NPC293454	9	12	10
NPC87125	9	12	10
NPC106334	9	11	9
NPC148183	9	11	9
NPC166287	9	11	9
NPC22079	9	11	9
NPC57565	9	11	10
NPC73855	9	11	9
NPC273758	9	10	9
NPC281131	9	10	9
NPC314192	9	10	9
NPC90875	9	10	9
NPC192533	9	9	9
NPC244799	9	9	9
NPC264145	9	9	9
NPC285776	9	9	9
NPC304954	9	9	9
NPC230942	8	85	78
NPC167400	8	56	35
NPC317474	8	55	39
NPC259182	8	47	45
NPC185498	8	31	27
NPC195788	8	27	17
NPC111088	8	26	25
NPC213222	8	23	21
NPC330326	8	19	13
NPC84281	8	18	10
NPC187022	8	17	8
NPC68327	8	16	16
NPC226066	8	15	11
NPC262635	8	15	10
NPC120671	8	14	9
NPC202771	8	14	10
NPC20287	8	14	8
NPC257124	8	14	10
NPC6854	8	14	8
NPC110396	8	13	8
NPC137096	8	13	11
NPC156021	8	13	11
NPC245896	8	13	10
NPC262253	8	13	13
NPC288411	8	13	10
NPC37423	8	13	8
NPC488012	8	13	13
NPC5989	8	13	13
NPC206876	8	12	12
NPC249797	8	12	8
NPC310259	8	12	10
NPC9743	8	12	8
NPC125062	8	11	10
NPC139813	8	11	9
NPC150908	8	11	8
NPC213216	8	11	8
NPC241089	8	11	9
NPC25581	8	11	10
NPC72260	8	11	11
NPC125732	8	10	9
NPC138978	8	10	8
NPC183950	8	10	10
NPC189314	8	10	8
NPC195763	8	10	8
NPC23559	8	10	8
NPC41721	8	10	8
NPC93241	8	10	8
NPC102810	8	9	8
NPC109637	8	9	9
NPC117572	8	9	9
NPC119224	8	9	8
NPC133003	8	9	8
NPC139548	8	9	8
NPC209970	8	9	8
NPC22783	8	9	8
NPC294852	8	9	8
NPC302188	8	9	8
NPC64359	8	9	8
NPC13826	8	8	8
NPC167546	8	8	8
NPC202768	8	8	8
NPC256838	8	8	8
NPC27633	8	8	8
NPC285635	8	8	8
NPC289459	8	8	8
NPC325599	8	8	8
NPC328740	8	8	8
NPC40702	8	8	8
NPC334061	7	110	49
NPC111132	7	105	72
NPC1591	7	70	38
NPC479118	7	67	56
NPC96940	7	56	49
NPC52764	7	45	39
NPC483990	7	43	39
NPC231884	7	24	14
NPC13504	7	20	17
NPC171905	7	19	10
NPC110126	7	15	11
NPC478922	7	15	15
NPC314940	7	14	11
NPC86477	7	14	11
NPC112454	7	13	10
NPC245531	7	13	7
NPC266116	7	13	8
NPC43246	7	13	7
NPC13470	7	12	11
NPC179464	7	12	11
NPC201844	7	12	9
NPC234536	7	12	8
NPC988	7	12	9
NPC260909	7	11	8
NPC264317	7	11	10
NPC294941	7	11	11
NPC470003	7	11	7
NPC13696	7	10	9
NPC170812	7	10	7
NPC183655	7	10	7
NPC197381	7	10	7
NPC212551	7	10	9
NPC216092	7	10	7
NPC233267	7	10	8
NPC296920	7	10	10
NPC33338	7	10	7
NPC47936	7	10	7
NPC71074	7	10	9
NPC164664	7	9	9
NPC168829	7	9	9
NPC213	7	9	7
NPC272426	7	9	7
NPC299379	7	9	7
NPC333691	7	9	7
NPC46274	7	9	9
NPC475085	7	9	7
NPC5413	7	9	9
NPC62735	7	9	7
NPC71853	7	9	7
NPC96286	7	9	8
NPC12377	7	8	7
NPC13067	7	8	7
NPC143402	7	8	7
NPC155763	7	8	7
NPC160972	7	8	7
NPC205213	7	8	7
NPC253746	7	8	8
NPC261548	7	8	7
NPC281986	7	8	7
NPC298796	7	8	7
NPC312800	7	8	8
NPC319628	7	8	7
NPC51198	7	8	7
NPC62800	7	8	8
NPC103342	7	7	7
NPC116632	7	7	7
NPC146976	7	7	7
NPC158654	7	7	7
NPC181594	7	7	7
NPC187913	7	7	7
NPC212866	7	7	7
NPC22130	7	7	7
NPC291305	7	7	7
NPC305648	7	7	7
NPC306902	7	7	7
NPC312929	7	7	7
NPC93739	7	7	7
NPC98543	7	7	7
NPC485458	6	145	103
NPC483291	6	78	68
NPC474926	6	55	39
NPC321929	6	49	41
NPC478715	6	48	32
NPC306397	6	44	40
NPC23870	6	39	8
NPC242930	6	37	33
NPC481840	6	33	29
NPC70290	6	22	12
NPC189266	6	20	16
NPC227622	6	19	15
NPC163076	6	18	18
NPC201777	6	16	6
NPC73411	6	16	15
NPC299134	6	15	10
NPC136112	6	14	8
NPC208806	6	13	9
NPC77890	6	13	11
NPC15566	6	12	7
NPC16577	6	12	11
NPC184026	6	12	8
NPC289702	6	12	6
NPC74751	6	12	10
NPC182646	6	11	6
NPC224814	6	11	7
NPC235059	6	11	10
NPC270796	6	11	10
NPC290971	6	11	7
NPC167944	6	10	7
NPC176814	6	10	6
NPC188341	6	10	6
NPC190296	6	10	6
NPC195461	6	10	9
NPC266597	6	10	6
NPC295204	6	10	6
NPC299590	6	10	9
NPC322091	6	10	6
NPC43069	6	10	9
NPC61435	6	10	10
NPC188380	6	9	6
NPC196447	6	9	6
NPC243509	6	9	7
NPC244738	6	9	8
NPC302857	6	9	7
NPC314329	6	9	9
NPC468984	6	9	8
NPC69101	6	9	7
NPC100329	6	8	6
NPC105648	6	8	7
NPC108800	6	8	6
NPC127447	6	8	7
NPC136508	6	8	7
NPC142339	6	8	6
NPC155882	6	8	7
NPC158329	6	8	6
NPC16452	6	8	6
NPC173637	6	8	7
NPC188646	6	8	7
NPC200845	6	8	6
NPC210460	6	8	6
NPC216459	6	8	8
NPC226453	6	8	6
NPC255345	6	8	6
NPC315257	6	8	6
NPC44270	6	8	6
NPC473429	6	8	7
NPC50511	6	8	6
NPC77794	6	8	6
NPC13768	6	7	6
NPC151781	6	7	6
NPC156222	6	7	6
NPC161957	6	7	6
NPC163099	6	7	6
NPC164697	6	7	6
NPC168799	6	7	7
NPC173991	6	7	6
NPC189588	6	7	6
NPC19890	6	7	7
NPC203719	6	7	7
NPC209666	6	7	6
NPC223354	6	7	6
NPC230775	6	7	7
NPC234109	6	7	6
NPC240084	6	7	6
NPC2476	6	7	6
NPC287331	6	7	6
NPC289979	6	7	6
NPC301696	6	7	6
NPC305039	6	7	6
NPC50063	6	7	7
NPC123127	6	6	6
NPC131192	6	6	6
NPC133671	6	6	6
NPC134047	6	6	6
NPC154176	6	6	6
NPC170018	6	6	6
NPC179092	6	6	6
NPC206264	6	6	6
NPC209389	6	6	6
NPC223004	6	6	6
NPC226855	6	6	6
NPC228644	6	6	6
NPC232692	6	6	6
NPC23837	6	6	6
NPC241165	6	6	6
NPC2989	6	6	6
NPC300845	6	6	6
NPC304638	6	6	6
NPC310373	6	6	6
NPC322283	6	6	6
NPC324386	6	6	6
NPC324835	6	6	6
NPC38473	6	6	6
NPC43158	6	6	6
NPC43211	6	6	6
NPC45618	6	6	6
NPC6888	6	6	6
NPC95309	6	6	6
NPC281104	5	176	101
NPC232533	5	142	123
NPC331613	5	119	64
NPC201055	5	92	73
NPC478418	5	92	82
NPC118832	5	22	13
NPC144939	5	21	13
NPC330683	5	16	16
NPC480239	5	15	8
NPC35856	5	14	12
NPC110136	5	13	11
NPC1075	5	12	8
NPC7214	5	12	7
NPC260977	5	11	5
NPC43264	5	11	7
NPC469330	5	11	8
NPC481153	5	11	8
NPC320242	5	10	7
NPC331129	5	10	9
NPC138487	5	9	5
NPC148523	5	9	8
NPC155986	5	9	9
NPC156590	5	9	5
NPC220825	5	9	6
NPC246679	5	9	9
NPC26617	5	9	6
NPC210437	5	8	8
NPC28425	5	8	8
NPC417745	5	8	6
NPC4668	5	8	7
NPC93556	5	8	8
NPC108434	5	7	5
NPC12402	5	7	6
NPC144956	5	7	5
NPC17810	5	7	5
NPC184203	5	7	5
NPC193484	5	7	5
NPC205421	5	7	6
NPC285973	5	7	5
NPC293799	5	7	5
NPC298257	5	7	5
NPC308267	5	7	5
NPC36229	5	7	6
NPC40818	5	7	5
NPC475112	5	7	5
NPC54379	5	7	7
NPC96835	5	7	6
NPC120537	5	6	5
NPC13879	5	6	6
NPC141353	5	6	6
NPC154245	5	6	6
NPC155144	5	6	6
NPC160951	5	6	6
NPC171426	5	6	6
NPC190572	5	6	5
NPC203076	5	6	5
NPC274121	5	6	5
NPC278556	5	6	5
NPC281020	5	6	5
NPC287789	5	6	5
NPC296377	5	6	5
NPC306238	5	6	5
NPC32739	5	6	6
NPC329203	5	6	6
NPC37496	5	6	5
NPC43787	5	6	5
NPC47059	5	6	5
NPC55162	5	6	5
NPC68269	5	6	6
NPC81907	5	6	5
NPC88445	5	6	6
NPC96565	5	6	5
NPC99240	5	6	5
NPC13818	5	5	5
NPC144682	5	5	5
NPC145038	5	5	5
NPC147030	5	5	5
NPC148835	5	5	5
NPC151214	5	5	5
NPC167576	5	5	5
NPC175159	5	5	5
NPC184964	5	5	5
NPC192521	5	5	5
NPC195343	5	5	5
NPC197896	5	5	5
NPC202146	5	5	5
NPC206148	5	5	5
NPC213197	5	5	5
NPC242885	5	5	5
NPC243083	5	5	5
NPC260491	5	5	5
NPC265885	5	5	5
NPC267627	5	5	5
NPC290005	5	5	5
NPC290605	5	5	5
NPC301585	5	5	5
NPC303422	5	5	5
NPC328750	5	5	5
NPC481841	5	5	5
NPC50720	5	5	5
NPC52831	5	5	5
NPC64141	5	5	5
NPC66705	5	5	5
NPC76338	5	5	5
NPC80710	5	5	5
NPC82295	5	5	5
NPC84319	5	5	5
NPC84894	5	5	5
NPC87545	5	5	5
NPC90652	5	5	5
NPC92403	5	5	5
NPC92830	5	5	5
NPC93653	5	5	5
NPC96294	5	5	5
NPC488041	4	125	99
NPC78359	4	114	109
NPC331654	4	99	90
NPC324772	4	58	35
NPC479770	4	34	32
NPC485883	4	27	21
NPC47653	4	26	26
NPC119818	4	24	14
NPC89630	4	24	9
NPC307123	4	18	14
NPC141739	4	13	7
NPC243483	4	13	7
NPC162268	4	12	12
NPC293551	4	12	8
NPC85661	4	12	9
NPC8305	4	11	10
NPC202666	4	10	10
NPC66909	4	10	7
NPC72788	4	10	8
NPC132304	4	9	4
NPC184579	4	9	8
NPC201662	4	9	6
NPC249067	4	9	8
NPC146373	4	8	6
NPC190184	4	8	4
NPC229235	4	8	8
NPC303141	4	8	8
NPC478794	4	8	4
NPC60120	4	8	8
NPC142860	4	7	5
NPC163398	4	7	6
NPC214610	4	7	5
NPC241838	4	7	7
NPC26413	4	7	7
NPC266689	4	7	4
NPC267691	4	7	6
NPC273330	4	7	4
NPC276661	4	7	6
NPC279026	4	7	5
NPC301702	4	7	4
NPC313981	4	7	4
NPC315634	4	7	5
NPC319972	4	7	7
NPC325646	4	7	4
NPC48564	4	7	6
NPC52005	4	7	7
NPC60672	4	7	4
NPC70136	4	7	4
NPC103213	4	6	4
NPC10781	4	6	6
NPC121259	4	6	4
NPC136349	4	6	4
NPC161749	4	6	6
NPC213896	4	6	4
NPC225464	4	6	4
NPC22774	4	6	6
NPC243677	4	6	4
NPC258046	4	6	6
NPC259134	4	6	4
NPC277704	4	6	4
NPC304443	4	6	5
NPC308301	4	6	4
NPC312132	4	6	5
NPC434	4	6	4
NPC44963	4	6	5
NPC45040	4	6	5
NPC461214	4	6	5
NPC69394	4	6	4
NPC10251	4	5	4
NPC108957	4	5	4
NPC110500	4	5	4
NPC111112	4	5	4
NPC114325	4	5	4
NPC120163	4	5	4
NPC124302	4	5	4
NPC125579	4	5	5
NPC126681	4	5	4
NPC13575	4	5	4
NPC151113	4	5	4
NPC157944	4	5	4
NPC169591	4	5	4
NPC185936	4	5	4
NPC186098	4	5	4
NPC191444	4	5	4
NPC194856	4	5	4
NPC197087	4	5	4
NPC21638	4	5	4
NPC217052	4	5	4
NPC220140	4	5	4
NPC223812	4	5	4
NPC235900	4	5	4
NPC237901	4	5	4
NPC2518	4	5	4
NPC264391	4	5	5
NPC276014	4	5	4
NPC277174	4	5	4
NPC286641	4	5	4
NPC299990	4	5	4
NPC300059	4	5	4
NPC302159	4	5	5
NPC305518	4	5	4
NPC311668	4	5	5
NPC318107	4	5	5
NPC33986	4	5	4
NPC36061	4	5	5
NPC471762	4	5	5
NPC5238	4	5	5
NPC72455	4	5	4
NPC72772	4	5	4
NPC7688	4	5	5
NPC77660	4	5	4
NPC102338	4	4	4
NPC110416	4	4	4
NPC110764	4	4	4
NPC115906	4	4	4
NPC117032	4	4	4
NPC118683	4	4	4
NPC123948	4	4	4
NPC127546	4	4	4
NPC128248	4	4	4
NPC141068	4	4	4
NPC143022	4	4	4
NPC14353	4	4	4
NPC149155	4	4	4
NPC149184	4	4	4
NPC149209	4	4	4
NPC152771	4	4	4
NPC154256	4	4	4
NPC157284	4	4	4
NPC160193	4	4	4
NPC170749	4	4	4
NPC178383	4	4	4
NPC184014	4	4	4
NPC185838	4	4	4
NPC189844	4	4	4
NPC19240	4	4	4
NPC192638	4	4	4
NPC192744	4	4	4
NPC193805	4	4	4
NPC193949	4	4	4
NPC200060	4	4	4
NPC2088	4	4	4
NPC209364	4	4	4
NPC218161	4	4	4
NPC220062	4	4	4
NPC224389	4	4	4
NPC224632	4	4	4
NPC232924	4	4	4
NPC233108	4	4	4
NPC248884	4	4	4
NPC250432	4	4	4
NPC250834	4	4	4
NPC255253	4	4	4
NPC2596	4	4	4
NPC265605	4	4	4
NPC267375	4	4	4
NPC269919	4	4	4
NPC276409	4	4	4
NPC278010	4	4	4
NPC289322	4	4	4
NPC290563	4	4	4
NPC292792	4	4	4
NPC292998	4	4	4
NPC295110	4	4	4
NPC295691	4	4	4
NPC299405	4	4	4
NPC31171	4	4	4
NPC312870	4	4	4
NPC320287	4	4	4
NPC469808	4	4	4
NPC475042	4	4	4
NPC478658	4	4	4
NPC55149	4	4	4
NPC57879	4	4	4
NPC62792	4	4	4
NPC72183	4	4	4
NPC73020	4	4	4
NPC73492	4	4	4
NPC73767	4	4	4
NPC74881	4	4	4
NPC78770	4	4	4
NPC85488	4	4	4
NPC8704	4	4	4
NPC90998	4	4	4
NPC92815	4	4	4
NPC95716	4	4	4
NPC97939	4	4	4
NPC98028	4	4	4
NPC99659	4	4	4
NPC346034	3	175	168
NPC485314	3	58	49
NPC478850	3	33	31
NPC38059	3	32	31
NPC116366	3	22	18
NPC480265	3	14	12
NPC136091	3	12	11
NPC206061	3	12	9
NPC62765	3	12	5
NPC482298	3	11	10
NPC259512	3	10	6
NPC290566	3	9	5
NPC101139	3	8	3
NPC114365	3	8	3
NPC148014	3	8	5
NPC235797	3	8	5
NPC28280	3	8	6
NPC288838	3	8	5
NPC473249	3	8	7
NPC155087	3	7	7
NPC180504	3	7	6
NPC204985	3	7	4
NPC230301	3	7	3
NPC236637	3	7	7
NPC242893	3	7	6
NPC28510	3	7	5
NPC292366	3	7	6
NPC35544	3	7	7
NPC488169	3	7	7
NPC85707	3	7	7
NPC10286	3	6	4
NPC118633	3	6	4
NPC149545	3	6	6
NPC183845	3	6	5
NPC213178	3	6	5
NPC236769	3	6	4
NPC263676	3	6	3
NPC306788	3	6	3
NPC331425	3	6	6
NPC471108	3	6	3
NPC62640	3	6	3
NPC73203	3	6	3
NPC91478	3	6	3
NPC93756	3	6	3
NPC99836	3	6	3
NPC104222	3	5	3
NPC112937	3	5	5
NPC131981	3	5	4
NPC133183	3	5	3
NPC14005	3	5	3
NPC145052	3	5	3
NPC156313	3	5	4
NPC158028	3	5	4
NPC162045	3	5	4
NPC169050	3	5	3
NPC181225	3	5	3
NPC188433	3	5	3
NPC213603	3	5	3
NPC224651	3	5	4
NPC229147	3	5	3
NPC232178	3	5	3
NPC256853	3	5	3
NPC26697	3	5	5
NPC270620	3	5	4
NPC270768	3	5	3
NPC292758	3	5	3
NPC309399	3	5	3
NPC32955	3	5	4
NPC59035	3	5	3
NPC6166	3	5	3
NPC73532	3	5	3
NPC101307	3	4	3
NPC102843	3	4	3
NPC107135	3	4	3
NPC111201	3	4	3
NPC114517	3	4	4
NPC115284	3	4	4
NPC119133	3	4	3
NPC119949	3	4	3
NPC129687	3	4	4
NPC131587	3	4	3
NPC134532	3	4	3
NPC137922	3	4	4
NPC139416	3	4	4
NPC14030	3	4	3
NPC145304	3	4	3
NPC149618	3	4	3
NPC153783	3	4	3
NPC158853	3	4	4
NPC16107	3	4	3
NPC162939	3	4	3
NPC180534	3	4	3
NPC180862	3	4	3
NPC181786	3	4	3
NPC194764	3	4	4
NPC203891	3	4	3
NPC204717	3	4	3
NPC216122	3	4	3
NPC219143	3	4	4
NPC226265	3	4	3
NPC234196	3	4	4
NPC23508	3	4	3
NPC237435	3	4	4
NPC241392	3	4	3
NPC243319	3	4	3
NPC246903	3	4	3
NPC255042	3	4	3
NPC257025	3	4	3
NPC278758	3	4	4
NPC280135	3	4	4
NPC28337	3	4	3
NPC284475	3	4	3
NPC286006	3	4	3
NPC28657	3	4	4
NPC291066	3	4	4
NPC293255	3	4	3
NPC300798	3	4	3
NPC306074	3	4	3
NPC306195	3	4	3
NPC31279	3	4	3
NPC317651	3	4	3
NPC36321	3	4	4
NPC38874	3	4	3
NPC40209	3	4	3
NPC473411	3	4	3
NPC478668	3	4	4
NPC485342	3	4	4
NPC485343	3	4	4
NPC49075	3	4	3
NPC67917	3	4	3
NPC78612	3	4	3
NPC8087	3	4	4
NPC83987	3	4	3
NPC84786	3	4	4
NPC87231	3	4	3
NPC90411	3	4	3
NPC90478	3	4	3
NPC94298	3	4	3
NPC95868	3	4	3
NPC96619	3	4	3
NPC100986	3	3	3
NPC101475	3	3	3
NPC102686	3	3	3
NPC104796	3	3	3
NPC105513	3	3	3
NPC106937	3	3	3
NPC107572	3	3	3
NPC112552	3	3	3
NPC11433	3	3	3
NPC118343	3	3	3
NPC119655	3	3	3
NPC120066	3	3	3
NPC123526	3	3	3
NPC130193	3	3	3
NPC131885	3	3	3
NPC134764	3	3	3
NPC135601	3	3	3
NPC135961	3	3	3
NPC142330	3	3	3
NPC144557	3	3	3
NPC1502	3	3	3
NPC150928	3	3	3
NPC152942	3	3	3
NPC156018	3	3	3
NPC160380	3	3	3
NPC160661	3	3	3
NPC161768	3	3	3
NPC164804	3	3	3
NPC166424	3	3	3
NPC166858	3	3	3
NPC167096	3	3	3
NPC169510	3	3	3
NPC170103	3	3	3
NPC171736	3	3	3
NPC173295	3	3	3
NPC174783	3	3	3
NPC179271	3	3	3
NPC180872	3	3	3
NPC18335	3	3	3
NPC185607	3	3	3
NPC185903	3	3	3
NPC189087	3	3	3
NPC19545	3	3	3
NPC209296	3	3	3
NPC216921	3	3	3
NPC217083	3	3	3
NPC221758	3	3	3
NPC223125	3	3	3
NPC223336	3	3	3
NPC226143	3	3	3
NPC226331	3	3	3
NPC226699	3	3	3
NPC234084	3	3	3
NPC234822	3	3	3
NPC240108	3	3	3
NPC242580	3	3	3
NPC2432	3	3	3
NPC245244	3	3	3
NPC247779	3	3	3
NPC253423	3	3	3
NPC254240	3	3	3
NPC256463	3	3	3
NPC2569	3	3	3
NPC258096	3	3	3
NPC263548	3	3	3
NPC264192	3	3	3
NPC264196	3	3	3
NPC268238	3	3	3
NPC268342	3	3	3
NPC26850	3	3	3
NPC271440	3	3	3
NPC273033	3	3	3
NPC274356	3	3	3
NPC274784	3	3	3
NPC276588	3	3	3
NPC278028	3	3	3
NPC279209	3	3	3
NPC279666	3	3	3
NPC281356	3	3	3
NPC283468	3	3	3
NPC284810	3	3	3
NPC285394	3	3	3
NPC287182	3	3	3
NPC287895	3	3	3
NPC288350	3	3	3
NPC293378	3	3	3
NPC302449	3	3	3
NPC303485	3	3	3
NPC303581	3	3	3
NPC306835	3	3	3
NPC307412	3	3	3
NPC307426	3	3	3
NPC307435	3	3	3
NPC307965	3	3	3
NPC316181	3	3	3
NPC317642	3	3	3
NPC326592	3	3	3
NPC36498	3	3	3
NPC38350	3	3	3
NPC38891	3	3	3
NPC40394	3	3	3
NPC45256	3	3	3
NPC469978	3	3	3
NPC471602	3	3	3
NPC471615	3	3	3
NPC472264	3	3	3
NPC474565	3	3	3
NPC476473	3	3	3
NPC476477	3	3	3
NPC478514	3	3	3
NPC483081	3	3	3
NPC486822	3	3	3
NPC486823	3	3	3
NPC5079	3	3	3
NPC53545	3	3	3
NPC54394	3	3	3
NPC54542	3	3	3
NPC61473	3	3	3
NPC61779	3	3	3
NPC66177	3	3	3
NPC66777	3	3	3
NPC6984	3	3	3
NPC71061	3	3	3
NPC73416	3	3	3
NPC78500	3	3	3
NPC78625	3	3	3
NPC79056	3	3	3
NPC82337	3	3	3
NPC87317	3	3	3
NPC88043	3	3	3
NPC9470	3	3	3
NPC95472	3	3	3
NPC347588	2	160	157
NPC59045	2	148	148
NPC488040	2	55	46
NPC481992	2	42	39
NPC254698	2	32	26
NPC478615	2	28	27
NPC418074	2	23	14
NPC482714	2	21	13
NPC482954	2	19	19
NPC223468	2	15	4
NPC478921	2	11	11
NPC139085	2	10	3
NPC204709	2	10	9
NPC484818	2	9	9
NPC3343	2	8	5
NPC126664	2	7	4
NPC292803	2	7	2
NPC478793	2	7	3
NPC480593	2	7	5
NPC485341	2	7	7
NPC71339	2	7	5
NPC132858	2	6	4
NPC479039	2	6	6
NPC77858	2	6	6
NPC91887	2	6	6
NPC11150	2	5	3
NPC171188	2	5	3
NPC181718	2	5	2
NPC237812	2	5	3
NPC239854	2	5	5
NPC278877	2	5	2
NPC280606	2	5	5
NPC35341	2	5	3
NPC480192	2	5	5
NPC485344	2	5	4
NPC485345	2	5	4
NPC485346	2	5	4
NPC485347	2	5	4
NPC79943	2	5	3
NPC93365	2	5	5
NPC96321	2	5	4
NPC10636	2	4	2
NPC109322	2	4	4
NPC131624	2	4	4
NPC138942	2	4	2
NPC157522	2	4	2
NPC158526	2	4	2
NPC159866	2	4	4
NPC164859	2	4	3
NPC167479	2	4	2
NPC168105	2	4	2
NPC188163	2	4	3
NPC194857	2	4	2
NPC195796	2	4	2
NPC203063	2	4	4
NPC20404	2	4	2
NPC207002	2	4	4
NPC215932	2	4	3
NPC224165	2	4	2
NPC232654	2	4	2
NPC237044	2	4	3
NPC238023	2	4	2
NPC239185	2	4	3
NPC243272	2	4	2
NPC248944	2	4	2
NPC260842	2	4	4
NPC263382	2	4	2
NPC271385	2	4	2
NPC277475	2	4	3
NPC300205	2	4	4
NPC319140	2	4	2
NPC319549	2	4	2
NPC324624	2	4	4
NPC32749	2	4	2
NPC33728	2	4	2
NPC349899	2	4	3
NPC42017	2	4	2
NPC478578	2	4	3
NPC485642	2	4	4
NPC53109	2	4	2
NPC64576	2	4	2
NPC7715	2	4	2
NPC83241	2	4	4
NPC86372	2	4	4
NPC100898	2	3	2
NPC101830	2	3	2
NPC107482	2	3	2
NPC108606	2	3	2
NPC110067	2	3	2
NPC112701	2	3	2
NPC116125	2	3	2
NPC124512	2	3	2
NPC125306	2	3	2
NPC127326	2	3	2
NPC128825	2	3	2
NPC130931	2	3	2
NPC131623	2	3	2
NPC132847	2	3	2
NPC133758	2	3	2
NPC134584	2	3	2
NPC135433	2	3	3
NPC137419	2	3	2
NPC139658	2	3	2
NPC13991	2	3	2
NPC147513	2	3	2
NPC147686	2	3	3
NPC149436	2	3	2
NPC150323	2	3	2
NPC152718	2	3	2
NPC153007	2	3	2
NPC155900	2	3	2
NPC157338	2	3	2
NPC157479	2	3	2
NPC15864	2	3	2
NPC164894	2	3	2
NPC174246	2	3	3
NPC176930	2	3	2
NPC178306	2	3	2
NPC180905	2	3	2
NPC18259	2	3	3
NPC182606	2	3	2
NPC185634	2	3	2
NPC185680	2	3	3
NPC187095	2	3	2
NPC190931	2	3	2
NPC19241	2	3	2
NPC193578	2	3	3
NPC200085	2	3	2
NPC201547	2	3	2
NPC205934	2	3	2
NPC208936	2	3	2
NPC210148	2	3	2
NPC210354	2	3	3
NPC211820	2	3	3
NPC213570	2	3	3
NPC214067	2	3	2
NPC215519	2	3	3
NPC218357	2	3	2
NPC220498	2	3	3
NPC222713	2	3	2
NPC226509	2	3	2
NPC228504	2	3	2
NPC230068	2	3	2
NPC23155	2	3	2
NPC232247	2	3	2
NPC236709	2	3	3
NPC242692	2	3	2
NPC244495	2	3	2
NPC245027	2	3	3
NPC245223	2	3	2
NPC246904	2	3	2
NPC249606	2	3	2
NPC250361	2	3	2
NPC250822	2	3	2
NPC254482	2	3	2
NPC258630	2	3	3
NPC262926	2	3	2
NPC262962	2	3	2
NPC267340	2	3	2
NPC268718	2	3	2
NPC271208	2	3	2
NPC2724	2	3	2
NPC273023	2	3	3
NPC275055	2	3	3
NPC275839	2	3	2
NPC278552	2	3	3
NPC278778	2	3	2
NPC279401	2	3	2
NPC295317	2	3	2
NPC297322	2	3	3
NPC299406	2	3	2
NPC305912	2	3	2
NPC307006	2	3	2
NPC311660	2	3	2
NPC322301	2	3	2
NPC3224	2	3	2
NPC326200	2	3	2
NPC32674	2	3	3
NPC34622	2	3	2
NPC37135	2	3	2
NPC37493	2	3	2
NPC39600	2	3	2
NPC39753	2	3	2
NPC39799	2	3	3
NPC40302	2	3	3
NPC40352	2	3	3
NPC41594	2	3	2
NPC42372	2	3	2
NPC42716	2	3	2
NPC473718	2	3	3
NPC475553	2	3	2
NPC477281	2	3	2
NPC47857	2	3	2
NPC481152	2	3	3
NPC51957	2	3	2
NPC52464	2	3	2
NPC57279	2	3	2
NPC59650	2	3	2
NPC59907	2	3	2
NPC61944	2	3	2
NPC64872	2	3	2
NPC6848	2	3	2
NPC7029	2	3	2
NPC75435	2	3	2
NPC7814	2	3	2
NPC80129	2	3	2
NPC8235	2	3	2
NPC87099	2	3	3
NPC92246	2	3	3
NPC92869	2	3	2
NPC94319	2	3	2
NPC97260	2	3	2
NPC98098	2	3	2
NPC100925	2	2	2
NPC102167	2	2	2
NPC10262	2	2	2
NPC103001	2	2	2
NPC104677	2	2	2
NPC105511	2	2	2
NPC106944	2	2	2
NPC1082	2	2	2
NPC110072	2	2	2
NPC110882	2	2	2
NPC11173	2	2	2
NPC111888	2	2	2
NPC112789	2	2	2
NPC113455	2	2	2
NPC113670	2	2	2
NPC113989	2	2	2
NPC114791	2	2	2
NPC114891	2	2	2
NPC115207	2	2	2
NPC116229	2	2	2
NPC116709	2	2	2
NPC117237	2	2	2
NPC117445	2	2	2
NPC120075	2	2	2
NPC120239	2	2	2
NPC121522	2	2	2
NPC124289	2	2	2
NPC124478	2	2	2
NPC124576	2	2	2
NPC125449	2	2	2
NPC12640	2	2	2
NPC128496	2	2	2
NPC130520	2	2	2
NPC130577	2	2	2
NPC132307	2	2	2
NPC132669	2	2	2
NPC133771	2	2	2
NPC134570	2	2	2
NPC134975	2	2	2
NPC135334	2	2	2
NPC135488	2	2	2
NPC135639	2	2	2
NPC137705	2	2	2
NPC138927	2	2	2
NPC141765	2	2	2
NPC142308	2	2	2
NPC14234	2	2	2
NPC142754	2	2	2
NPC14468	2	2	2
NPC145032	2	2	2
NPC145235	2	2	2
NPC145885	2	2	2
NPC147824	2	2	2
NPC148216	2	2	2
NPC150026	2	2	2
NPC150506	2	2	2
NPC150592	2	2	2
NPC150950	2	2	2
NPC151004	2	2	2
NPC152152	2	2	2
NPC154922	2	2	2
NPC156432	2	2	2
NPC156457	2	2	2
NPC157340	2	2	2
NPC157781	2	2	2
NPC158088	2	2	2
NPC159815	2	2	2
NPC160100	2	2	2
NPC160113	2	2	2
NPC161557	2	2	2
NPC161659	2	2	2
NPC162612	2	2	2
NPC162620	2	2	2
NPC163556	2	2	2
NPC163707	2	2	2
NPC165396	2	2	2
NPC165770	2	2	2
NPC166788	2	2	2
NPC167323	2	2	2
NPC167986	2	2	2
NPC168579	2	2	2
NPC169089	2	2	2
NPC169479	2	2	2
NPC170172	2	2	2
NPC171171	2	2	2
NPC172361	2	2	2
NPC17244	2	2	2
NPC172770	2	2	2
NPC174304	2	2	2
NPC176309	2	2	2
NPC176775	2	2	2
NPC177996	2	2	2
NPC178263	2	2	2
NPC17848	2	2	2
NPC181209	2	2	2
NPC181390	2	2	2
NPC181653	2	2	2
NPC18223	2	2	2
NPC184006	2	2	2
NPC18457	2	2	2
NPC184658	2	2	2
NPC185258	2	2	2
NPC187770	2	2	2
NPC188010	2	2	2
NPC188871	2	2	2
NPC189142	2	2	2
NPC190454	2	2	2
NPC191194	2	2	2
NPC191337	2	2	2
NPC193666	2	2	2
NPC193976	2	2	2
NPC194593	2	2	2
NPC19622	2	2	2
NPC197316	2	2	2
NPC199851	2	2	2
NPC200740	2	2	2
NPC201728	2	2	2
NPC202474	2	2	2
NPC204210	2	2	2
NPC204867	2	2	2
NPC206095	2	2	2
NPC206737	2	2	2
NPC206949	2	2	2
NPC207757	2	2	2
NPC209463	2	2	2
NPC209614	2	2	2
NPC210073	2	2	2
NPC21100	2	2	2
NPC211179	2	2	2
NPC211453	2	2	2
NPC211468	2	2	2
NPC21209	2	2	2
NPC212631	2	2	2
NPC212643	2	2	2
NPC213761	2	2	2
NPC214702	2	2	2
NPC215711	2	2	2
NPC217748	2	2	2
NPC21781	2	2	2
NPC218753	2	2	2
NPC219867	2	2	2
NPC219913	2	2	2
NPC220313	2	2	2
NPC220540	2	2	2
NPC220922	2	2	2
NPC221432	2	2	2
NPC222342	2	2	2
NPC223451	2	2	2
NPC224774	2	2	2
NPC225539	2	2	2
NPC226226	2	2	2
NPC226250	2	2	2
NPC226547	2	2	2
NPC226794	2	2	2
NPC226809	2	2	2
NPC228400	2	2	2
NPC228661	2	2	2
NPC230677	2	2	2
NPC230713	2	2	2
NPC231013	2	2	2
NPC231063	2	2	2
NPC233780	2	2	2
NPC234952	2	2	2
NPC235165	2	2	2
NPC235190	2	2	2
NPC238530	2	2	2
NPC241349	2	2	2
NPC2414	2	2	2
NPC241875	2	2	2
NPC243475	2	2	2
NPC243532	2	2	2
NPC244246	2	2	2
NPC244336	2	2	2
NPC244509	2	2	2
NPC245187	2	2	2
NPC246943	2	2	2
NPC24824	2	2	2
NPC250769	2	2	2
NPC251407	2	2	2
NPC252281	2	2	2
NPC253616	2	2	2
NPC253662	2	2	2
NPC254010	2	2	2
NPC254610	2	2	2
NPC254994	2	2	2
NPC255566	2	2	2
NPC257003	2	2	2
NPC257182	2	2	2
NPC259767	2	2	2
NPC26051	2	2	2
NPC263065	2	2	2
NPC264005	2	2	2
NPC265624	2	2	2
NPC265789	2	2	2
NPC266347	2	2	2
NPC269800	2	2	2
NPC269823	2	2	2
NPC272614	2	2	2
NPC273709	2	2	2
NPC275627	2	2	2
NPC275780	2	2	2
NPC276377	2	2	2
NPC276928	2	2	2
NPC27765	2	2	2
NPC278102	2	2	2
NPC27836	2	2	2
NPC278787	2	2	2
NPC279406	2	2	2
NPC279916	2	2	2
NPC281883	2	2	2
NPC282895	2	2	2
NPC283908	2	2	2
NPC285716	2	2	2
NPC285923	2	2	2
NPC287152	2	2	2
NPC287597	2	2	2
NPC287638	2	2	2
NPC287876	2	2	2
NPC289004	2	2	2
NPC289358	2	2	2
NPC289769	2	2	2
NPC290803	2	2	2
NPC291449	2	2	2
NPC291454	2	2	2
NPC293183	2	2	2
NPC294249	2	2	2
NPC294883	2	2	2
NPC295261	2	2	2
NPC295643	2	2	2
NPC295941	2	2	2
NPC29599	2	2	2
NPC296490	2	2	2
NPC296998	2	2	2
NPC297531	2	2	2
NPC298486	2	2	2
NPC29980	2	2	2
NPC300017	2	2	2
NPC300326	2	2	2
NPC300657	2	2	2
NPC300776	2	2	2
NPC300940	2	2	2
NPC302171	2	2	2
NPC30326	2	2	2
NPC303460	2	2	2
NPC304079	2	2	2
NPC304836	2	2	2
NPC304837	2	2	2
NPC305016	2	2	2
NPC30583	2	2	2
NPC305847	2	2	2
NPC30594	2	2	2
NPC306001	2	2	2
NPC30647	2	2	2
NPC307594	2	2	2
NPC308976	2	2	2
NPC309203	2	2	2
NPC311343	2	2	2
NPC311881	2	2	2
NPC312826	2	2	2
NPC313985	2	2	2
NPC314350	2	2	2
NPC317145	2	2	2
NPC31872	2	2	2
NPC318935	2	2	2
NPC320223	2	2	2
NPC324341	2	2	2
NPC32630	2	2	2
NPC326758	2	2	2
NPC326808	2	2	2
NPC32694	2	2	2
NPC32723	2	2	2
NPC329669	2	2	2
NPC329858	2	2	2
NPC332914	2	2	2
NPC33378	2	2	2
NPC35344	2	2	2
NPC37787	2	2	2
NPC38604	2	2	2
NPC38996	2	2	2
NPC39929	2	2	2
NPC41263	2	2	2
NPC42300	2	2	2
NPC43525	2	2	2
NPC44193	2	2	2
NPC44437	2	2	2
NPC44830	2	2	2
NPC45165	2	2	2
NPC45404	2	2	2
NPC45613	2	2	2
NPC45849	2	2	2
NPC46335	2	2	2
NPC468994	2	2	2
NPC469772	2	2	2
NPC469773	2	2	2
NPC469774	2	2	2
NPC469775	2	2	2
NPC469776	2	2	2
NPC469777	2	2	2
NPC469778	2	2	2
NPC469972	2	2	2
NPC470694	2	2	2
NPC470945	2	2	2
NPC470947	2	2	2
NPC471617	2	2	2
NPC472795	2	2	2
NPC472796	2	2	2
NPC472797	2	2	2
NPC472798	2	2	2
NPC472799	2	2	2
NPC472800	2	2	2
NPC473451	2	2	2
NPC47398	2	2	2
NPC474276	2	2	2
NPC476737	2	2	2
NPC478930	2	2	2
NPC478931	2	2	2
NPC47946	2	2	2
NPC480590	2	2	2
NPC480592	2	2	2
NPC482686	2	2	2
NPC482940	2	2	2
NPC483359	2	2	2
NPC483360	2	2	2
NPC483362	2	2	2
NPC485620	2	2	2
NPC486662	2	2	2
NPC50362	2	2	2
NPC52472	2	2	2
NPC5319	2	2	2
NPC53276	2	2	2
NPC53889	2	2	2
NPC54320	2	2	2
NPC54321	2	2	2
NPC55462	2	2	2
NPC57051	2	2	2
NPC5707	2	2	2
NPC57463	2	2	2
NPC58629	2	2	2
NPC58827	2	2	2
NPC58956	2	2	2
NPC59692	2	2	2
NPC59951	2	2	2
NPC60772	2	2	2
NPC61010	2	2	2
NPC61198	2	2	2
NPC61871	2	2	2
NPC63210	2	2	2
NPC6377	2	2	2
NPC65408	2	2	2
NPC66677	2	2	2
NPC66862	2	2	2
NPC67978	2	2	2
NPC69454	2	2	2
NPC69906	2	2	2
NPC7013	2	2	2
NPC70172	2	2	2
NPC70387	2	2	2
NPC71288	2	2	2
NPC7151	2	2	2
NPC72016	2	2	2
NPC73511	2	2	2
NPC73656	2	2	2
NPC73899	2	2	2
NPC7491	2	2	2
NPC75179	2	2	2
NPC75485	2	2	2
NPC76726	2	2	2
NPC78154	2	2	2
NPC78803	2	2	2
NPC79202	2	2	2
NPC79715	2	2	2
NPC8283	2	2	2
NPC82920	2	2	2
NPC83508	2	2	2
NPC8466	2	2	2
NPC85393	2	2	2
NPC86370	2	2	2
NPC86412	2	2	2
NPC86847	2	2	2
NPC87777	2	2	2
NPC89886	2	2	2
NPC92722	2	2	2
NPC93084	2	2	2
NPC93219	2	2	2
NPC93962	2	2	2
NPC94632	2	2	2
NPC95123	2	2	2
NPC95381	2	2	2
NPC96408	2	2	2
NPC97525	2	2	2
NPC97578	2	2	2
NPC98372	2	2	2
NPC99700	2	2	2
NPC99886	2	2	2
NPC268763	1	29	25
NPC488479	1	13	11
NPC93685	1	10	7
NPC54123	1	8	5
NPC142319	1	6	5
NPC229804	1	6	1
NPC261759	1	6	3
NPC74306	1	6	5
NPC161928	1	5	2
NPC289758	1	5	5
NPC478504	1	5	3
NPC480254	1	5	5
NPC50583	1	5	1
NPC128335	1	4	2
NPC169485	1	4	2
NPC265181	1	4	3
NPC279118	1	4	1
NPC313673	1	4	3
NPC33721	1	4	2
NPC46190	1	4	1
NPC47298	1	4	4
NPC61590	1	4	2
NPC88638	1	4	2
NPC124802	1	3	1
NPC131684	1	3	1
NPC137232	1	3	2
NPC137554	1	3	2
NPC150408	1	3	3
NPC181153	1	3	3
NPC182257	1	3	2
NPC188104	1	3	1
NPC240593	1	3	2
NPC246708	1	3	2
NPC257097	1	3	1
NPC28169	1	3	3
NPC301874	1	3	1
NPC302191	1	3	1
NPC305464	1	3	2
NPC317727	1	3	1
NPC45124	1	3	2
NPC475224	1	3	1
NPC482713	1	3	2
NPC486222	1	3	2
NPC66581	1	3	1
NPC100067	1	2	2
NPC100742	1	2	1
NPC104983	1	2	1
NPC106791	1	2	2
NPC107177	1	2	1
NPC108191	1	2	1
NPC109813	1	2	1
NPC110158	1	2	1
NPC110533	1	2	1
NPC110641	1	2	1
NPC110969	1	2	1
NPC112890	1	2	1
NPC113733	1	2	2
NPC114179	1	2	1
NPC116146	1	2	2
NPC119094	1	2	1
NPC119271	1	2	1
NPC120097	1	2	1
NPC121910	1	2	1
NPC122793	1	2	1
NPC124436	1	2	1
NPC124657	1	2	1
NPC125578	1	2	1
NPC12649	1	2	1
NPC12714	1	2	1
NPC127689	1	2	2
NPC128428	1	2	2
NPC130398	1	2	1
NPC133156	1	2	1
NPC134693	1	2	1
NPC134825	1	2	1
NPC138113	1	2	1
NPC141331	1	2	2
NPC141953	1	2	1
NPC14622	1	2	1
NPC146289	1	2	1
NPC147062	1	2	1
NPC147957	1	2	1
NPC148391	1	2	1
NPC150048	1	2	1
NPC150648	1	2	1
NPC150680	1	2	1
NPC150837	1	2	1
NPC152451	1	2	2
NPC152684	1	2	1
NPC158020	1	2	1
NPC158994	1	2	1
NPC162169	1	2	1
NPC163846	1	2	2
NPC163984	1	2	2
NPC164272	1	2	1
NPC164646	1	2	1
NPC165212	1	2	1
NPC165386	1	2	1
NPC166851	1	2	1
NPC167571	1	2	1
NPC169056	1	2	1
NPC169250	1	2	2
NPC169433	1	2	1
NPC16947	1	2	1
NPC170026	1	2	1
NPC170333	1	2	1
NPC171116	1	2	1
NPC171916	1	2	1
NPC174099	1	2	1
NPC178014	1	2	1
NPC178202	1	2	2
NPC179860	1	2	1
NPC180756	1	2	1
NPC18260	1	2	1
NPC184326	1	2	2
NPC185908	1	2	2
NPC189689	1	2	1
NPC189823	1	2	1
NPC190204	1	2	1
NPC192065	1	2	2
NPC194465	1	2	1
NPC196034	1	2	1
NPC196277	1	2	1
NPC196937	1	2	2
NPC196976	1	2	1
NPC197596	1	2	2
NPC199072	1	2	1
NPC200412	1	2	1
NPC203077	1	2	2
NPC20535	1	2	2
NPC206515	1	2	1
NPC206924	1	2	1
NPC210826	1	2	2
NPC211237	1	2	1
NPC21145	1	2	1
NPC214289	1	2	1
NPC214629	1	2	1
NPC216159	1	2	1
NPC218866	1	2	1
NPC220582	1	2	2
NPC22105	1	2	2
NPC222078	1	2	1
NPC223988	1	2	1
NPC225434	1	2	1
NPC227986	1	2	1
NPC229046	1	2	2
NPC230002	1	2	2
NPC232340	1	2	1
NPC233282	1	2	2
NPC233827	1	2	1
NPC234306	1	2	1
NPC234644	1	2	1
NPC235217	1	2	1
NPC240722	1	2	1
NPC240841	1	2	1
NPC241846	1	2	2
NPC24193	1	2	1
NPC242294	1	2	1
NPC24394	1	2	2
NPC244441	1	2	1
NPC247871	1	2	1
NPC248102	1	2	1
NPC25110	1	2	1
NPC252154	1	2	1
NPC253429	1	2	1
NPC255607	1	2	1
NPC256406	1	2	1
NPC258048	1	2	2
NPC25998	1	2	1
NPC260000	1	2	1
NPC261063	1	2	1
NPC261411	1	2	1
NPC261619	1	2	2
NPC262671	1	2	1
NPC267509	1	2	2
NPC271732	1	2	1
NPC271755	1	2	1
NPC274079	1	2	2
NPC275462	1	2	1
NPC276332	1	2	1
NPC27643	1	2	2
NPC276506	1	2	1
NPC276905	1	2	1
NPC27699	1	2	1
NPC280664	1	2	1
NPC280869	1	2	1
NPC281094	1	2	1
NPC281558	1	2	1
NPC282009	1	2	1
NPC285254	1	2	1
NPC285322	1	2	1
NPC285555	1	2	1
NPC287328	1	2	1
NPC288813	1	2	1
NPC28959	1	2	1
NPC290160	1	2	2
NPC2905	1	2	1
NPC291508	1	2	2
NPC291638	1	2	1
NPC291746	1	2	1
NPC294830	1	2	2
NPC295898	1	2	1
NPC296163	1	2	2
NPC297363	1	2	1
NPC299484	1	2	1
NPC299923	1	2	1
NPC30506	1	2	1
NPC306009	1	2	1
NPC306856	1	2	1
NPC309330	1	2	1
NPC310220	1	2	1
NPC31034	1	2	1
NPC310349	1	2	1
NPC317305	1	2	1
NPC321779	1	2	1
NPC32279	1	2	1
NPC323644	1	2	2
NPC328700	1	2	1
NPC329043	1	2	1
NPC35410	1	2	2
NPC35630	1	2	1
NPC36497	1	2	1
NPC37506	1	2	1
NPC41376	1	2	1
NPC4341	1	2	1
NPC44063	1	2	1
NPC44363	1	2	2
NPC45255	1	2	1
NPC46080	1	2	1
NPC470326	1	2	1
NPC470327	1	2	1
NPC471209	1	2	1
NPC472369	1	2	1
NPC472370	1	2	1
NPC472573	1	2	2
NPC474324	1	2	1
NPC477628	1	2	1
NPC478879	1	2	1
NPC478881	1	2	1
NPC479095	1	2	1
NPC479956	1	2	2
NPC48130	1	2	1
NPC481447	1	2	1
NPC482922	1	2	2
NPC484274	1	2	2
NPC48641	1	2	2
NPC488552	1	2	1
NPC488554	1	2	1
NPC488555	1	2	1
NPC488557	1	2	1
NPC488558	1	2	1
NPC49009	1	2	2
NPC49422	1	2	1
NPC51314	1	2	1
NPC53139	1	2	1
NPC55832	1	2	2
NPC59314	1	2	2
NPC61543	1	2	2
NPC61546	1	2	2
NPC64705	1	2	1
NPC66515	1	2	2
NPC66655	1	2	1
NPC68577	1	2	1
NPC6883	1	2	2
NPC68873	1	2	2
NPC6923	1	2	2
NPC70622	1	2	1
NPC71579	1	2	1
NPC72258	1	2	2
NPC73422	1	2	1
NPC7560	1	2	1
NPC76478	1	2	1
NPC76748	1	2	1
NPC77378	1	2	1
NPC81697	1	2	1
NPC83187	1	2	1
NPC87394	1	2	2
NPC88325	1	2	1
NPC88839	1	2	1
NPC92075	1	2	2
NPC96915	1	2	1
NPC97811	1	2	1
NPC100039	1	1	1
NPC100697	1	1	1
NPC1008	1	1	1
NPC100809	1	1	1
NPC100971	1	1	1
NPC100998	1	1	1
NPC101294	1	1	1
NPC101670	1	1	1
NPC101793	1	1	1
NPC102683	1	1	1
NPC103488	1	1	1
NPC103712	1	1	1
NPC105213	1	1	1
NPC105329	1	1	1
NPC105584	1	1	1
NPC105942	1	1	1
NPC106526	1	1	1
NPC106551	1	1	1
NPC106976	1	1	1
NPC107101	1	1	1
NPC107522	1	1	1
NPC107672	1	1	1
NPC108218	1	1	1
NPC108406	1	1	1
NPC10842	1	1	1
NPC108455	1	1	1
NPC108456	1	1	1
NPC108553	1	1	1
NPC108811	1	1	1
NPC10915	1	1	1
NPC109151	1	1	1
NPC10926	1	1	1
NPC10937	1	1	1
NPC109713	1	1	1
NPC10990	1	1	1
NPC109955	1	1	1
NPC110234	1	1	1
NPC110303	1	1	1
NPC110496	1	1	1
NPC110704	1	1	1
NPC111234	1	1	1
NPC111323	1	1	1
NPC111485	1	1	1
NPC111602	1	1	1
NPC111786	1	1	1
NPC112009	1	1	1
NPC11250	1	1	1
NPC112609	1	1	1
NPC112676	1	1	1
NPC112954	1	1	1
NPC113089	1	1	1
NPC113836	1	1	1
NPC114159	1	1	1
NPC114209	1	1	1
NPC114270	1	1	1
NPC114586	1	1	1
NPC115335	1	1	1
NPC115674	1	1	1
NPC115760	1	1	1
NPC116007	1	1	1
NPC116377	1	1	1
NPC116458	1	1	1
NPC116850	1	1	1
NPC117048	1	1	1
NPC117450	1	1	1
NPC117579	1	1	1
NPC117713	1	1	1
NPC118114	1	1	1
NPC118154	1	1	1
NPC118162	1	1	1
NPC118275	1	1	1
NPC118288	1	1	1
NPC118919	1	1	1
NPC118940	1	1	1
NPC119036	1	1	1
NPC119209	1	1	1
NPC119368	1	1	1
NPC119631	1	1	1
NPC119914	1	1	1
NPC120021	1	1	1
NPC120099	1	1	1
NPC120167	1	1	1
NPC120225	1	1	1
NPC120464	1	1	1
NPC120840	1	1	1
NPC121510	1	1	1
NPC121517	1	1	1
NPC121649	1	1	1
NPC122365	1	1	1
NPC122436	1	1	1
NPC122471	1	1	1
NPC122493	1	1	1
NPC122504	1	1	1
NPC12278	1	1	1
NPC123965	1	1	1
NPC124384	1	1	1
NPC12452	1	1	1
NPC125106	1	1	1
NPC125417	1	1	1
NPC125506	1	1	1
NPC125575	1	1	1
NPC125828	1	1	1
NPC125855	1	1	1
NPC126293	1	1	1
NPC126519	1	1	1
NPC126759	1	1	1
NPC126925	1	1	1
NPC127059	1	1	1
NPC127624	1	1	1
NPC12774	1	1	1
NPC127824	1	1	1
NPC127937	1	1	1
NPC128019	1	1	1
NPC128208	1	1	1
NPC128350	1	1	1
NPC128529	1	1	1
NPC128713	1	1	1
NPC128816	1	1	1
NPC129217	1	1	1
NPC129889	1	1	1
NPC129976	1	1	1
NPC13007	1	1	1
NPC130209	1	1	1
NPC130899	1	1	1
NPC131039	1	1	1
NPC131185	1	1	1
NPC131450	1	1	1
NPC131568	1	1	1
NPC131665	1	1	1
NPC13249	1	1	1
NPC133600	1	1	1
NPC133792	1	1	1
NPC133809	1	1	1
NPC133817	1	1	1
NPC133836	1	1	1
NPC13408	1	1	1
NPC13426	1	1	1
NPC134360	1	1	1
NPC135325	1	1	1
NPC135391	1	1	1
NPC135539	1	1	1
NPC13554	1	1	1
NPC135730	1	1	1
NPC136014	1	1	1
NPC136699	1	1	1
NPC136826	1	1	1
NPC137050	1	1	1
NPC137396	1	1	1
NPC137537	1	1	1
NPC137567	1	1	1
NPC137847	1	1	1
NPC138056	1	1	1
NPC138370	1	1	1
NPC138865	1	1	1
NPC139867	1	1	1
NPC139876	1	1	1
NPC140300	1	1	1
NPC140872	1	1	1
NPC141481	1	1	1
NPC141523	1	1	1
NPC141574	1	1	1
NPC141612	1	1	1
NPC141782	1	1	1
NPC142361	1	1	1
NPC142956	1	1	1
NPC14330	1	1	1
NPC143649	1	1	1
NPC143799	1	1	1
NPC143809	1	1	1
NPC143896	1	1	1
NPC144288	1	1	1
NPC144407	1	1	1
NPC144995	1	1	1
NPC145045	1	1	1
NPC145047	1	1	1
NPC145638	1	1	1
NPC146316	1	1	1
NPC146355	1	1	1
NPC147212	1	1	1
NPC147310	1	1	1
NPC147363	1	1	1
NPC147654	1	1	1
NPC148414	1	1	1
NPC148757	1	1	1
NPC148893	1	1	1
NPC148938	1	1	1
NPC148964	1	1	1
NPC149389	1	1	1
NPC14958	1	1	1
NPC150164	1	1	1
NPC150809	1	1	1
NPC15109	1	1	1
NPC15130	1	1	1
NPC152301	1	1	1
NPC1527	1	1	1
NPC153095	1	1	1
NPC153556	1	1	1
NPC153580	1	1	1
NPC153979	1	1	1
NPC154728	1	1	1
NPC154962	1	1	1
NPC156092	1	1	1
NPC15658	1	1	1
NPC156840	1	1	1
NPC156955	1	1	1
NPC157212	1	1	1
NPC157497	1	1	1
NPC157727	1	1	1
NPC158059	1	1	1
NPC158157	1	1	1
NPC158222	1	1	1
NPC158285	1	1	1
NPC158707	1	1	1
NPC158737	1	1	1
NPC158949	1	1	1
NPC159046	1	1	1
NPC159188	1	1	1
NPC159508	1	1	1
NPC159579	1	1	1
NPC159589	1	1	1
NPC160179	1	1	1
NPC160548	1	1	1
NPC160854	1	1	1
NPC160931	1	1	1
NPC161187	1	1	1
NPC1612	1	1	1
NPC16194	1	1	1
NPC162071	1	1	1
NPC162484	1	1	1
NPC162547	1	1	1
NPC163029	1	1	1
NPC163200	1	1	1
NPC163524	1	1	1
NPC163557	1	1	1
NPC163751	1	1	1
NPC164269	1	1	1
NPC164340	1	1	1
NPC164386	1	1	1
NPC164514	1	1	1
NPC164802	1	1	1
NPC165133	1	1	1
NPC165204	1	1	1
NPC165711	1	1	1
NPC165846	1	1	1
NPC166036	1	1	1
NPC166458	1	1	1
NPC166689	1	1	1
NPC166791	1	1	1
NPC166884	1	1	1
NPC166934	1	1	1
NPC167383	1	1	1
NPC168409	1	1	1
NPC168657	1	1	1
NPC169162	1	1	1
NPC16935	1	1	1
NPC169471	1	1	1
NPC170303	1	1	1
NPC17042	1	1	1
NPC170475	1	1	1
NPC170739	1	1	1
NPC17170	1	1	1
NPC171713	1	1	1
NPC171850	1	1	1
NPC171882	1	1	1
NPC172053	1	1	1
NPC172064	1	1	1
NPC172066	1	1	1
NPC172250	1	1	1
NPC172676	1	1	1
NPC17273	1	1	1
NPC172925	1	1	1
NPC173019	1	1	1
NPC173149	1	1	1
NPC173343	1	1	1
NPC173350	1	1	1
NPC173996	1	1	1
NPC174086	1	1	1
NPC174367	1	1	1
NPC174421	1	1	1
NPC174447	1	1	1
NPC174486	1	1	1
NPC17525	1	1	1
NPC175342	1	1	1
NPC175852	1	1	1
NPC175899	1	1	1
NPC176500	1	1	1
NPC177013	1	1	1
NPC177940	1	1	1
NPC178290	1	1	1
NPC178382	1	1	1
NPC178902	1	1	1
NPC17892	1	1	1
NPC179015	1	1	1
NPC179198	1	1	1
NPC179704	1	1	1
NPC180204	1	1	1
NPC180261	1	1	1
NPC180493	1	1	1
NPC180662	1	1	1
NPC180871	1	1	1
NPC181464	1	1	1
NPC181465	1	1	1
NPC181510	1	1	1
NPC181516	1	1	1
NPC181588	1	1	1
NPC181796	1	1	1
NPC18205	1	1	1
NPC18224	1	1	1
NPC18297	1	1	1
NPC183307	1	1	1
NPC18380	1	1	1
NPC18402	1	1	1
NPC184150	1	1	1
NPC18433	1	1	1
NPC184593	1	1	1
NPC184641	1	1	1
NPC185392	1	1	1
NPC185639	1	1	1
NPC185738	1	1	1
NPC186385	1	1	1
NPC186686	1	1	1
NPC187282	1	1	1
NPC187398	1	1	1
NPC187993	1	1	1
NPC188231	1	1	1
NPC188327	1	1	1
NPC188814	1	1	1
NPC188844	1	1	1
NPC188867	1	1	1
NPC188895	1	1	1
NPC188947	1	1	1
NPC189248	1	1	1
NPC189470	1	1	1
NPC18982	1	1	1
NPC190043	1	1	1
NPC190117	1	1	1
NPC190217	1	1	1
NPC19044	1	1	1
NPC190442	1	1	1
NPC190753	1	1	1
NPC190817	1	1	1
NPC191136	1	1	1
NPC191146	1	1	1
NPC19149	1	1	1
NPC191693	1	1	1
NPC191768	1	1	1
NPC192040	1	1	1
NPC19256	1	1	1
NPC192577	1	1	1
NPC192686	1	1	1
NPC192831	1	1	1
NPC193238	1	1	1
NPC193471	1	1	1
NPC193881	1	1	1
NPC194040	1	1	1
NPC194277	1	1	1
NPC194432	1	1	1
NPC195140	1	1	1
NPC195448	1	1	1
NPC19576	1	1	1
NPC195785	1	1	1
NPC196179	1	1	1
NPC196231	1	1	1
NPC196359	1	1	1
NPC196420	1	1	1
NPC196753	1	1	1
NPC19721	1	1	1
NPC198154	1	1	1
NPC19841	1	1	1
NPC198988	1	1	1
NPC199023	1	1	1
NPC199100	1	1	1
NPC199106	1	1	1
NPC199357	1	1	1
NPC199463	1	1	1
NPC200237	1	1	1
NPC200333	1	1	1
NPC200694	1	1	1
NPC200745	1	1	1
NPC200761	1	1	1
NPC200772	1	1	1
NPC201404	1	1	1
NPC201419	1	1	1
NPC201562	1	1	1
NPC201658	1	1	1
NPC201667	1	1	1
NPC201814	1	1	1
NPC20235	1	1	1
NPC202389	1	1	1
NPC202433	1	1	1
NPC202605	1	1	1
NPC202651	1	1	1
NPC202839	1	1	1
NPC203005	1	1	1
NPC203259	1	1	1
NPC204251	1	1	1
NPC204450	1	1	1
NPC204617	1	1	1
NPC204828	1	1	1
NPC205034	1	1	1
NPC205046	1	1	1
NPC205167	1	1	1
NPC205195	1	1	1
NPC205265	1	1	1
NPC205412	1	1	1
NPC205766	1	1	1
NPC205797	1	1	1
NPC2058	1	1	1
NPC205864	1	1	1
NPC20610	1	1	1
NPC206614	1	1	1
NPC206800	1	1	1
NPC207204	1	1	1
NPC207541	1	1	1
NPC207702	1	1	1
NPC207729	1	1	1
NPC207845	1	1	1
NPC208193	1	1	1
NPC20829	1	1	1
NPC208362	1	1	1
NPC208760	1	1	1
NPC20903	1	1	1
NPC209278	1	1	1
NPC209846	1	1	1
NPC209944	1	1	1
NPC210529	1	1	1
NPC211322	1	1	1
NPC21142	1	1	1
NPC211561	1	1	1
NPC21157	1	1	1
NPC21211	1	1	1
NPC212290	1	1	1
NPC212670	1	1	1
NPC212733	1	1	1
NPC212932	1	1	1
NPC213052	1	1	1
NPC213058	1	1	1
NPC213608	1	1	1
NPC213936	1	1	1
NPC214166	1	1	1
NPC214553	1	1	1
NPC21461	1	1	1
NPC214919	1	1	1
NPC215474	1	1	1
NPC216130	1	1	1
NPC216420	1	1	1
NPC216496	1	1	1
NPC216826	1	1	1
NPC21696	1	1	1
NPC217176	1	1	1
NPC217226	1	1	1
NPC2173	1	1	1
NPC217574	1	1	1
NPC217602	1	1	1
NPC217635	1	1	1
NPC21773	1	1	1
NPC218303	1	1	1
NPC21848	1	1	1
NPC218614	1	1	1
NPC219246	1	1	1
NPC219313	1	1	1
NPC219330	1	1	1
NPC219848	1	1	1
NPC22005	1	1	1
NPC220217	1	1	1
NPC220221	1	1	1
NPC220547	1	1	1
NPC220596	1	1	1
NPC220974	1	1	1
NPC221046	1	1	1
NPC221144	1	1	1
NPC221231	1	1	1
NPC221383	1	1	1
NPC221777	1	1	1
NPC221792	1	1	1
NPC221868	1	1	1
NPC222185	1	1	1
NPC222327	1	1	1
NPC222341	1	1	1
NPC222689	1	1	1
NPC223169	1	1	1
NPC223386	1	1	1
NPC223393	1	1	1
NPC223424	1	1	1
NPC223476	1	1	1
NPC223548	1	1	1
NPC223616	1	1	1
NPC224270	1	1	1
NPC224273	1	1	1
NPC224475	1	1	1
NPC224543	1	1	1
NPC224652	1	1	1
NPC225049	1	1	1
NPC225312	1	1	1
NPC225585	1	1	1
NPC225731	1	1	1
NPC225884	1	1	1
NPC22611	1	1	1
NPC226578	1	1	1
NPC226644	1	1	1
NPC226712	1	1	1
NPC226944	1	1	1
NPC227579	1	1	1
NPC227683	1	1	1
NPC227814	1	1	1
NPC228383	1	1	1
NPC228940	1	1	1
NPC228978	1	1	1
NPC228994	1	1	1
NPC229281	1	1	1
NPC229387	1	1	1
NPC229415	1	1	1
NPC229477	1	1	1
NPC229505	1	1	1
NPC229649	1	1	1
NPC229871	1	1	1
NPC229976	1	1	1
NPC230085	1	1	1
NPC230087	1	1	1
NPC230151	1	1	1
NPC231254	1	1	1
NPC2314	1	1	1
NPC231607	1	1	1
NPC231710	1	1	1
NPC232311	1	1	1
NPC233224	1	1	1
NPC233380	1	1	1
NPC233650	1	1	1
NPC233791	1	1	1
NPC233836	1	1	1
NPC234078	1	1	1
NPC234133	1	1	1
NPC234255	1	1	1
NPC234333	1	1	1
NPC234956	1	1	1
NPC235239	1	1	1
NPC235289	1	1	1
NPC235767	1	1	1
NPC236176	1	1	1
NPC236189	1	1	1
NPC236202	1	1	1
NPC236522	1	1	1
NPC23667	1	1	1
NPC23668	1	1	1
NPC236795	1	1	1
NPC23717	1	1	1
NPC237202	1	1	1
NPC237208	1	1	1
NPC237503	1	1	1
NPC238279	1	1	1
NPC238419	1	1	1
NPC238937	1	1	1
NPC238992	1	1	1
NPC2401	1	1	1
NPC240431	1	1	1
NPC240664	1	1	1
NPC240684	1	1	1
NPC241290	1	1	1
NPC2413	1	1	1
NPC24136	1	1	1
NPC241854	1	1	1
NPC241879	1	1	1
NPC242136	1	1	1
NPC242372	1	1	1
NPC243171	1	1	1
NPC243635	1	1	1
NPC243728	1	1	1
NPC244256	1	1	1
NPC244293	1	1	1
NPC244364	1	1	1
NPC244888	1	1	1
NPC245966	1	1	1
NPC246214	1	1	1
NPC246358	1	1	1
NPC246597	1	1	1
NPC246956	1	1	1
NPC247060	1	1	1
NPC24748	1	1	1
NPC248007	1	1	1
NPC248041	1	1	1
NPC248355	1	1	1
NPC248956	1	1	1
NPC249435	1	1	1
NPC251336	1	1	1
NPC251779	1	1	1
NPC251866	1	1	1
NPC252067	1	1	1
NPC252107	1	1	1
NPC252433	1	1	1
NPC252860	1	1	1
NPC253574	1	1	1
NPC253645	1	1	1
NPC253810	1	1	1
NPC254275	1	1	1
NPC254449	1	1	1
NPC254659	1	1	1
NPC25496	1	1	1
NPC255073	1	1	1
NPC255387	1	1	1
NPC255615	1	1	1
NPC255801	1	1	1
NPC256042	1	1	1
NPC256188	1	1	1
NPC257390	1	1	1
NPC257424	1	1	1
NPC257490	1	1	1
NPC257582	1	1	1
NPC257682	1	1	1
NPC257756	1	1	1
NPC258469	1	1	1
NPC258773	1	1	1
NPC259252	1	1	1
NPC259347	1	1	1
NPC259545	1	1	1
NPC259665	1	1	1
NPC259788	1	1	1
NPC259957	1	1	1
NPC260582	1	1	1
NPC261181	1	1	1
NPC261195	1	1	1
NPC261351	1	1	1
NPC261453	1	1	1
NPC261484	1	1	1
NPC261935	1	1	1
NPC263670	1	1	1
NPC263977	1	1	1
NPC264400	1	1	1
NPC264477	1	1	1
NPC264779	1	1	1
NPC265051	1	1	1
NPC265480	1	1	1
NPC265557	1	1	1
NPC266113	1	1	1
NPC266176	1	1	1
NPC266572	1	1	1
NPC266743	1	1	1
NPC267552	1	1	1
NPC268032	1	1	1
NPC268503	1	1	1
NPC268533	1	1	1
NPC268829	1	1	1
NPC268917	1	1	1
NPC268922	1	1	1
NPC268927	1	1	1
NPC26906	1	1	1
NPC269166	1	1	1
NPC269206	1	1	1
NPC269451	1	1	1
NPC269492	1	1	1
NPC26960	1	1	1
NPC269677	1	1	1
NPC270030	1	1	1
NPC270465	1	1	1
NPC270883	1	1	1
NPC271215	1	1	1
NPC271270	1	1	1
NPC271282	1	1	1
NPC271614	1	1	1
NPC272396	1	1	1
NPC272721	1	1	1
NPC272732	1	1	1
NPC273410	1	1	1
NPC273538	1	1	1
NPC27359	1	1	1
NPC273657	1	1	1
NPC273932	1	1	1
NPC274046	1	1	1
NPC274499	1	1	1
NPC274550	1	1	1
NPC27501	1	1	1
NPC275727	1	1	1
NPC275766	1	1	1
NPC275903	1	1	1
NPC276061	1	1	1
NPC276930	1	1	1
NPC276944	1	1	1
NPC27723	1	1	1
NPC278068	1	1	1
NPC278419	1	1	1
NPC278427	1	1	1
NPC278525	1	1	1
NPC278799	1	1	1
NPC278821	1	1	1
NPC278968	1	1	1
NPC279463	1	1	1
NPC280945	1	1	1
NPC281014	1	1	1
NPC281521	1	1	1
NPC281604	1	1	1
NPC281972	1	1	1
NPC282267	1	1	1
NPC282300	1	1	1
NPC282454	1	1	1
NPC283130	1	1	1
NPC283245	1	1	1
NPC283655	1	1	1
NPC283682	1	1	1
NPC283823	1	1	1
NPC283949	1	1	1
NPC284409	1	1	1
NPC284424	1	1	1
NPC284472	1	1	1
NPC284685	1	1	1
NPC284820	1	1	1
NPC285364	1	1	1
NPC285480	1	1	1
NPC285659	1	1	1
NPC285773	1	1	1
NPC286233	1	1	1
NPC286608	1	1	1
NPC287063	1	1	1
NPC287105	1	1	1
NPC287118	1	1	1
NPC287231	1	1	1
NPC288349	1	1	1
NPC288430	1	1	1
NPC288943	1	1	1
NPC289086	1	1	1
NPC289388	1	1	1
NPC289660	1	1	1
NPC289774	1	1	1
NPC289883	1	1	1
NPC289955	1	1	1
NPC290030	1	1	1
NPC290106	1	1	1
NPC290466	1	1	1
NPC290515	1	1	1
NPC290830	1	1	1
NPC291027	1	1	1
NPC291158	1	1	1
NPC291426	1	1	1
NPC291789	1	1	1
NPC291799	1	1	1
NPC291878	1	1	1
NPC291957	1	1	1
NPC292133	1	1	1
NPC292213	1	1	1
NPC292233	1	1	1
NPC29231	1	1	1
NPC293053	1	1	1
NPC293163	1	1	1
NPC293624	1	1	1
NPC293641	1	1	1
NPC293757	1	1	1
NPC293871	1	1	1
NPC294193	1	1	1
NPC294304	1	1	1
NPC294703	1	1	1
NPC294858	1	1	1
NPC294965	1	1	1
NPC295021	1	1	1
NPC29536	1	1	1
NPC295608	1	1	1
NPC29601	1	1	1
NPC296030	1	1	1
NPC296540	1	1	1
NPC296697	1	1	1
NPC296742	1	1	1
NPC296915	1	1	1
NPC29721	1	1	1
NPC297358	1	1	1
NPC297503	1	1	1
NPC29771	1	1	1
NPC298268	1	1	1
NPC299090	1	1	1
NPC299235	1	1	1
NPC299369	1	1	1
NPC299741	1	1	1
NPC299781	1	1	1
NPC299939	1	1	1
NPC299996	1	1	1
NPC300020	1	1	1
NPC300267	1	1	1
NPC300325	1	1	1
NPC300894	1	1	1
NPC301217	1	1	1
NPC302003	1	1	1
NPC302408	1	1	1
NPC302426	1	1	1
NPC302527	1	1	1
NPC30324	1	1	1
NPC303264	1	1	1
NPC303522	1	1	1
NPC303633	1	1	1
NPC303644	1	1	1
NPC303777	1	1	1
NPC303798	1	1	1
NPC304008	1	1	1
NPC304074	1	1	1
NPC30421	1	1	1
NPC304223	1	1	1
NPC304295	1	1	1
NPC304351	1	1	1
NPC304795	1	1	1
NPC304839	1	1	1
NPC304929	1	1	1
NPC304956	1	1	1
NPC305542	1	1	1
NPC305985	1	1	1
NPC306488	1	1	1
NPC306541	1	1	1
NPC30677	1	1	1
NPC30691	1	1	1
NPC307050	1	1	1
NPC307063	1	1	1
NPC307174	1	1	1
NPC307672	1	1	1
NPC307699	1	1	1
NPC307739	1	1	1
NPC308191	1	1	1
NPC309335	1	1	1
NPC310370	1	1	1
NPC311078	1	1	1
NPC311164	1	1	1
NPC311256	1	1	1
NPC311339	1	1	1
NPC311612	1	1	1
NPC311706	1	1	1
NPC311753	1	1	1
NPC312404	1	1	1
NPC31344	1	1	1
NPC313528	1	1	1
NPC313882	1	1	1
NPC313921	1	1	1
NPC31433	1	1	1
NPC314333	1	1	1
NPC314743	1	1	1
NPC31496	1	1	1
NPC315498	1	1	1
NPC318552	1	1	1
NPC319238	1	1	1
NPC320147	1	1	1
NPC320833	1	1	1
NPC321184	1	1	1
NPC321638	1	1	1
NPC322366	1	1	1
NPC323443	1	1	1
NPC323552	1	1	1
NPC323626	1	1	1
NPC324001	1	1	1
NPC324233	1	1	1
NPC324742	1	1	1
NPC324786	1	1	1
NPC32641	1	1	1
NPC327269	1	1	1
NPC327481	1	1	1
NPC328102	1	1	1
NPC328273	1	1	1
NPC328593	1	1	1
NPC328688	1	1	1
NPC328824	1	1	1
NPC3293	1	1	1
NPC329708	1	1	1
NPC329793	1	1	1
NPC33051	1	1	1
NPC330590	1	1	1
NPC331840	1	1	1
NPC33749	1	1	1
NPC33768	1	1	1
NPC33913	1	1	1
NPC34070	1	1	1
NPC34764	1	1	1
NPC35	1	1	1
NPC35167	1	1	1
NPC35185	1	1	1
NPC35268	1	1	1
NPC36108	1	1	1
NPC36490	1	1	1
NPC36661	1	1	1
NPC3693	1	1	1
NPC37139	1	1	1
NPC37208	1	1	1
NPC37226	1	1	1
NPC37299	1	1	1
NPC37331	1	1	1
NPC37333	1	1	1
NPC37440	1	1	1
NPC37479	1	1	1
NPC37502	1	1	1
NPC37543	1	1	1
NPC3825	1	1	1
NPC38468	1	1	1
NPC38664	1	1	1
NPC38779	1	1	1
NPC38790	1	1	1
NPC39351	1	1	1
NPC39664	1	1	1
NPC39752	1	1	1
NPC39793	1	1	1
NPC3980	1	1	1
NPC40033	1	1	1
NPC4036	1	1	1
NPC40488	1	1	1
NPC40491	1	1	1
NPC40511	1	1	1
NPC40663	1	1	1
NPC41121	1	1	1
NPC41178	1	1	1
NPC41409	1	1	1
NPC4154	1	1	1
NPC416184	1	1	1
NPC42060	1	1	1
NPC42383	1	1	1
NPC42384	1	1	1
NPC42503	1	1	1
NPC42586	1	1	1
NPC42675	1	1	1
NPC42760	1	1	1
NPC43053	1	1	1
NPC43169	1	1	1
NPC43300	1	1	1
NPC43319	1	1	1
NPC4344	1	1	1
NPC43490	1	1	1
NPC43587	1	1	1
NPC4370	1	1	1
NPC44101	1	1	1
NPC44328	1	1	1
NPC44649	1	1	1
NPC45536	1	1	1
NPC457	1	1	1
NPC460	1	1	1
NPC46358	1	1	1
NPC46940	1	1	1
NPC469520	1	1	1
NPC469557	1	1	1
NPC46958	1	1	1
NPC469895	1	1	1
NPC469958	1	1	1
NPC469968	1	1	1
NPC469970	1	1	1
NPC469977	1	1	1
NPC470019	1	1	1
NPC470020	1	1	1
NPC470088	1	1	1
NPC470328	1	1	1
NPC470588	1	1	1
NPC470589	1	1	1
NPC470590	1	1	1
NPC470629	1	1	1
NPC470706	1	1	1
NPC470707	1	1	1
NPC470831	1	1	1
NPC470887	1	1	1
NPC470890	1	1	1
NPC471083	1	1	1
NPC47113	1	1	1
NPC471213	1	1	1
NPC471473	1	1	1
NPC471518	1	1	1
NPC471522	1	1	1
NPC471523	1	1	1
NPC471628	1	1	1
NPC471749	1	1	1
NPC471750	1	1	1
NPC471780	1	1	1
NPC471892	1	1	1
NPC471896	1	1	1
NPC471898	1	1	1
NPC471900	1	1	1
NPC471901	1	1	1
NPC471902	1	1	1
NPC472265	1	1	1
NPC472271	1	1	1
NPC472359	1	1	1
NPC472398	1	1	1
NPC472458	1	1	1
NPC472570	1	1	1
NPC472571	1	1	1
NPC472574	1	1	1
NPC472626	1	1	1
NPC472633	1	1	1
NPC472675	1	1	1
NPC472676	1	1	1
NPC472679	1	1	1
NPC472683	1	1	1
NPC472718	1	1	1
NPC472719	1	1	1
NPC473210	1	1	1
NPC473211	1	1	1
NPC473212	1	1	1
NPC473213	1	1	1
NPC473240	1	1	1
NPC473242	1	1	1
NPC473264	1	1	1
NPC473272	1	1	1
NPC473309	1	1	1
NPC473391	1	1	1
NPC473413	1	1	1
NPC473442	1	1	1
NPC473466	1	1	1
NPC473579	1	1	1
NPC47363	1	1	1
NPC473680	1	1	1
NPC473690	1	1	1
NPC473990	1	1	1
NPC473996	1	1	1
NPC474021	1	1	1
NPC474023	1	1	1
NPC474024	1	1	1
NPC474148	1	1	1
NPC474192	1	1	1
NPC47422	1	1	1
NPC474234	1	1	1
NPC474409	1	1	1
NPC474468	1	1	1
NPC474989	1	1	1
NPC475052	1	1	1
NPC475311	1	1	1
NPC475346	1	1	1
NPC475454	1	1	1
NPC475457	1	1	1
NPC475627	1	1	1
NPC475784	1	1	1
NPC475824	1	1	1
NPC475875	1	1	1
NPC476347	1	1	1
NPC476443	1	1	1
NPC476757	1	1	1
NPC477185	1	1	1
NPC477186	1	1	1
NPC477267	1	1	1
NPC477581	1	1	1
NPC477582	1	1	1
NPC477583	1	1	1
NPC477584	1	1	1
NPC477878	1	1	1
NPC477919	1	1	1
NPC477957	1	1	1
NPC477958	1	1	1
NPC478136	1	1	1
NPC478140	1	1	1
NPC478516	1	1	1
NPC478609	1	1	1
NPC478610	1	1	1
NPC478611	1	1	1
NPC478612	1	1	1
NPC478613	1	1	1
NPC478614	1	1	1
NPC478878	1	1	1
NPC478880	1	1	1
NPC478882	1	1	1
NPC478883	1	1	1
NPC478886	1	1	1
NPC479033	1	1	1
NPC479034	1	1	1
NPC479035	1	1	1
NPC479036	1	1	1
NPC479037	1	1	1
NPC479038	1	1	1
NPC479062	1	1	1
NPC479063	1	1	1
NPC479064	1	1	1
NPC479427	1	1	1
NPC479624	1	1	1
NPC479629	1	1	1
NPC480387	1	1	1
NPC480591	1	1	1
NPC480594	1	1	1
NPC480848	1	1	1
NPC48093	1	1	1
NPC481212	1	1	1
NPC481215	1	1	1
NPC481271	1	1	1
NPC481442	1	1	1
NPC481444	1	1	1
NPC481448	1	1	1
NPC481457	1	1	1
NPC481458	1	1	1
NPC481461	1	1	1
NPC481462	1	1	1
NPC481463	1	1	1
NPC481464	1	1	1
NPC481465	1	1	1
NPC481466	1	1	1
NPC482098	1	1	1
NPC482099	1	1	1
NPC482100	1	1	1
NPC482101	1	1	1
NPC482102	1	1	1
NPC482103	1	1	1
NPC482104	1	1	1
NPC482105	1	1	1
NPC482106	1	1	1
NPC482107	1	1	1
NPC482174	1	1	1
NPC482175	1	1	1
NPC482176	1	1	1
NPC482177	1	1	1
NPC482178	1	1	1
NPC482179	1	1	1
NPC482180	1	1	1
NPC482181	1	1	1
NPC482182	1	1	1
NPC482183	1	1	1
NPC482184	1	1	1
NPC482185	1	1	1
NPC482186	1	1	1
NPC482187	1	1	1
NPC482188	1	1	1
NPC482189	1	1	1
NPC482190	1	1	1
NPC482191	1	1	1
NPC482192	1	1	1
NPC482193	1	1	1
NPC482194	1	1	1
NPC482195	1	1	1
NPC482602	1	1	1
NPC482626	1	1	1
NPC482701	1	1	1
NPC482703	1	1	1
NPC482707	1	1	1
NPC482753	1	1	1
NPC482757	1	1	1
NPC482759	1	1	1
NPC482761	1	1	1
NPC482762	1	1	1
NPC482833	1	1	1
NPC483027	1	1	1
NPC483051	1	1	1
NPC483052	1	1	1
NPC483053	1	1	1
NPC483054	1	1	1
NPC483055	1	1	1
NPC483056	1	1	1
NPC483057	1	1	1
NPC483058	1	1	1
NPC483059	1	1	1
NPC483060	1	1	1
NPC483061	1	1	1
NPC483062	1	1	1
NPC483063	1	1	1
NPC483064	1	1	1
NPC483294	1	1	1
NPC483361	1	1	1
NPC48366	1	1	1
NPC484271	1	1	1
NPC484272	1	1	1
NPC484273	1	1	1
NPC484275	1	1	1
NPC484296	1	1	1
NPC484817	1	1	1
NPC484989	1	1	1
NPC484990	1	1	1
NPC485093	1	1	1
NPC485099	1	1	1
NPC485100	1	1	1
NPC485101	1	1	1
NPC485102	1	1	1
NPC485103	1	1	1
NPC485104	1	1	1
NPC485105	1	1	1
NPC485106	1	1	1
NPC485107	1	1	1
NPC485108	1	1	1
NPC485527	1	1	1
NPC485528	1	1	1
NPC485529	1	1	1
NPC485530	1	1	1
NPC485532	1	1	1
NPC485533	1	1	1
NPC485534	1	1	1
NPC485535	1	1	1
NPC485536	1	1	1
NPC485537	1	1	1
NPC485538	1	1	1
NPC485539	1	1	1
NPC486218	1	1	1
NPC486219	1	1	1
NPC486220	1	1	1
NPC486221	1	1	1
NPC486223	1	1	1
NPC486224	1	1	1
NPC486225	1	1	1
NPC486226	1	1	1
NPC486443	1	1	1
NPC486444	1	1	1
NPC486445	1	1	1
NPC486446	1	1	1
NPC486447	1	1	1
NPC486448	1	1	1
NPC486455	1	1	1
NPC486821	1	1	1
NPC488034	1	1	1
NPC488035	1	1	1
NPC488036	1	1	1
NPC488037	1	1	1
NPC488038	1	1	1
NPC488039	1	1	1
NPC488278	1	1	1
NPC488280	1	1	1
NPC488284	1	1	1
NPC488286	1	1	1
NPC488442	1	1	1
NPC488449	1	1	1
NPC488451	1	1	1
NPC488458	1	1	1
NPC488459	1	1	1
NPC488460	1	1	1
NPC488461	1	1	1
NPC488462	1	1	1
NPC488463	1	1	1
NPC488464	1	1	1
NPC488465	1	1	1
NPC488467	1	1	1
NPC488468	1	1	1
NPC488469	1	1	1
NPC488470	1	1	1
NPC488548	1	1	1
NPC488549	1	1	1
NPC488550	1	1	1
NPC488551	1	1	1
NPC488556	1	1	1
NPC49074	1	1	1
NPC49130	1	1	1
NPC4962	1	1	1
NPC50815	1	1	1
NPC51329	1	1	1
NPC51641	1	1	1
NPC51758	1	1	1
NPC51956	1	1	1
NPC52021	1	1	1
NPC52382	1	1	1
NPC52403	1	1	1
NPC52634	1	1	1
NPC52700	1	1	1
NPC53144	1	1	1
NPC53463	1	1	1
NPC53744	1	1	1
NPC53986	1	1	1
NPC54016	1	1	1
NPC54243	1	1	1
NPC54460	1	1	1
NPC5447	1	1	1
NPC54830	1	1	1
NPC55018	1	1	1
NPC55384	1	1	1
NPC56085	1	1	1
NPC56540	1	1	1
NPC58616	1	1	1
NPC58805	1	1	1
NPC59210	1	1	1
NPC5948	1	1	1
NPC59491	1	1	1
NPC59551	1	1	1
NPC59567	1	1	1
NPC5968	1	1	1
NPC59739	1	1	1
NPC5990	1	1	1
NPC60538	1	1	1
NPC6095	1	1	1
NPC6118	1	1	1
NPC61506	1	1	1
NPC61620	1	1	1
NPC61904	1	1	1
NPC62042	1	1	1
NPC62366	1	1	1
NPC62730	1	1	1
NPC62755	1	1	1
NPC63187	1	1	1
NPC63338	1	1	1
NPC6434	1	1	1
NPC6451	1	1	1
NPC64862	1	1	1
NPC65120	1	1	1
NPC65489	1	1	1
NPC65665	1	1	1
NPC65873	1	1	1
NPC6597	1	1	1
NPC66270	1	1	1
NPC66288	1	1	1
NPC66441	1	1	1
NPC66566	1	1	1
NPC66775	1	1	1
NPC67037	1	1	1
NPC67322	1	1	1
NPC67349	1	1	1
NPC67450	1	1	1
NPC67654	1	1	1
NPC68104	1	1	1
NPC6818	1	1	1
NPC68324	1	1	1
NPC68779	1	1	1
NPC68889	1	1	1
NPC68967	1	1	1
NPC6913	1	1	1
NPC69213	1	1	1
NPC69669	1	1	1
NPC71105	1	1	1
NPC71755	1	1	1
NPC72158	1	1	1
NPC72452	1	1	1
NPC72796	1	1	1
NPC72862	1	1	1
NPC72977	1	1	1
NPC73413	1	1	1
NPC73906	1	1	1
NPC73995	1	1	1
NPC74259	1	1	1
NPC74458	1	1	1
NPC74484	1	1	1
NPC74591	1	1	1
NPC74855	1	1	1
NPC75069	1	1	1
NPC7526	1	1	1
NPC75810	1	1	1
NPC75906	1	1	1
NPC76217	1	1	1
NPC76406	1	1	1
NPC76458	1	1	1
NPC76682	1	1	1
NPC76982	1	1	1
NPC77040	1	1	1
NPC77249	1	1	1
NPC77272	1	1	1
NPC77572	1	1	1
NPC77672	1	1	1
NPC78058	1	1	1
NPC78326	1	1	1
NPC78662	1	1	1
NPC78746	1	1	1
NPC79372	1	1	1
NPC79672	1	1	1
NPC8104	1	1	1
NPC81337	1	1	1
NPC81515	1	1	1
NPC81641	1	1	1
NPC8219	1	1	1
NPC82285	1	1	1
NPC82534	1	1	1
NPC82733	1	1	1
NPC82862	1	1	1
NPC83214	1	1	1
NPC83838	1	1	1
NPC84171	1	1	1
NPC84585	1	1	1
NPC84750	1	1	1
NPC84772	1	1	1
NPC8493	1	1	1
NPC85121	1	1	1
NPC85435	1	1	1
NPC85689	1	1	1
NPC85751	1	1	1
NPC86007	1	1	1
NPC86452	1	1	1
NPC86469	1	1	1
NPC86533	1	1	1
NPC86655	1	1	1
NPC86670	1	1	1
NPC87404	1	1	1
NPC87564	1	1	1
NPC88000	1	1	1
NPC88121	1	1	1
NPC88278	1	1	1
NPC88429	1	1	1
NPC886	1	1	1
NPC88804	1	1	1
NPC88966	1	1	1
NPC89105	1	1	1
NPC8965	1	1	1
NPC90161	1	1	1
NPC90896	1	1	1
NPC9099	1	1	1
NPC91234	1	1	1
NPC91341	1	1	1
NPC91369	1	1	1
NPC91560	1	1	1
NPC9161	1	1	1
NPC91695	1	1	1
NPC92114	1	1	1
NPC92299	1	1	1
NPC92754	1	1	1
NPC93027	1	1	1
NPC93376	1	1	1
NPC93610	1	1	1
NPC93783	1	1	1
NPC94368	1	1	1
NPC94796	1	1	1
NPC94980	1	1	1
NPC95034	1	1	1
NPC95126	1	1	1
NPC95172	1	1	1
NPC95679	1	1	1
NPC95755	1	1	1
NPC95965	1	1	1
NPC96010	1	1	1
NPC9609	1	1	1
NPC9639	1	1	1
NPC96663	1	1	1
NPC97028	1	1	1
NPC97380	1	1	1
NPC97432	1	1	1
NPC97716	1	1	1
NPC98179	1	1	1
NPC98254	1	1	1
NPC98809	1	1	1
NPC98874	1	1	1
NPC99088	1	1	1
NPC99179	1	1	1
NPC99417	1	1	1
NPC99428	1	1	1
NPC99557	1	1	1
NPC99572	1	1	1
NPC99573	1	1	1
NPC99666	1	1	1
NPC99891	1	1	1
NPC99968	1	1	1
