Molecules_Supporting_Target	Target_Count	Cumulative_Target_Count	Cumulative_Percent
1	389	389	34.033245844269466
2	167	556	48.643919510061245
3	131	687	60.10498687664042
4	81	768	67.19160104986877
5	60	828	72.44094488188976
6	30	858	75.06561679790026
7	25	883	77.25284339457568
8	13	896	78.39020122484689
9	29	925	80.92738407699038
10	17	942	82.41469816272966
11	19	961	84.07699037620297
12	9	970	84.86439195100613
13	3	973	85.12685914260717
14	4	977	85.47681539807525
15	2	979	85.65179352580927
16	8	987	86.35170603674541
17	10	997	87.22659667541558
18	5	1002	87.66404199475066
19	3	1005	87.92650918635171
20	6	1011	88.4514435695538
21	8	1019	89.15135608048993
22	2	1021	89.32633420822397
23	7	1028	89.93875765529309
24	4	1032	90.28871391076116
25	5	1037	90.72615923009624
26	3	1040	90.98862642169729
27	3	1043	91.25109361329834
28	2	1045	91.42607174103237
29	5	1050	91.86351706036746
30	1	1051	91.95100612423447
31	2	1053	92.1259842519685
32	4	1057	92.47594050743658
33	1	1058	92.56342957130359
34	2	1060	92.73840769903762
35	2	1062	92.91338582677166
36	4	1066	93.26334208223972
37	1	1067	93.35083114610674
38	1	1068	93.43832020997375
39	1	1069	93.52580927384076
40	2	1071	93.7007874015748
41	3	1074	93.96325459317585
43	1	1075	94.05074365704287
44	2	1077	94.22572178477691
46	3	1080	94.48818897637796
47	1	1081	94.57567804024497
49	3	1084	94.83814523184601
50	1	1085	94.92563429571304
52	2	1087	95.10061242344707
53	1	1088	95.18810148731409
55	1	1089	95.2755905511811
56	2	1091	95.45056867891513
58	1	1092	95.53805774278216
60	3	1095	95.8005249343832
61	2	1097	95.97550306211724
62	1	1098	96.06299212598425
64	1	1099	96.15048118985126
65	1	1100	96.23797025371829
68	2	1102	96.41294838145232
70	2	1104	96.58792650918635
71	1	1105	96.67541557305337
72	1	1106	96.76290463692038
74	1	1107	96.85039370078741
75	1	1108	96.93788276465442
79	1	1109	97.02537182852143
82	1	1110	97.11286089238845
85	1	1111	97.20034995625547
86	2	1113	97.3753280839895
92	1	1114	97.46281714785651
98	2	1116	97.63779527559055
99	1	1117	97.72528433945757
101	1	1118	97.81277340332458
102	1	1119	97.9002624671916
109	1	1120	97.98775153105862
111	1	1121	98.07524059492563
122	1	1122	98.16272965879266
131	1	1123	98.25021872265967
135	1	1124	98.33770778652668
138	2	1126	98.51268591426071
152	1	1127	98.60017497812774
154	1	1128	98.68766404199475
159	1	1129	98.77515310586176
174	1	1130	98.86264216972879
189	1	1131	98.9501312335958
199	2	1133	99.12510936132983
224	1	1134	99.21259842519684
227	1	1135	99.30008748906387
231	1	1136	99.38757655293088
234	1	1137	99.4750656167979
315	1	1138	99.56255468066492
337	1	1139	99.65004374453193
356	1	1140	99.73753280839895
364	1	1141	99.82502187226596
430	1	1142	99.91251093613299
473	1	1143	100.0
