Target_ID	Association_Record_Count	Unique_Molecule_Count	Unique_Ingredient_ID_Count	Unique_Reference_Count
NPT811	57	2	2	4
NPT501	51	37	37	49
NPT279	44	29	29	21
NPT4059	41	7	7	38
NPT1214	32	27	27	29
NPT1006	29	29	29	29
NPT1079	29	11	11	25
NPT2584	28	25	25	26
NPT865	27	25	25	27
NPT61	25	8	8	16
NPT1224	24	17	17	20
NPT1028	23	23	23	17
NPT1157	23	17	17	23
NPT669	22	18	18	14
NPT1834	22	8	8	11
NPT2556	21	6	6	18
NPT2266	20	9	9	19
NPT2562	20	9	9	17
NPT4563	20	3	3	16
NPT3507	19	10	10	19
NPT1158	19	4	4	17
NPT252	19	4	4	14
NPT612	18	11	11	16
NPT1620	18	5	5	7
NPT2608	17	7	7	8
NPT1338	16	16	16	16
NPT601	16	9	9	9
NPT801	15	10	10	11
NPT1080	15	7	7	14
NPT1237	15	7	7	14
NPT1057	15	2	2	4
NPT206	14	11	11	12
NPT5259	14	3	3	4
NPT2680	12	12	12	12
NPT5983	12	4	4	11
NPT697	12	2	2	2
NPT2230	11	11	11	11
NPT870	11	11	11	11
NPT205	11	9	9	11
NPT1557	11	7	7	7
NPT1037	11	5	5	5
NPT1196	11	5	5	6
NPT1519	11	4	4	6
NPT1186	11	3	3	9
NPT4565	11	2	2	10
NPT1090	10	10	10	10
NPT4581	10	10	10	10
NPT1551	10	9	9	10
NPT1211	10	7	7	9
NPT513	10	6	6	10
NPT2801	10	4	4	5
NPT1518	10	3	3	5
NPT1520	10	3	3	5
NPT810	10	3	3	7
NPT1647	10	2	2	2
NPT2926	10	2	2	9
NPT3505	9	6	6	9
NPT4562	9	2	2	5
NPT707	9	2	2	5
NPT798	8	8	8	8
NPT4034	8	6	6	6
NPT2755	8	5	5	5
NPT298	8	4	4	4
NPT3757	8	4	4	8
NPT646	8	4	4	6
NPT808	8	3	3	7
NPT4717	7	7	7	7
NPT514	7	6	6	7
NPT861	7	6	6	6
NPT584	7	5	5	6
NPT2816	7	4	4	7
NPT2824	7	3	3	7
NPT3758	7	2	2	4
NPT4542	7	1	1	7
NPT1463	6	6	6	5
NPT674	6	6	6	6
NPT1870	6	5	5	6
NPT3839	6	5	5	5
NPT1291	6	4	4	6
NPT241	6	4	4	5
NPT2875	6	4	4	4
NPT3506	6	4	4	6
NPT4245	6	4	4	5
NPT1472	6	3	3	6
NPT4248	6	3	3	5
NPT4309	6	3	3	6
NPT4324	6	3	3	3
NPT1495	6	2	2	4
NPT2724	6	2	2	3
NPT499	6	1	1	1
NPT1249	5	5	5	3
NPT1600	5	5	5	5
NPT1619	5	5	5	5
NPT1720	5	5	5	5
NPT2570	5	5	5	5
NPT3783	5	5	5	5
NPT3997	5	5	5	5
NPT4015	5	5	5	5
NPT4163	5	5	5	5
NPT42	5	5	5	5
NPT4674	5	5	5	5
NPT545	5	5	5	5
NPT604	5	5	5	4
NPT675	5	5	5	5
NPT748	5	5	5	4
NPT876	5	5	5	5
NPT2592	5	4	4	4
NPT2601	5	4	4	4
NPT287	5	4	4	4
NPT2876	5	3	3	3
NPT2877	5	3	3	3
NPT647	5	3	3	4
NPT3731	5	2	2	5
NPT4001	5	2	2	4
NPT5234	5	2	2	4
NPT5847	5	2	2	3
NPT2882	5	1	1	1
NPT1255	4	4	4	4
NPT1256	4	4	4	4
NPT1385	4	4	4	4
NPT2683	4	4	4	4
NPT2725	4	4	4	4
NPT3938	4	4	4	4
NPT3971	4	4	4	4
NPT4030	4	4	4	4
NPT4218	4	4	4	4
NPT4252	4	4	4	4
NPT4675	4	4	4	4
NPT607	4	4	4	4
NPT699	4	4	4	3
NPT156	4	3	3	4
NPT2653	4	3	3	4
NPT4897	4	3	3	3
NPT5100	4	3	3	4
NPT511	4	3	3	4
NPT5646	4	3	3	3
NPT5802	4	3	3	4
NPT644	4	3	3	4
NPT235	4	2	2	2
NPT2878	4	2	2	2
NPT2883	4	2	2	4
NPT5136	4	2	2	4
NPT907	4	2	2	2
NPT3362	4	1	1	3
NPT3392	4	1	1	4
NPT4566	4	1	1	3
NPT5825	4	1	1	4
NPT1029	3	3	3	3
NPT1654	3	3	3	3
NPT1746	3	3	3	3
NPT2553	3	3	3	3
NPT3133	3	3	3	3
NPT3172	3	3	3	3
NPT3732	3	3	3	3
NPT4576	3	3	3	3
NPT5270	3	3	3	3
NPT532	3	3	3	3
NPT5406	3	3	3	3
NPT585	3	3	3	3
NPT5891	3	3	3	3
NPT703	3	3	3	2
NPT817	3	3	3	3
NPT903	3	3	3	2
NPT905	3	3	3	3
NPT910	3	3	3	3
NPT1139	3	2	2	3
NPT1289	3	2	2	3
NPT1685	3	2	2	3
NPT1686	3	2	2	3
NPT1731	3	2	2	3
NPT3116	3	2	2	2
NPT4418	3	2	2	2
NPT4506	3	2	2	3
NPT4582	3	2	2	2
NPT498	3	2	2	2
NPT5403	3	2	2	2
NPT5463	3	2	2	2
NPT832	3	2	2	3
NPT1529	3	1	1	3
NPT161	3	1	1	3
NPT3459	3	1	1	3
NPT3896	3	1	1	2
NPT4119	3	1	1	2
NPT4698	3	1	1	1
NPT5467	3	1	1	1
NPT6402	3	1	1	2
NPT107	2	2	2	2
NPT1111	2	2	2	2
NPT1132	2	2	2	2
NPT1133	2	2	2	2
NPT1391	2	2	2	2
NPT1510	2	2	2	2
NPT1517	2	2	2	2
NPT1575	2	2	2	2
NPT160	2	2	2	2
NPT1657	2	2	2	2
NPT1670	2	2	2	2
NPT1728	2	2	2	2
NPT1729	2	2	2	2
NPT2222	2	2	2	2
NPT247	2	2	2	2
NPT2604	2	2	2	2
NPT2652	2	2	2	2
NPT2654	2	2	2	2
NPT278	2	2	2	2
NPT2969	2	2	2	2
NPT3166	2	2	2	2
NPT3720	2	2	2	2
NPT3835	2	2	2	2
NPT3973	2	2	2	2
NPT4016	2	2	2	2
NPT4161	2	2	2	2
NPT4355	2	2	2	2
NPT4734	2	2	2	2
NPT502	2	2	2	2
NPT5052	2	2	2	2
NPT5155	2	2	2	2
NPT5236	2	2	2	2
NPT5386	2	2	2	2
NPT569	2	2	2	2
NPT5731	2	2	2	2
NPT620	2	2	2	2
NPT702	2	2	2	1
NPT754	2	2	2	2
NPT888	2	2	2	2
NPT1583	2	1	1	1
NPT1684	2	1	1	2
NPT234	2	1	1	1
NPT236	2	1	1	1
NPT239	2	1	1	1
NPT2542	2	1	1	1
NPT260	2	1	1	1
NPT2773	2	1	1	2
NPT2807	2	1	1	2
NPT2927	2	1	1	2
NPT3078	2	1	1	1
NPT3238	2	1	1	2
NPT3265	2	1	1	2
NPT3314	2	1	1	2
NPT3350	2	1	1	2
NPT3359	2	1	1	2
NPT3391	2	1	1	2
NPT3419	2	1	1	2
NPT3461	2	1	1	2
NPT3583	2	1	1	1
NPT3797	2	1	1	2
NPT4031	2	1	1	2
NPT4096	2	1	1	2
NPT443	2	1	1	2
NPT4441	2	1	1	2
NPT4449	2	1	1	2
NPT4546	2	1	1	1
NPT4684	2	1	1	1
NPT4699	2	1	1	1
NPT5033	2	1	1	2
NPT5079	2	1	1	1
NPT5080	2	1	1	2
NPT5085	2	1	1	2
NPT5105	2	1	1	2
NPT5212	2	1	1	1
NPT5220	2	1	1	1
NPT5232	2	1	1	1
NPT5374	2	1	1	2
NPT5559	2	1	1	1
NPT5718	2	1	1	1
NPT5859	2	1	1	1
NPT6080	2	1	1	2
NPT6230	2	1	1	2
NPT6255	2	1	1	2
NPT695	2	1	1	1
NPT868	2	1	1	2
NPT1098	1	1	1	1
NPT1109	1	1	1	1
NPT1324	1	1	1	1
NPT1344	1	1	1	1
NPT1375	1	1	1	1
NPT1379	1	1	1	1
NPT1599	1	1	1	1
NPT1770	1	1	1	1
NPT1871	1	1	1	1
NPT2571	1	1	1	1
NPT259	1	1	1	1
NPT2662	1	1	1	1
NPT2663	1	1	1	1
NPT2670	1	1	1	1
NPT2757	1	1	1	1
NPT2777	1	1	1	1
NPT2886	1	1	1	1
NPT2889	1	1	1	1
NPT2936	1	1	1	1
NPT2968	1	1	1	1
NPT2970	1	1	1	1
NPT3012	1	1	1	1
NPT3017	1	1	1	1
NPT3018	1	1	1	1
NPT303	1	1	1	1
NPT3047	1	1	1	1
NPT3117	1	1	1	1
NPT3178	1	1	1	1
NPT3193	1	1	1	1
NPT3194	1	1	1	1
NPT3284	1	1	1	1
NPT3293	1	1	1	1
NPT3313	1	1	1	1
NPT3353	1	1	1	1
NPT3371	1	1	1	1
NPT3384	1	1	1	1
NPT3458	1	1	1	1
NPT3568	1	1	1	1
NPT3580	1	1	1	1
NPT3585	1	1	1	1
NPT3727	1	1	1	1
NPT3735	1	1	1	1
NPT3803	1	1	1	1
NPT3827	1	1	1	1
NPT3840	1	1	1	1
NPT3898	1	1	1	1
NPT3899	1	1	1	1
NPT3903	1	1	1	1
NPT3910	1	1	1	1
NPT3914	1	1	1	1
NPT3962	1	1	1	1
NPT4104	1	1	1	1
NPT4106	1	1	1	1
NPT4109	1	1	1	1
NPT4115	1	1	1	1
NPT4147	1	1	1	1
NPT4175	1	1	1	1
NPT4342	1	1	1	1
NPT4380	1	1	1	1
NPT4445	1	1	1	1
NPT4447	1	1	1	1
NPT4505	1	1	1	1
NPT4545	1	1	1	1
NPT4627	1	1	1	1
NPT477	1	1	1	1
NPT4786	1	1	1	1
NPT4787	1	1	1	1
NPT4886	1	1	1	1
NPT4904	1	1	1	1
NPT4918	1	1	1	1
NPT4920	1	1	1	1
NPT4961	1	1	1	1
NPT5011	1	1	1	1
NPT5013	1	1	1	1
NPT5015	1	1	1	1
NPT5047	1	1	1	1
NPT505	1	1	1	1
NPT5051	1	1	1	1
NPT5071	1	1	1	1
NPT5075	1	1	1	1
NPT510	1	1	1	1
NPT512	1	1	1	1
NPT5282	1	1	1	1
NPT5284	1	1	1	1
NPT5454	1	1	1	1
NPT5457	1	1	1	1
NPT5458	1	1	1	1
NPT5459	1	1	1	1
NPT5472	1	1	1	1
NPT5640	1	1	1	1
NPT5655	1	1	1	1
NPT5689	1	1	1	1
NPT5690	1	1	1	1
NPT5691	1	1	1	1
NPT5790	1	1	1	1
NPT5830	1	1	1	1
NPT5849	1	1	1	1
NPT5871	1	1	1	1
NPT5876	1	1	1	1
NPT5879	1	1	1	1
NPT6069	1	1	1	1
NPT6098	1	1	1	1
NPT6105	1	1	1	1
NPT6186	1	1	1	1
NPT6213	1	1	1	1
NPT6245	1	1	1	1
NPT63	1	1	1	1
NPT6365	1	1	1	1
NPT6441	1	1	1	1
NPT6527	1	1	1	1
NPT6540	1	1	1	1
NPT6574	1	1	1	1
NPT6588	1	1	1	1
NPT874	1	1	1	1
