feature_index	feature	representation
1	FractionCSP3	molecular
2	SPS	molecular
3	NumAtomStereoCenters	molecular
4	SMR_VSA5	molecular
5	BCUT2D_MRLOW	molecular
6	BCUT2D_CHGLO	molecular
7	VSA_EState6	molecular
8	NumAromaticRings	molecular
9	SMR_VSA7	molecular
10	fr_Al_OH	molecular
11	PBF	3d
12	SpherocityIndex	3d
13	PMI1	3d
14	InertialShapeFactor	3d
15	PMI2	3d
16	NPR2	3d
17	RadiusOfGyration	3d
18	Eccentricity	3d
19	NPR1	3d
20	molformer_0279	molformer
21	molformer_0491	molformer
22	molformer_0407	molformer
23	molformer_0047	molformer
24	molformer_0230	molformer
25	molformer_0638	molformer
26	molformer_0393	molformer
27	molformer_0129	molformer
28	molformer_0659	molformer
29	molformer_0747	molformer
30	molformer_0298	molformer
31	molformer_0742	molformer
32	molformer_0177	molformer
33	molformer_0119	molformer
34	molformer_0400	molformer
35	molformer_0367	molformer
36	molformer_0485	molformer
37	molformer_0536	molformer
38	molformer_0418	molformer
39	molformer_0455	molformer
40	molformer_0312	molformer
