representation	feature	n_total	n_finite	n_nonfinite	n_active	n_inactive	active_mean	inactive_mean	active_median	inactive_median	active_q25	active_q75	inactive_q25	inactive_q75	median_difference	zero_fraction	variance	raw_auc	train_orientation	oriented_auc	average_precision	pr_baseline	ap_over_baseline	cliffs_delta	abs_cliffs_delta	effect_category	mannwhitney_u	mannwhitney_p	ks_statistic	ks_p	effect_direction	fdr_q	fdr_significant	practically_meaningful	statistically_and_practically_relevant
3d	PBF	48152	48152	0	2383	45769	0.9395488453152888	1.054307383905849	0.9650132887900692	1.0520646482015734	0.6605893612006573	1.194252363140916	0.8473917408354718	1.2508445245226865	-0.0870513594115042	0.000124605416182	0.1360954341314642	0.4195858772886635	-1	0.5804141227113364	0.087032896816351	0.0494891177936534	1.758626960764136	-0.160828245422673	0.160828245422673	small	45763194.0	4.086351325517248e-40	0.1428792641461468	8.253817000132881e-41	lower_in_active	3.6777161929655224e-39	True	False	False
3d	SpherocityIndex	48152	48152	0	2383	45769	0.2271788101120321	0.2625505619862934	0.2061701141740438	0.237286601937208	0.1202553940504232	0.3101433440769626	0.1526033669471402	0.3471148584776761	-0.0311164877631641	0.000124605416182	0.0216400038776204	0.427786833380755	-1	0.5722131666192449	0.0809697046666454	0.0494891177936534	1.6361112963106634	-0.1444263332384898	0.1444263332384898	negligible	46657652.0	1.109457208395065e-32	0.1007716714801831	1.778527164871586e-20	lower_in_active	4.992557437777792e-32	True	False	False
3d	PMI1	48152	48152	0	2383	45769	2819.6466875370024	2927.317142695941	1399.791936820519	1581.8833603197618	711.2024823437997	2689.4459425159657	858.1526519267703	3260.7937196756648	-182.0914234992429	6.230270809104503e-05	35952707.61475198	0.4520364709470308	-1	0.5479635290529692	0.0604963516921392	0.0494891177936534	1.22241725836336	-0.0959270581059382	0.0959270581059382	negligible	49302500.0	2.6264412603274174e-15	0.0725762948673072	8.056720820085471e-11	lower_in_active	7.879323780982252e-15	True	False	False
3d	InertialShapeFactor	48152	48152	0	2383	45769	0.0012606637251243	0.0010393444759104	0.0006150513996466	0.0005480491861681	0.0003068059782067	0.0012089265981416	0.0002562240967997	0.0009952907544145	6.70022134785e-05	0.0001453729855457	2.1878145668028857e-05	0.5440909465197648	1	0.5440909465197648	0.0591706034090864	0.0494891177936534	1.1956285754739115	0.0881818930395295	0.0881818930395295	negligible	59342654.0	3.62072766062422e-13	0.0729050086557844	6.482873220292108e-11	higher_in_active	8.146637236404495e-13	True	False	False
3d	PMI2	48152	48152	0	2383	45769	9079.805990634071	11378.880980610484	4912.173891323319	5547.473753324249	2552.3209805877405	9275.488631766852	2790.010084848757	10624.611182414856	-635.2998620009294	4.153513872736335e-05	390591305.5452363	0.4619609464510917	-1	0.5380390535489084	0.0574473055701637	0.0494891177936534	1.1608068224148227	-0.0760781070978166	0.0760781070978166	negligible	50384938.0	3.5807008811575745e-10	0.062824794771408	3.248623403075202e-08	lower_in_active	6.445261586083633e-10	True	False	False
3d	NPR2	48152	48152	0	2383	45769	0.8459518254811622	0.8592176208859691	0.8687739778573227	0.8792444567504332	0.7826139834927648	0.9287339376600164	0.798163674477491	0.9383183380758616	-0.0104704788931104	4.153513872736335e-05	0.0095037586295987	0.4660840343432376	-1	0.5339159656567624	0.0603377073857623	0.0494891177936534	1.2192116181448711	-0.0678319313135247	0.0678319313135247	negligible	50834633.0	2.2506621790638532e-08	0.0504333613431979	1.9057429756730823e-05	lower_in_active	3.3759932685957804e-08	True	False	False
3d	RadiusOfGyration	48152	48152	0	2383	45769	4.241587804401449	4.458338544076812	4.113215468006689	4.195592078438311	3.395283631514015	4.868412413077739	3.439551198547273	5.0479379406874605	-0.0823766104316225	4.153513872736335e-05	2.436023090751264	0.4700192844750207	-1	0.5299807155249793	0.0558866153198926	0.0494891177936534	1.1292707934886563	-0.0599614310499585	0.0599614310499585	negligible	51263841.0	7.702606006189521e-07	0.0538569559755397	3.765725503811884e-06	lower_in_active	9.903350579386528e-07	True	False	False
3d	Eccentricity	48152	48152	0	2383	45769	0.9466012451015416	0.9429940406317624	0.9660051371523654	0.9632743195643524	0.923531322740748	0.9860150628162851	0.9180698687013504	0.9851661480817396	0.0027308175880129	6.230270809104503e-05	0.0034081749750185	0.5172246639460342	1	0.5172246639460342	0.0509256410540387	0.0494891177936534	1.0290270533084662	0.0344493278920683	0.0344493278920683	negligible	56412415.0	0.0045150998355525	0.0360381876083061	0.0054325296504838	higher_in_active	0.0046166899328808	True	False	False
3d	NPR1	48152	48152	0	2383	45769	0.28222240125274	0.2914008281017427	0.2585228713194248	0.2685136207590701	0.1666562203568721	0.3835229949565857	0.1715948701371855	0.3964049406861706	-0.0099907494396452	6.230270809104503e-05	0.0223258536812321	0.4828184377922129	-1	0.5171815622077871	0.0508998665123151	0.0494891177936534	1.0285062409991603	-0.0343631244155742	0.0343631244155742	negligible	52659813.0	0.0046166899328808	0.03599448990899	0.0055107448529347	lower_in_active	0.0046166899328808	True	False	False
molecular	FractionCSP3	48152	48152	0	2383	45769	0.4608274887390578	0.594345731972235	0.4347826086956521	0.6071428571428571	0.2240143369175627	0.7	0.3809523809523809	0.8333333333333334	-0.172360248447205	0.0128551254361189	0.0734096380811802	0.3670765222356238	-1	0.6329234777643762	0.0995024852918813	0.0494891177936534	2.010593231965871	-0.2658469555287523	0.2658469555287523	small	40036128.5	1.8057885680324588e-106	0.1968627013978229	2.16644959684201e-77	lower_in_active	3.124014222696154e-104	True	True	True
molecular	SPS	48152	48152	0	2383	45769	26.27492957600576	32.586300761258904	21.02777777777778	32.07692307692308	12.19375	38.7811004784689	18.02173913043478	46.62857142857143	-11.049145299145302	0.0001453729855457	251.67916216216304	0.3802094733476445	-1	0.6197905266523555	0.079778771535282	0.0494891177936534	1.612046750720478	-0.2395810533047109	0.2395810533047109	small	41468507.0	8.152340047222122e-87	0.2010858465691626	9.298159029885149e-81	lower_in_active	7.051774140847135e-85	True	True	True
molecular	NumAtomStereoCenters	48152	48152	0	2383	45769	4.425094418799832	6.323297428390395	2.0	5.0	0.0	7.0	1.0	9.0	-3.0	0.1764828044525668	48.10905010994011	0.3855927071675513	-1	0.6144072928324487	0.0751724153630283	0.0494891177936534	1.518968587729979	-0.2288145856648973	0.2288145856648973	small	42055643.0	4.611000775068861e-80	0.2010832610149857	9.34289031126399e-81	lower_in_active	2.6590104469563757e-78	True	True	True
molecular	SMR_VSA5	48152	48152	0	2383	45769	54.37750890895573	71.03644897044109	37.76696814999996	57.8426600543302	12.84164324585202	78.21068819092808	31.78725287945234	94.83857906399382	-20.07569190433024	0.0459378634324638	3473.881784128089	0.3856145376799457	-1	0.6143854623200542	0.0884792878458484	0.0494891177936534	1.7878534067785532	-0.2287709246401085	0.2287709246401085	small	42058024.0	2.4732661228795098e-79	0.2105708420435718	1.3641070126415257e-88	lower_in_active	1.0696875981453879e-77	True	True	True
molecular	BCUT2D_MRLOW	48152	48152	0	2383	45769	-0.0135209503591483	-0.1169369261820278	-0.1309308670958257	-0.1537725165434211	-0.2024108589148073	0.1445840324596491	-0.2779815264713988	-0.01962856033298	0.0228416494475954	2.076756936368168e-05	0.0780205467070385	0.6067799171791985	1	0.6067799171791985	0.0759508530315678	0.0494891177936534	1.5346980592429933	0.2135598343583971	0.2135598343583971	small	66179985.0	2.2872415086391287e-69	0.1722962784330848	2.898116513773914e-59	higher_in_active	7.913855619891387e-68	True	True	True
molecular	BCUT2D_CHGLO	48152	48152	0	2383	45769	-2.312554343995967	-2.3902016709808604	-2.3098862438708068	-2.4021017858359595	-2.524128040422813	-2.117901328880796	-2.5847950056387234	-2.2294182124237687	0.0922155419651526	0.0	0.0512018862463968	0.5954247133521235	1	0.5954247133521235	0.0715899826378721	0.0494891177936534	1.4465802954170448	0.1908494267042471	0.1908494267042471	small	64941501.0	9.109428525880824e-56	0.1771498220547349	1.196338647984249e-62	higher_in_active	1.9699139187217286e-54	True	False	False
molecular	VSA_EState6	48152	48152	0	2383	45769	5.626287197402716	3.8641595401555495	5.088003847414749	0.5973899281934996	0.0	8.973128248206486	0.0	7.073204718818549	4.490613919221249	0.458506396411364	29.88737722038477	0.5942220776675354	1	0.5942220776675354	0.0674318914127916	0.0494891177936534	1.362559981245801	0.1884441553350708	0.1884441553350708	small	64810332.5	5.009603286841639e-60	0.1729421718711931	1.040689158003506e-59	higher_in_active	1.2380876694622908e-58	True	False	False
molecular	NumAromaticRings	48152	48152	0	2383	45769	1.458665547629039	1.078786951866984	1.0	1.0	0.0	2.0	0.0	2.0	0.0	0.4824929390264163	1.957477147099616	0.5933989729133584	1	0.5933989729133584	0.0616374399824728	0.0494891177936534	1.245474616045334	0.1867979458267168	0.1867979458267168	small	64720558.5	6.290752393127505e-61	0.1681100828480323	2.0115560153494636e-56	higher_in_active	1.8138336066850978e-59	True	False	False
molecular	SMR_VSA7	48152	48152	0	2383	45769	41.03349322274558	34.08202079452357	40.55516291828041	29.82891976554344	23.2982492738063	55.53795240244072	11.835184978490055	47.52510539416365	10.72624315273697	0.1138270476823392	757.3090410779374	0.5914701632503321	1	0.5914701632503321	0.0626883304715224	0.0494891177936534	1.266709395243286	0.1829403265006641	0.1829403265006641	small	64510188.0	1.5706352878718077e-51	0.1644124103043062	5.672328803984824e-54	higher_in_active	2.2643325400151893e-50	True	False	False
molecular	fr_Al_OH	48152	48152	0	2383	45769	1.4406210658833405	2.2314230155782298	0.0	1.0	0.0	2.0	0.0	3.0	-1.0	0.3839715899651105	11.084744462615213	0.4104755029423194	-1	0.5895244970576805	0.0623192357769753	0.0494891177936534	1.2592512971602663	-0.1790489941153612	0.1790489941153612	small	44769548.0	8.2209129716355775e-53	0.1505454964611052	2.794059255241434e-45	lower_in_active	1.422217944092955e-51	True	False	False
molformer	molformer_0279	48152	48152	0	2383	45769	-0.2649201931152496	-0.0500428928867337	-0.265609860420227	-0.021607968956232	-0.63949254155159	0.0816655904054641	-0.3538355827331543	0.2732268273830414	-0.2440018914639949	0.0	0.2175494738923598	0.370924134000031	-1	0.629075865999969	0.0809516784828585	0.0494891177936534	1.635747050904995	-0.258151731999938	0.258151731999938	small	40455778.0	1.7392608654453567e-100	0.1966309183850845	3.2992764109556418e-77	lower_in_active	1.335752344662034e-97	True	True	True
molformer	molformer_0491	48152	48152	0	2383	45769	0.1381727850625314	-9.955898493289964e-05	0.1170194074511528	-0.0156221492215991	-0.0872042588889598	0.3550281673669815	-0.2108527272939682	0.1926304996013641	0.1326415566727519	0.0	0.096502631570441	0.622148529140117	1	0.622148529140117	0.0791232844286505	0.0494891177936534	1.598801675118917	0.2442970582802339	0.2442970582802339	small	67856201.5	3.4336504369367524e-90	0.1768147544043975	2.0634534208074434e-62	higher_in_active	1.3185217677837128e-87	True	True	True
molformer	molformer_0407	48152	48152	0	2383	45769	-0.1317321303332264	0.0219778790614558	-0.132671520113945	0.0402441099286079	-0.3916948139667511	0.1229301951825618	-0.2068311125040054	0.2676676213741302	-0.1729156300425529	0.0	0.1257161280784237	0.3783515188714236	-1	0.6216484811285765	0.0790524149587178	0.0494891177936534	1.5973696538364168	-0.2432969622571528	0.2432969622571528	small	41265864.5	1.8074112747445865e-89	0.1906867751755295	1.3396293493884323e-72	lower_in_active	4.626972863346141e-87	True	True	True
molformer	molformer_0047	48152	48152	0	2383	45769	-0.1741539373150387	-0.3204670239802697	-0.1634450405836105	-0.3221708238124847	-0.4019290953874588	0.0669411905109882	-0.5544947385787964	-0.0879072546958923	0.1587257832288742	0.0	0.1251223012969318	0.6207845347038996	1	0.6207845347038996	0.075007488832562	0.0494891177936534	1.5156360059863725	0.2415690694077992	0.2415690694077992	small	67707434.0	3.1356668572740265e-88	0.1848551677530929	3.208653545240971e-68	higher_in_active	6.020480365966131e-86	True	True	True
molformer	molformer_0230	48152	48152	0	2383	45769	0.5995017845601592	0.7494737360139863	0.5979922413825989	0.7777819633483887	0.3421307653188705	0.8852664530277252	0.5195111632347107	1.0013372898101809	-0.1797897219657898	0.0	0.1281875095460501	0.3828647824755392	-1	0.6171352175244609	0.0761606560889503	0.0494891177936534	1.5389374368422737	-0.2342704350489215	0.2342704350489215	small	41758115.0	4.305910282390589e-83	0.1869794939056425	8.458258842492254e-70	lower_in_active	6.613878193751944e-81	True	True	True
molformer	molformer_0638	48152	48152	0	2383	45769	0.198985197699995	-0.0416726550495803	0.1780348569154739	-0.1009092852473259	-0.2728400379419327	0.6652155816555023	-0.4233852922916412	0.3173127770423889	0.2789441421627998	0.0	0.298427534817379	0.6167900185359478	1	0.6167900185359478	0.0839613985178075	0.0494891177936534	1.69656284575303	0.2335800370718956	0.2335800370718956	small	67271762.0	1.294017559166508e-82	0.190632881957615	1.4726505576817342e-72	higher_in_active	1.65634247573313e-80	True	True	True
molformer	molformer_0393	48152	48152	0	2383	45769	-0.12660149354695	0.0043654075434951	-0.138363242149353	-0.004313769750297	-0.3568289279937744	0.0914670750498771	-0.2200628221035003	0.2281069159507751	-0.1340494723990559	0.0	0.1022648555401605	0.3871566878013105	-1	0.6128433121986895	0.0851102376335941	0.0494891177936534	1.7197768201984156	-0.2256866243973789	0.2256866243973789	small	42226222.5	2.9912104691384854e-77	0.1705817534489435	4.310586303709651e-58	lower_in_active	3.2817852004262253e-75	True	True	True
molformer	molformer_0129	48152	48152	0	2383	45769	-0.1468986754813335	-0.3425876553062517	-0.1350522935390472	-0.3234301209449768	-0.4712323695421219	0.1966092884540558	-0.6648085713386536	0.0015608196845278	0.1883778274059295	0.0	0.2332309678433592	0.6111950901756487	1	0.6111950901756487	0.0786993689839317	0.0494891177936534	1.5902358436064956	0.2223901803512973	0.2223901803512973	small	66661537.0	4.58822682897049e-75	0.1557865156326502	1.7900149957323682e-48	higher_in_active	4.404697755811671e-73	True	True	True
molformer	molformer_0659	48152	48152	0	2383	45769	-0.1290698876410054	-0.2792704049353791	-0.1549983322620391	-0.2955432832241058	-0.4043081104755401	0.1494613289833068	-0.534288227558136	-0.0384621731936931	0.1405449509620666	0.0	0.1349035999254166	0.6105871319517495	1	0.6105871319517495	0.0778621770245978	0.0494891177936534	1.57331915572322	0.221174263903499	0.221174263903499	small	66595228.5	2.882833377447687e-74	0.1543702279047731	1.3390903513398519e-47	higher_in_active	2.4600178154220263e-72	True	True	True
molformer	molformer_0747	48152	48152	0	2383	45769	0.1080929280913404	0.2459873073533263	0.1297746449708938	0.2748195827007293	-0.1352646052837371	0.3696438819169998	0.0307147055864334	0.4839068353176117	-0.1450449377298355	0.0	0.1167733097329236	0.3904518390703037	-1	0.6095481609296963	0.075506007312246	0.0494891177936534	1.5257093009228997	-0.2190963218593926	0.2190963218593926	small	42585616.5	6.51316298378247e-73	0.1631177261404304	3.967134355253852e-53	lower_in_active	5.002109171544937e-71	True	True	True
molformer	molformer_0298	48152	48152	0	2383	45769	-0.1773466666194439	-0.0709041380465498	-0.1838625073432922	-0.0788840949535369	-0.3582740873098373	-0.0006594072619918	-0.2418248057365417	0.0884479358792305	-0.1049784123897552	0.0	0.0774012403432268	0.3906094570201449	-1	0.609390542979855	0.0778725046791023	0.0494891177936534	1.573527841086083	-0.2187810859597101	0.2187810859597101	small	42602807.5	1.042527718044131e-72	0.17037495495795	5.9584761846886564e-58	lower_in_active	7.278738976889933e-71	True	True	True
molformer	molformer_0742	48152	48152	0	2383	45769	0.0352365642150907	0.1682766642531415	0.0454089939594268	0.1906668543815612	-0.2018127143383026	0.2808206975460052	-0.049060296267271	0.4095375537872314	-0.1452578604221344	0.0	0.1175721982421703	0.3911643930461538	-1	0.6088356069538462	0.0732247219853597	0.0494891177936534	1.4796125946450038	-0.2176712139076922	0.2176712139076922	small	42663333.0	5.432981384031172e-72	0.16944639260043	2.536834742959541e-57	lower_in_active	3.4771080857799496e-70	True	True	True
molformer	molformer_0177	48152	48152	0	2383	45769	0.2677039835601697	0.4074425764377585	0.2928213477134704	0.4452590942382812	0.0366347059607505	0.5218218863010406	0.1563600003719329	0.6945374608039856	-0.1524377465248108	0.0	0.1695898854144757	0.3922329374901844	-1	0.6077670625098157	0.0644190888276478	0.0494891177936534	1.3016818989630292	-0.2155341250196312	0.2155341250196312	small	42779876.5	1.2744966955723464e-70	0.1794344158917254	2.8274386975971827e-64	lower_in_active	7.529334324612014e-69	True	True	True
molformer	molformer_0119	48152	48152	0	2383	45769	-0.445226470247796	-0.5909628082179129	-0.4319086670875549	-0.5915762186050415	-0.7265273332595825	-0.1804071217775344	-0.861146092414856	-0.3241773843765259	0.1596675515174865	0.0	0.1464390677392918	0.6065744114652935	1	0.6065744114652935	0.0734522609014862	0.0494891177936534	1.4842103512078746	0.2131488229305869	0.2131488229305869	small	66157571.0	4.158397632600697e-69	0.1670662066079484	1.0020885696226324e-55	higher_in_active	2.281178129883811e-67	True	True	True
molformer	molformer_0400	48152	48152	0	2383	45769	-0.1679782217886226	-0.2752502900600838	-0.1654963493347168	-0.2680000960826874	-0.3433719277381897	0.0162073830142617	-0.4612270891666412	-0.0827618613839149	0.1025037467479705	0.0	0.0819010755973054	0.606419599116793	1	0.606419599116793	0.074722109460362	0.0494891177936534	1.5098694984202077	0.212839198233586	0.212839198233586	small	66140686.0	6.518838965433963e-69	0.1584966715161699	3.612039133592043e-50	higher_in_active	3.337645550302189e-67	True	True	True
molformer	molformer_0367	48152	48152	0	2383	45769	0.0193546933272847	-0.1014007031738677	0.0066692032851278	-0.1248826906085014	-0.218821033835411	0.2479692697525024	-0.3249449431896209	0.1029930412769317	0.1315518938936293	0.0	0.1076719117149114	0.6053503853626387	1	0.6053503853626387	0.071801334775847	0.0494891177936534	1.4508509744551357	0.2107007707252775	0.2107007707252775	small	66024069.5	1.4286565389584611e-67	0.1610626781700112	8.418849267152439e-52	higher_in_active	6.857551387000614e-66	True	True	True
molformer	molformer_0485	48152	48152	0	2383	45769	-0.2333388536153972	-0.360231810570784	-0.2294315546751022	-0.3710794746875763	-0.48079614341259	0.016591528430581	-0.6220041513442993	-0.1193215027451515	0.141647920012474	0.0	0.1312783220912121	0.6033427071285847	1	0.6033427071285847	0.0675814632762895	0.0494891177936534	1.3655822994879958	0.2066854142571694	0.2066854142571694	small	65805097.0	4.326605638311381e-65	0.1548293196379156	6.988914741390753e-48	higher_in_active	1.9546077236606709e-63	True	True	True
molformer	molformer_0536	48152	48152	0	2383	45769	0.4419821415028091	0.3229517751595031	0.4443696141242981	0.3180550634860992	0.2011904865503311	0.6759802997112274	0.1037843823432922	0.5397393703460693	0.1263145506381988	0.0	0.1039848544387622	0.6028200492709439	1	0.6028200492709439	0.0739090833711715	0.0494891177936534	1.49344111728437	0.2056400985418878	0.2056400985418878	small	65748092.0	1.880626191748754e-64	0.1544571465345501	1.1841576781579435e-47	higher_in_active	8.024005084794684e-63	True	True	True
molformer	molformer_0418	48152	48152	0	2383	45769	-0.0459706675966517	0.0636358105555172	-0.028158625587821	0.0930264815688133	-0.2408952564001083	0.1840584650635719	-0.1251823902130127	0.2809495627880096	-0.1211851071566343	0.0	0.0949967903415059	0.3976653289296639	-1	0.6023346710703361	0.0687614890081368	0.0494891177936534	1.389426445119515	-0.2046693421406722	0.2046693421406722	small	43372374.0	7.312434185770888e-64	0.1549391506786433	5.980295320906341e-48	lower_in_active	2.955762870880022e-62	True	True	True
molformer	molformer_0455	48152	48152	0	2383	45769	0.4364531621898568	0.2761923404096977	0.4217967689037323	0.2322143763303756	0.1014788188040256	0.7526337206363678	-0.0566554814577102	0.5821347832679749	0.1895823925733566	0.0	0.1923492586903725	0.602032087882583	1	0.602032087882583	0.0730042741541835	0.0494891177936534	1.4751581238238538	0.204064175765166	0.204064175765166	small	65662151.0	1.6994709498613488e-63	0.1490361929632823	2.214033211938593e-44	higher_in_active	6.5259684474675796e-62	True	True	True
molformer	molformer_0312	48152	48152	0	2383	45769	-0.0433108501905459	-0.1431694964788705	-0.05015205219388	-0.1569341123104095	-0.2417423129081726	0.1440885886549949	-0.327374517917633	0.0292946193367242	0.1067820601165294	0.0	0.0724466352577792	0.6013885920416991	1	0.6013885920416991	0.07607810539227	0.0494891177936534	1.537269379290217	0.2027771840833983	0.2027771840833983	small	65591966.5	1.0130507284499456e-62	0.1580438878017285	6.966772604811346e-50	higher_in_active	3.704871235474086e-61	True	True	True
