feature	representation	permutation_importance_mean	permutation_importance_sd	importance_rank
SPS	molecular	0.01626570891969309	0.004666443908744309	1
BCUT2D_CHGLO	molecular	0.016152795620914928	0.0028587152349353493	2
FractionCSP3	molecular	0.01278455986087316	0.0057945118114748366	3
fr_Al_OH	molecular	0.011352261121472142	0.005521640279075657	4
molformer_0485	molformer	0.009804285600930296	0.0017680840754653053	5
molformer_0638	molformer	0.009369303507122713	0.0019905231020248383	6
VSA_EState6	molecular	0.008815132199603481	0.002792451547462019	7
NumAtomStereoCenters	molecular	0.008436869811572092	0.0034891720518743148	8
BCUT2D_MRLOW	molecular	0.007917564665811212	0.0021479299046295725	9
molformer_0279	molformer	0.007824147117757682	0.0016561292734482832	10
NumAromaticRings	molecular	0.007520875424500829	0.0029272268533287464	11
SMR_VSA7	molecular	0.007225941153746154	0.002648359618004051	12
molformer_0407	molformer	0.006548513823546564	0.0017084754528721281	13
molformer_0312	molformer	0.005994235543769744	0.0014383574613531806	14
molformer_0367	molformer	0.005952230852203945	0.0019184683444582404	15
molformer_0536	molformer	0.0058053711679819904	0.002340184466888368	16
molformer_0400	molformer	0.005435800950584758	0.0019810479728574098	17
molformer_0177	molformer	0.0053549352960211806	0.0019920506351597516	18
NPR2	3d	0.005341154688239221	0.0016336191300384798	19
molformer_0747	molformer	0.005041585046633688	0.0018679590249704393	20
