Target_ID	Final_Status	Resolved_Target_ID	Resolution_Method
NPT10	MAPPED_IN_TARGET_TABLE	NPT10	EXACT_MATCH
NPT1006	UNMAPPED_BUT_FOUND_IN_OTHER_CMAUP_FILE		OCCURRENCE_FOUND_OUTSIDE_TARGET_TABLE; NO_TARGET_ANNOTATION_ASSIGNED
NPT1008	MAPPED_IN_TARGET_TABLE	NPT1008	EXACT_MATCH
NPT101	MAPPED_IN_TARGET_TABLE	NPT101	EXACT_MATCH
NPT102	MAPPED_IN_TARGET_TABLE	NPT102	EXACT_MATCH
NPT1028	UNMAPPED_BUT_FOUND_IN_OTHER_CMAUP_FILE		OCCURRENCE_FOUND_OUTSIDE_TARGET_TABLE; NO_TARGET_ANNOTATION_ASSIGNED
NPT1029	UNMAPPED_BUT_FOUND_IN_OTHER_CMAUP_FILE		OCCURRENCE_FOUND_OUTSIDE_TARGET_TABLE; NO_TARGET_ANNOTATION_ASSIGNED
NPT103	MAPPED_IN_TARGET_TABLE	NPT103	EXACT_MATCH
NPT1037	UNMAPPED_BUT_FOUND_IN_OTHER_CMAUP_FILE		OCCURRENCE_FOUND_OUTSIDE_TARGET_TABLE; NO_TARGET_ANNOTATION_ASSIGNED
NPT1038	MAPPED_IN_TARGET_TABLE	NPT1038	EXACT_MATCH
NPT1044	MAPPED_IN_TARGET_TABLE	NPT1044	EXACT_MATCH
NPT1046	MAPPED_IN_TARGET_TABLE	NPT1046	EXACT_MATCH
NPT1057	UNMAPPED_BUT_FOUND_IN_OTHER_CMAUP_FILE		OCCURRENCE_FOUND_OUTSIDE_TARGET_TABLE; NO_TARGET_ANNOTATION_ASSIGNED
NPT106	MAPPED_IN_TARGET_TABLE	NPT106	EXACT_MATCH
NPT1062	MAPPED_IN_TARGET_TABLE	NPT1062	EXACT_MATCH
NPT1063	MAPPED_IN_TARGET_TABLE	NPT1063	EXACT_MATCH
NPT107	UNMAPPED_BUT_FOUND_IN_OTHER_CMAUP_FILE		OCCURRENCE_FOUND_OUTSIDE_TARGET_TABLE; NO_TARGET_ANNOTATION_ASSIGNED
NPT1078	MAPPED_IN_TARGET_TABLE	NPT1078	EXACT_MATCH
NPT1079	UNMAPPED_BUT_FOUND_IN_OTHER_CMAUP_FILE		OCCURRENCE_FOUND_OUTSIDE_TARGET_TABLE; NO_TARGET_ANNOTATION_ASSIGNED
NPT108	MAPPED_IN_TARGET_TABLE	NPT108	EXACT_MATCH
NPT1080	UNMAPPED_BUT_FOUND_IN_OTHER_CMAUP_FILE		OCCURRENCE_FOUND_OUTSIDE_TARGET_TABLE; NO_TARGET_ANNOTATION_ASSIGNED
NPT1089	MAPPED_IN_TARGET_TABLE	NPT1089	EXACT_MATCH
NPT109	MAPPED_IN_TARGET_TABLE	NPT109	EXACT_MATCH
NPT1090	UNMAPPED_BUT_FOUND_IN_OTHER_CMAUP_FILE		OCCURRENCE_FOUND_OUTSIDE_TARGET_TABLE; NO_TARGET_ANNOTATION_ASSIGNED
NPT1098	UNMAPPED_BUT_FOUND_IN_OTHER_CMAUP_FILE		OCCURRENCE_FOUND_OUTSIDE_TARGET_TABLE; NO_TARGET_ANNOTATION_ASSIGNED
NPT1099	MAPPED_IN_TARGET_TABLE	NPT1099	EXACT_MATCH
NPT110	MAPPED_IN_TARGET_TABLE	NPT110	EXACT_MATCH
NPT1109	UNMAPPED_BUT_FOUND_IN_OTHER_CMAUP_FILE		OCCURRENCE_FOUND_OUTSIDE_TARGET_TABLE; NO_TARGET_ANNOTATION_ASSIGNED
NPT1110	MAPPED_IN_TARGET_TABLE	NPT1110	EXACT_MATCH
NPT1111	UNMAPPED_BUT_FOUND_IN_OTHER_CMAUP_FILE		OCCURRENCE_FOUND_OUTSIDE_TARGET_TABLE; NO_TARGET_ANNOTATION_ASSIGNED
NPT1119	MAPPED_IN_TARGET_TABLE	NPT1119	EXACT_MATCH
NPT1132	UNMAPPED_BUT_FOUND_IN_OTHER_CMAUP_FILE		OCCURRENCE_FOUND_OUTSIDE_TARGET_TABLE; NO_TARGET_ANNOTATION_ASSIGNED
NPT1133	UNMAPPED_BUT_FOUND_IN_OTHER_CMAUP_FILE		OCCURRENCE_FOUND_OUTSIDE_TARGET_TABLE; NO_TARGET_ANNOTATION_ASSIGNED
NPT1137	MAPPED_IN_TARGET_TABLE	NPT1137	EXACT_MATCH
NPT1138	MAPPED_IN_TARGET_TABLE	NPT1138	EXACT_MATCH
NPT1139	UNMAPPED_BUT_FOUND_IN_OTHER_CMAUP_FILE		OCCURRENCE_FOUND_OUTSIDE_TARGET_TABLE; NO_TARGET_ANNOTATION_ASSIGNED
NPT1143	MAPPED_IN_TARGET_TABLE	NPT1143	EXACT_MATCH
NPT1144	MAPPED_IN_TARGET_TABLE	NPT1144	EXACT_MATCH
NPT1146	MAPPED_IN_TARGET_TABLE	NPT1146	EXACT_MATCH
NPT1149	MAPPED_IN_TARGET_TABLE	NPT1149	EXACT_MATCH
NPT1157	UNMAPPED_BUT_FOUND_IN_OTHER_CMAUP_FILE		OCCURRENCE_FOUND_OUTSIDE_TARGET_TABLE; NO_TARGET_ANNOTATION_ASSIGNED
NPT1158	UNMAPPED_BUT_FOUND_IN_OTHER_CMAUP_FILE		OCCURRENCE_FOUND_OUTSIDE_TARGET_TABLE; NO_TARGET_ANNOTATION_ASSIGNED
NPT1159	MAPPED_IN_TARGET_TABLE	NPT1159	EXACT_MATCH
NPT1166	MAPPED_IN_TARGET_TABLE	NPT1166	EXACT_MATCH
NPT1185	MAPPED_IN_TARGET_TABLE	NPT1185	EXACT_MATCH
NPT1186	UNMAPPED_BUT_FOUND_IN_OTHER_CMAUP_FILE		OCCURRENCE_FOUND_OUTSIDE_TARGET_TABLE; NO_TARGET_ANNOTATION_ASSIGNED
NPT1187	MAPPED_IN_TARGET_TABLE	NPT1187	EXACT_MATCH
NPT1196	UNMAPPED_BUT_FOUND_IN_OTHER_CMAUP_FILE		OCCURRENCE_FOUND_OUTSIDE_TARGET_TABLE; NO_TARGET_ANNOTATION_ASSIGNED
NPT1197	MAPPED_IN_TARGET_TABLE	NPT1197	EXACT_MATCH
NPT1210	MAPPED_IN_TARGET_TABLE	NPT1210	EXACT_MATCH
NPT1211	UNMAPPED_BUT_FOUND_IN_OTHER_CMAUP_FILE		OCCURRENCE_FOUND_OUTSIDE_TARGET_TABLE; NO_TARGET_ANNOTATION_ASSIGNED
NPT1214	UNMAPPED_BUT_FOUND_IN_OTHER_CMAUP_FILE		OCCURRENCE_FOUND_OUTSIDE_TARGET_TABLE; NO_TARGET_ANNOTATION_ASSIGNED
NPT1224	UNMAPPED_BUT_FOUND_IN_OTHER_CMAUP_FILE		OCCURRENCE_FOUND_OUTSIDE_TARGET_TABLE; NO_TARGET_ANNOTATION_ASSIGNED
NPT1226	MAPPED_IN_TARGET_TABLE	NPT1226	EXACT_MATCH
NPT1237	UNMAPPED_BUT_FOUND_IN_OTHER_CMAUP_FILE		OCCURRENCE_FOUND_OUTSIDE_TARGET_TABLE; NO_TARGET_ANNOTATION_ASSIGNED
NPT1249	UNMAPPED_BUT_FOUND_IN_OTHER_CMAUP_FILE		OCCURRENCE_FOUND_OUTSIDE_TARGET_TABLE; NO_TARGET_ANNOTATION_ASSIGNED
NPT1250	MAPPED_IN_TARGET_TABLE	NPT1250	EXACT_MATCH
NPT1255	UNMAPPED_BUT_FOUND_IN_OTHER_CMAUP_FILE		OCCURRENCE_FOUND_OUTSIDE_TARGET_TABLE; NO_TARGET_ANNOTATION_ASSIGNED
NPT1256	UNMAPPED_BUT_FOUND_IN_OTHER_CMAUP_FILE		OCCURRENCE_FOUND_OUTSIDE_TARGET_TABLE; NO_TARGET_ANNOTATION_ASSIGNED
NPT1257	MAPPED_IN_TARGET_TABLE	NPT1257	EXACT_MATCH
NPT1259	MAPPED_IN_TARGET_TABLE	NPT1259	EXACT_MATCH
NPT1265	MAPPED_IN_TARGET_TABLE	NPT1265	EXACT_MATCH
NPT1270	MAPPED_IN_TARGET_TABLE	NPT1270	EXACT_MATCH
NPT1274	MAPPED_IN_TARGET_TABLE	NPT1274	EXACT_MATCH
NPT1282	MAPPED_IN_TARGET_TABLE	NPT1282	EXACT_MATCH
NPT1283	MAPPED_IN_TARGET_TABLE	NPT1283	EXACT_MATCH
NPT1287	MAPPED_IN_TARGET_TABLE	NPT1287	EXACT_MATCH
NPT1289	UNMAPPED_BUT_FOUND_IN_OTHER_CMAUP_FILE		OCCURRENCE_FOUND_OUTSIDE_TARGET_TABLE; NO_TARGET_ANNOTATION_ASSIGNED
NPT1291	UNMAPPED_BUT_FOUND_IN_OTHER_CMAUP_FILE		OCCURRENCE_FOUND_OUTSIDE_TARGET_TABLE; NO_TARGET_ANNOTATION_ASSIGNED
NPT13	MAPPED_IN_TARGET_TABLE	NPT13	EXACT_MATCH
NPT1324	UNMAPPED_BUT_FOUND_IN_OTHER_CMAUP_FILE		OCCURRENCE_FOUND_OUTSIDE_TARGET_TABLE; NO_TARGET_ANNOTATION_ASSIGNED
NPT1336	MAPPED_IN_TARGET_TABLE	NPT1336	EXACT_MATCH
NPT1337	MAPPED_IN_TARGET_TABLE	NPT1337	EXACT_MATCH
NPT1338	UNMAPPED_BUT_FOUND_IN_OTHER_CMAUP_FILE		OCCURRENCE_FOUND_OUTSIDE_TARGET_TABLE; NO_TARGET_ANNOTATION_ASSIGNED
NPT1344	UNMAPPED_BUT_FOUND_IN_OTHER_CMAUP_FILE		OCCURRENCE_FOUND_OUTSIDE_TARGET_TABLE; NO_TARGET_ANNOTATION_ASSIGNED
NPT1356	MAPPED_IN_TARGET_TABLE	NPT1356	EXACT_MATCH
NPT1371	MAPPED_IN_TARGET_TABLE	NPT1371	EXACT_MATCH
NPT1375	UNMAPPED_BUT_FOUND_IN_OTHER_CMAUP_FILE		OCCURRENCE_FOUND_OUTSIDE_TARGET_TABLE; NO_TARGET_ANNOTATION_ASSIGNED
NPT1379	UNMAPPED_BUT_FOUND_IN_OTHER_CMAUP_FILE		OCCURRENCE_FOUND_OUTSIDE_TARGET_TABLE; NO_TARGET_ANNOTATION_ASSIGNED
NPT1384	MAPPED_IN_TARGET_TABLE	NPT1384	EXACT_MATCH
NPT1385	UNMAPPED_BUT_FOUND_IN_OTHER_CMAUP_FILE		OCCURRENCE_FOUND_OUTSIDE_TARGET_TABLE; NO_TARGET_ANNOTATION_ASSIGNED
NPT1391	UNMAPPED_BUT_FOUND_IN_OTHER_CMAUP_FILE		OCCURRENCE_FOUND_OUTSIDE_TARGET_TABLE; NO_TARGET_ANNOTATION_ASSIGNED
NPT1394	MAPPED_IN_TARGET_TABLE	NPT1394	EXACT_MATCH
NPT14	MAPPED_IN_TARGET_TABLE	NPT14	EXACT_MATCH
NPT1406	MAPPED_IN_TARGET_TABLE	NPT1406	EXACT_MATCH
NPT1407	MAPPED_IN_TARGET_TABLE	NPT1407	EXACT_MATCH
NPT1416	MAPPED_IN_TARGET_TABLE	NPT1416	EXACT_MATCH
NPT1418	MAPPED_IN_TARGET_TABLE	NPT1418	EXACT_MATCH
NPT142	MAPPED_IN_TARGET_TABLE	NPT142	EXACT_MATCH
NPT1422	MAPPED_IN_TARGET_TABLE	NPT1422	EXACT_MATCH
NPT1423	MAPPED_IN_TARGET_TABLE	NPT1423	EXACT_MATCH
NPT1424	MAPPED_IN_TARGET_TABLE	NPT1424	EXACT_MATCH
NPT1426	MAPPED_IN_TARGET_TABLE	NPT1426	EXACT_MATCH
NPT1427	MAPPED_IN_TARGET_TABLE	NPT1427	EXACT_MATCH
NPT1429	MAPPED_IN_TARGET_TABLE	NPT1429	EXACT_MATCH
NPT143	MAPPED_IN_TARGET_TABLE	NPT143	EXACT_MATCH
NPT1430	MAPPED_IN_TARGET_TABLE	NPT1430	EXACT_MATCH
NPT1431	MAPPED_IN_TARGET_TABLE	NPT1431	EXACT_MATCH
NPT1432	MAPPED_IN_TARGET_TABLE	NPT1432	EXACT_MATCH
NPT1433	MAPPED_IN_TARGET_TABLE	NPT1433	EXACT_MATCH
NPT1434	MAPPED_IN_TARGET_TABLE	NPT1434	EXACT_MATCH
NPT1435	MAPPED_IN_TARGET_TABLE	NPT1435	EXACT_MATCH
NPT1436	MAPPED_IN_TARGET_TABLE	NPT1436	EXACT_MATCH
NPT1437	MAPPED_IN_TARGET_TABLE	NPT1437	EXACT_MATCH
NPT1438	MAPPED_IN_TARGET_TABLE	NPT1438	EXACT_MATCH
NPT1439	MAPPED_IN_TARGET_TABLE	NPT1439	EXACT_MATCH
NPT144	MAPPED_IN_TARGET_TABLE	NPT144	EXACT_MATCH
NPT1440	MAPPED_IN_TARGET_TABLE	NPT1440	EXACT_MATCH
NPT1441	MAPPED_IN_TARGET_TABLE	NPT1441	EXACT_MATCH
NPT1442	MAPPED_IN_TARGET_TABLE	NPT1442	EXACT_MATCH
NPT1443	MAPPED_IN_TARGET_TABLE	NPT1443	EXACT_MATCH
NPT1444	MAPPED_IN_TARGET_TABLE	NPT1444	EXACT_MATCH
NPT1445	MAPPED_IN_TARGET_TABLE	NPT1445	EXACT_MATCH
NPT1446	MAPPED_IN_TARGET_TABLE	NPT1446	EXACT_MATCH
NPT1447	MAPPED_IN_TARGET_TABLE	NPT1447	EXACT_MATCH
NPT1448	MAPPED_IN_TARGET_TABLE	NPT1448	EXACT_MATCH
NPT1449	MAPPED_IN_TARGET_TABLE	NPT1449	EXACT_MATCH
NPT145	MAPPED_IN_TARGET_TABLE	NPT145	EXACT_MATCH
NPT1463	UNMAPPED_BUT_FOUND_IN_OTHER_CMAUP_FILE		OCCURRENCE_FOUND_OUTSIDE_TARGET_TABLE; NO_TARGET_ANNOTATION_ASSIGNED
NPT1464	MAPPED_IN_TARGET_TABLE	NPT1464	EXACT_MATCH
NPT1472	UNMAPPED_BUT_FOUND_IN_OTHER_CMAUP_FILE		OCCURRENCE_FOUND_OUTSIDE_TARGET_TABLE; NO_TARGET_ANNOTATION_ASSIGNED
NPT1478	MAPPED_IN_TARGET_TABLE	NPT1478	EXACT_MATCH
NPT1479	MAPPED_IN_TARGET_TABLE	NPT1479	EXACT_MATCH
NPT1480	MAPPED_IN_TARGET_TABLE	NPT1480	EXACT_MATCH
NPT1481	MAPPED_IN_TARGET_TABLE	NPT1481	EXACT_MATCH
NPT149	MAPPED_IN_TARGET_TABLE	NPT149	EXACT_MATCH
NPT1495	UNMAPPED_BUT_FOUND_IN_OTHER_CMAUP_FILE		OCCURRENCE_FOUND_OUTSIDE_TARGET_TABLE; NO_TARGET_ANNOTATION_ASSIGNED
NPT151	MAPPED_IN_TARGET_TABLE	NPT151	EXACT_MATCH
NPT1510	UNMAPPED_BUT_FOUND_IN_OTHER_CMAUP_FILE		OCCURRENCE_FOUND_OUTSIDE_TARGET_TABLE; NO_TARGET_ANNOTATION_ASSIGNED
NPT1517	UNMAPPED_BUT_FOUND_IN_OTHER_CMAUP_FILE		OCCURRENCE_FOUND_OUTSIDE_TARGET_TABLE; NO_TARGET_ANNOTATION_ASSIGNED
NPT1518	UNMAPPED_BUT_FOUND_IN_OTHER_CMAUP_FILE		OCCURRENCE_FOUND_OUTSIDE_TARGET_TABLE; NO_TARGET_ANNOTATION_ASSIGNED
NPT1519	UNMAPPED_BUT_FOUND_IN_OTHER_CMAUP_FILE		OCCURRENCE_FOUND_OUTSIDE_TARGET_TABLE; NO_TARGET_ANNOTATION_ASSIGNED
NPT152	MAPPED_IN_TARGET_TABLE	NPT152	EXACT_MATCH
NPT1520	UNMAPPED_BUT_FOUND_IN_OTHER_CMAUP_FILE		OCCURRENCE_FOUND_OUTSIDE_TARGET_TABLE; NO_TARGET_ANNOTATION_ASSIGNED
NPT1529	UNMAPPED_BUT_FOUND_IN_OTHER_CMAUP_FILE		OCCURRENCE_FOUND_OUTSIDE_TARGET_TABLE; NO_TARGET_ANNOTATION_ASSIGNED
NPT153	MAPPED_IN_TARGET_TABLE	NPT153	EXACT_MATCH
NPT154	MAPPED_IN_TARGET_TABLE	NPT154	EXACT_MATCH
NPT1540	MAPPED_IN_TARGET_TABLE	NPT1540	EXACT_MATCH
NPT1546	MAPPED_IN_TARGET_TABLE	NPT1546	EXACT_MATCH
NPT1547	MAPPED_IN_TARGET_TABLE	NPT1547	EXACT_MATCH
NPT155	MAPPED_IN_TARGET_TABLE	NPT155	EXACT_MATCH
NPT1551	UNMAPPED_BUT_FOUND_IN_OTHER_CMAUP_FILE		OCCURRENCE_FOUND_OUTSIDE_TARGET_TABLE; NO_TARGET_ANNOTATION_ASSIGNED
NPT1557	UNMAPPED_BUT_FOUND_IN_OTHER_CMAUP_FILE		OCCURRENCE_FOUND_OUTSIDE_TARGET_TABLE; NO_TARGET_ANNOTATION_ASSIGNED
NPT156	UNMAPPED_BUT_FOUND_IN_OTHER_CMAUP_FILE		OCCURRENCE_FOUND_OUTSIDE_TARGET_TABLE; NO_TARGET_ANNOTATION_ASSIGNED
NPT1566	MAPPED_IN_TARGET_TABLE	NPT1566	EXACT_MATCH
NPT1569	MAPPED_IN_TARGET_TABLE	NPT1569	EXACT_MATCH
NPT157	MAPPED_IN_TARGET_TABLE	NPT157	EXACT_MATCH
NPT1571	MAPPED_IN_TARGET_TABLE	NPT1571	EXACT_MATCH
NPT1575	UNMAPPED_BUT_FOUND_IN_OTHER_CMAUP_FILE		OCCURRENCE_FOUND_OUTSIDE_TARGET_TABLE; NO_TARGET_ANNOTATION_ASSIGNED
NPT1581	MAPPED_IN_TARGET_TABLE	NPT1581	EXACT_MATCH
NPT1583	UNMAPPED_BUT_FOUND_IN_OTHER_CMAUP_FILE		OCCURRENCE_FOUND_OUTSIDE_TARGET_TABLE; NO_TARGET_ANNOTATION_ASSIGNED
NPT1587	MAPPED_IN_TARGET_TABLE	NPT1587	EXACT_MATCH
NPT1588	MAPPED_IN_TARGET_TABLE	NPT1588	EXACT_MATCH
NPT1591	MAPPED_IN_TARGET_TABLE	NPT1591	EXACT_MATCH
NPT1592	MAPPED_IN_TARGET_TABLE	NPT1592	EXACT_MATCH
NPT1594	MAPPED_IN_TARGET_TABLE	NPT1594	EXACT_MATCH
NPT1598	MAPPED_IN_TARGET_TABLE	NPT1598	EXACT_MATCH
NPT1599	UNMAPPED_BUT_FOUND_IN_OTHER_CMAUP_FILE		OCCURRENCE_FOUND_OUTSIDE_TARGET_TABLE; NO_TARGET_ANNOTATION_ASSIGNED
NPT160	UNMAPPED_BUT_FOUND_IN_OTHER_CMAUP_FILE		OCCURRENCE_FOUND_OUTSIDE_TARGET_TABLE; NO_TARGET_ANNOTATION_ASSIGNED
NPT1600	UNMAPPED_BUT_FOUND_IN_OTHER_CMAUP_FILE		OCCURRENCE_FOUND_OUTSIDE_TARGET_TABLE; NO_TARGET_ANNOTATION_ASSIGNED
NPT1603	MAPPED_IN_TARGET_TABLE	NPT1603	EXACT_MATCH
NPT1604	MAPPED_IN_TARGET_TABLE	NPT1604	EXACT_MATCH
NPT1606	MAPPED_IN_TARGET_TABLE	NPT1606	EXACT_MATCH
NPT1608	MAPPED_IN_TARGET_TABLE	NPT1608	EXACT_MATCH
NPT161	UNMAPPED_BUT_FOUND_IN_OTHER_CMAUP_FILE		OCCURRENCE_FOUND_OUTSIDE_TARGET_TABLE; NO_TARGET_ANNOTATION_ASSIGNED
NPT1611	MAPPED_IN_TARGET_TABLE	NPT1611	EXACT_MATCH
NPT1612	MAPPED_IN_TARGET_TABLE	NPT1612	EXACT_MATCH
NPT1613	MAPPED_IN_TARGET_TABLE	NPT1613	EXACT_MATCH
NPT1614	MAPPED_IN_TARGET_TABLE	NPT1614	EXACT_MATCH
NPT1615	MAPPED_IN_TARGET_TABLE	NPT1615	EXACT_MATCH
NPT1616	MAPPED_IN_TARGET_TABLE	NPT1616	EXACT_MATCH
NPT1619	UNMAPPED_BUT_FOUND_IN_OTHER_CMAUP_FILE		OCCURRENCE_FOUND_OUTSIDE_TARGET_TABLE; NO_TARGET_ANNOTATION_ASSIGNED
NPT1620	UNMAPPED_BUT_FOUND_IN_OTHER_CMAUP_FILE		OCCURRENCE_FOUND_OUTSIDE_TARGET_TABLE; NO_TARGET_ANNOTATION_ASSIGNED
NPT1627	MAPPED_IN_TARGET_TABLE	NPT1627	EXACT_MATCH
NPT163	MAPPED_IN_TARGET_TABLE	NPT163	EXACT_MATCH
NPT1630	MAPPED_IN_TARGET_TABLE	NPT1630	EXACT_MATCH
NPT1634	MAPPED_IN_TARGET_TABLE	NPT1634	EXACT_MATCH
NPT1647	UNMAPPED_BUT_FOUND_IN_OTHER_CMAUP_FILE		OCCURRENCE_FOUND_OUTSIDE_TARGET_TABLE; NO_TARGET_ANNOTATION_ASSIGNED
NPT1650	MAPPED_IN_TARGET_TABLE	NPT1650	EXACT_MATCH
NPT1654	UNMAPPED_BUT_FOUND_IN_OTHER_CMAUP_FILE		OCCURRENCE_FOUND_OUTSIDE_TARGET_TABLE; NO_TARGET_ANNOTATION_ASSIGNED
NPT1656	MAPPED_IN_TARGET_TABLE	NPT1656	EXACT_MATCH
NPT1657	UNMAPPED_BUT_FOUND_IN_OTHER_CMAUP_FILE		OCCURRENCE_FOUND_OUTSIDE_TARGET_TABLE; NO_TARGET_ANNOTATION_ASSIGNED
NPT1658	MAPPED_IN_TARGET_TABLE	NPT1658	EXACT_MATCH
NPT1659	MAPPED_IN_TARGET_TABLE	NPT1659	EXACT_MATCH
NPT166	MAPPED_IN_TARGET_TABLE	NPT166	EXACT_MATCH
NPT1660	MAPPED_IN_TARGET_TABLE	NPT1660	EXACT_MATCH
NPT1661	MAPPED_IN_TARGET_TABLE	NPT1661	EXACT_MATCH
NPT1663	MAPPED_IN_TARGET_TABLE	NPT1663	EXACT_MATCH
NPT1667	MAPPED_IN_TARGET_TABLE	NPT1667	EXACT_MATCH
NPT1670	UNMAPPED_BUT_FOUND_IN_OTHER_CMAUP_FILE		OCCURRENCE_FOUND_OUTSIDE_TARGET_TABLE; NO_TARGET_ANNOTATION_ASSIGNED
NPT1672	MAPPED_IN_TARGET_TABLE	NPT1672	EXACT_MATCH
NPT1673	MAPPED_IN_TARGET_TABLE	NPT1673	EXACT_MATCH
NPT1674	MAPPED_IN_TARGET_TABLE	NPT1674	EXACT_MATCH
NPT1675	MAPPED_IN_TARGET_TABLE	NPT1675	EXACT_MATCH
NPT1676	MAPPED_IN_TARGET_TABLE	NPT1676	EXACT_MATCH
NPT1677	MAPPED_IN_TARGET_TABLE	NPT1677	EXACT_MATCH
NPT1678	MAPPED_IN_TARGET_TABLE	NPT1678	EXACT_MATCH
NPT1680	MAPPED_IN_TARGET_TABLE	NPT1680	EXACT_MATCH
NPT1681	MAPPED_IN_TARGET_TABLE	NPT1681	EXACT_MATCH
NPT1682	MAPPED_IN_TARGET_TABLE	NPT1682	EXACT_MATCH
NPT1683	MAPPED_IN_TARGET_TABLE	NPT1683	EXACT_MATCH
NPT1684	UNMAPPED_BUT_FOUND_IN_OTHER_CMAUP_FILE		OCCURRENCE_FOUND_OUTSIDE_TARGET_TABLE; NO_TARGET_ANNOTATION_ASSIGNED
NPT1685	UNMAPPED_BUT_FOUND_IN_OTHER_CMAUP_FILE		OCCURRENCE_FOUND_OUTSIDE_TARGET_TABLE; NO_TARGET_ANNOTATION_ASSIGNED
NPT1686	UNMAPPED_BUT_FOUND_IN_OTHER_CMAUP_FILE		OCCURRENCE_FOUND_OUTSIDE_TARGET_TABLE; NO_TARGET_ANNOTATION_ASSIGNED
NPT1687	MAPPED_IN_TARGET_TABLE	NPT1687	EXACT_MATCH
NPT1688	MAPPED_IN_TARGET_TABLE	NPT1688	EXACT_MATCH
NPT1689	MAPPED_IN_TARGET_TABLE	NPT1689	EXACT_MATCH
NPT1690	MAPPED_IN_TARGET_TABLE	NPT1690	EXACT_MATCH
NPT1691	MAPPED_IN_TARGET_TABLE	NPT1691	EXACT_MATCH
NPT1693	MAPPED_IN_TARGET_TABLE	NPT1693	EXACT_MATCH
NPT1695	MAPPED_IN_TARGET_TABLE	NPT1695	EXACT_MATCH
NPT1696	MAPPED_IN_TARGET_TABLE	NPT1696	EXACT_MATCH
NPT1697	MAPPED_IN_TARGET_TABLE	NPT1697	EXACT_MATCH
NPT1699	MAPPED_IN_TARGET_TABLE	NPT1699	EXACT_MATCH
NPT1700	MAPPED_IN_TARGET_TABLE	NPT1700	EXACT_MATCH
NPT1701	MAPPED_IN_TARGET_TABLE	NPT1701	EXACT_MATCH
NPT1702	MAPPED_IN_TARGET_TABLE	NPT1702	EXACT_MATCH
NPT1703	MAPPED_IN_TARGET_TABLE	NPT1703	EXACT_MATCH
NPT1705	MAPPED_IN_TARGET_TABLE	NPT1705	EXACT_MATCH
NPT1706	MAPPED_IN_TARGET_TABLE	NPT1706	EXACT_MATCH
NPT1707	MAPPED_IN_TARGET_TABLE	NPT1707	EXACT_MATCH
NPT1708	MAPPED_IN_TARGET_TABLE	NPT1708	EXACT_MATCH
NPT1709	MAPPED_IN_TARGET_TABLE	NPT1709	EXACT_MATCH
NPT1710	MAPPED_IN_TARGET_TABLE	NPT1710	EXACT_MATCH
NPT1711	MAPPED_IN_TARGET_TABLE	NPT1711	EXACT_MATCH
NPT1712	MAPPED_IN_TARGET_TABLE	NPT1712	EXACT_MATCH
NPT1713	MAPPED_IN_TARGET_TABLE	NPT1713	EXACT_MATCH
NPT1717	MAPPED_IN_TARGET_TABLE	NPT1717	EXACT_MATCH
NPT1720	UNMAPPED_BUT_FOUND_IN_OTHER_CMAUP_FILE		OCCURRENCE_FOUND_OUTSIDE_TARGET_TABLE; NO_TARGET_ANNOTATION_ASSIGNED
NPT1721	MAPPED_IN_TARGET_TABLE	NPT1721	EXACT_MATCH
NPT1728	UNMAPPED_BUT_FOUND_IN_OTHER_CMAUP_FILE		OCCURRENCE_FOUND_OUTSIDE_TARGET_TABLE; NO_TARGET_ANNOTATION_ASSIGNED
NPT1729	UNMAPPED_BUT_FOUND_IN_OTHER_CMAUP_FILE		OCCURRENCE_FOUND_OUTSIDE_TARGET_TABLE; NO_TARGET_ANNOTATION_ASSIGNED
NPT1731	UNMAPPED_BUT_FOUND_IN_OTHER_CMAUP_FILE		OCCURRENCE_FOUND_OUTSIDE_TARGET_TABLE; NO_TARGET_ANNOTATION_ASSIGNED
NPT1746	UNMAPPED_BUT_FOUND_IN_OTHER_CMAUP_FILE		OCCURRENCE_FOUND_OUTSIDE_TARGET_TABLE; NO_TARGET_ANNOTATION_ASSIGNED
NPT1755	MAPPED_IN_TARGET_TABLE	NPT1755	EXACT_MATCH
NPT1770	UNMAPPED_BUT_FOUND_IN_OTHER_CMAUP_FILE		OCCURRENCE_FOUND_OUTSIDE_TARGET_TABLE; NO_TARGET_ANNOTATION_ASSIGNED
NPT178	MAPPED_IN_TARGET_TABLE	NPT178	EXACT_MATCH
NPT1784	MAPPED_IN_TARGET_TABLE	NPT1784	EXACT_MATCH
NPT1785	MAPPED_IN_TARGET_TABLE	NPT1785	EXACT_MATCH
NPT1788	MAPPED_IN_TARGET_TABLE	NPT1788	EXACT_MATCH
NPT1789	MAPPED_IN_TARGET_TABLE	NPT1789	EXACT_MATCH
NPT1791	MAPPED_IN_TARGET_TABLE	NPT1791	EXACT_MATCH
NPT1794	MAPPED_IN_TARGET_TABLE	NPT1794	EXACT_MATCH
NPT1811	MAPPED_IN_TARGET_TABLE	NPT1811	EXACT_MATCH
NPT1814	MAPPED_IN_TARGET_TABLE	NPT1814	EXACT_MATCH
NPT182	MAPPED_IN_TARGET_TABLE	NPT182	EXACT_MATCH
NPT1834	UNMAPPED_BUT_FOUND_IN_OTHER_CMAUP_FILE		OCCURRENCE_FOUND_OUTSIDE_TARGET_TABLE; NO_TARGET_ANNOTATION_ASSIGNED
NPT1870	UNMAPPED_BUT_FOUND_IN_OTHER_CMAUP_FILE		OCCURRENCE_FOUND_OUTSIDE_TARGET_TABLE; NO_TARGET_ANNOTATION_ASSIGNED
NPT1871	UNMAPPED_BUT_FOUND_IN_OTHER_CMAUP_FILE		OCCURRENCE_FOUND_OUTSIDE_TARGET_TABLE; NO_TARGET_ANNOTATION_ASSIGNED
NPT1890	MAPPED_IN_TARGET_TABLE	NPT1890	EXACT_MATCH
NPT1896	MAPPED_IN_TARGET_TABLE	NPT1896	EXACT_MATCH
NPT1898	MAPPED_IN_TARGET_TABLE	NPT1898	EXACT_MATCH
NPT198	MAPPED_IN_TARGET_TABLE	NPT198	EXACT_MATCH
NPT203	MAPPED_IN_TARGET_TABLE	NPT203	EXACT_MATCH
NPT204	MAPPED_IN_TARGET_TABLE	NPT204	EXACT_MATCH
NPT205	UNMAPPED_BUT_FOUND_IN_OTHER_CMAUP_FILE		OCCURRENCE_FOUND_OUTSIDE_TARGET_TABLE; NO_TARGET_ANNOTATION_ASSIGNED
NPT206	UNMAPPED_BUT_FOUND_IN_OTHER_CMAUP_FILE		OCCURRENCE_FOUND_OUTSIDE_TARGET_TABLE; NO_TARGET_ANNOTATION_ASSIGNED
NPT208	MAPPED_IN_TARGET_TABLE	NPT208	EXACT_MATCH
NPT210	MAPPED_IN_TARGET_TABLE	NPT210	EXACT_MATCH
NPT211	MAPPED_IN_TARGET_TABLE	NPT211	EXACT_MATCH
NPT212	MAPPED_IN_TARGET_TABLE	NPT212	EXACT_MATCH
NPT213	MAPPED_IN_TARGET_TABLE	NPT213	EXACT_MATCH
NPT214	MAPPED_IN_TARGET_TABLE	NPT214	EXACT_MATCH
NPT216	MAPPED_IN_TARGET_TABLE	NPT216	EXACT_MATCH
NPT217	MAPPED_IN_TARGET_TABLE	NPT217	EXACT_MATCH
NPT218	MAPPED_IN_TARGET_TABLE	NPT218	EXACT_MATCH
NPT221	MAPPED_IN_TARGET_TABLE	NPT221	EXACT_MATCH
NPT2213	MAPPED_IN_TARGET_TABLE	NPT2213	EXACT_MATCH
NPT2215	MAPPED_IN_TARGET_TABLE	NPT2215	EXACT_MATCH
NPT2217	MAPPED_IN_TARGET_TABLE	NPT2217	EXACT_MATCH
NPT222	MAPPED_IN_TARGET_TABLE	NPT222	EXACT_MATCH
NPT2222	UNMAPPED_BUT_FOUND_IN_OTHER_CMAUP_FILE		OCCURRENCE_FOUND_OUTSIDE_TARGET_TABLE; NO_TARGET_ANNOTATION_ASSIGNED
NPT223	MAPPED_IN_TARGET_TABLE	NPT223	EXACT_MATCH
NPT2230	UNMAPPED_BUT_FOUND_IN_OTHER_CMAUP_FILE		OCCURRENCE_FOUND_OUTSIDE_TARGET_TABLE; NO_TARGET_ANNOTATION_ASSIGNED
NPT224	MAPPED_IN_TARGET_TABLE	NPT224	EXACT_MATCH
NPT225	MAPPED_IN_TARGET_TABLE	NPT225	EXACT_MATCH
NPT226	MAPPED_IN_TARGET_TABLE	NPT226	EXACT_MATCH
NPT2266	UNMAPPED_BUT_FOUND_IN_OTHER_CMAUP_FILE		OCCURRENCE_FOUND_OUTSIDE_TARGET_TABLE; NO_TARGET_ANNOTATION_ASSIGNED
NPT227	MAPPED_IN_TARGET_TABLE	NPT227	EXACT_MATCH
NPT228	MAPPED_IN_TARGET_TABLE	NPT228	EXACT_MATCH
NPT232	MAPPED_IN_TARGET_TABLE	NPT232	EXACT_MATCH
NPT233	MAPPED_IN_TARGET_TABLE	NPT233	EXACT_MATCH
NPT234	UNMAPPED_BUT_FOUND_IN_OTHER_CMAUP_FILE		OCCURRENCE_FOUND_OUTSIDE_TARGET_TABLE; NO_TARGET_ANNOTATION_ASSIGNED
NPT235	UNMAPPED_BUT_FOUND_IN_OTHER_CMAUP_FILE		OCCURRENCE_FOUND_OUTSIDE_TARGET_TABLE; NO_TARGET_ANNOTATION_ASSIGNED
NPT236	UNMAPPED_BUT_FOUND_IN_OTHER_CMAUP_FILE		OCCURRENCE_FOUND_OUTSIDE_TARGET_TABLE; NO_TARGET_ANNOTATION_ASSIGNED
NPT237	MAPPED_IN_TARGET_TABLE	NPT237	EXACT_MATCH
NPT239	UNMAPPED_BUT_FOUND_IN_OTHER_CMAUP_FILE		OCCURRENCE_FOUND_OUTSIDE_TARGET_TABLE; NO_TARGET_ANNOTATION_ASSIGNED
NPT240	MAPPED_IN_TARGET_TABLE	NPT240	EXACT_MATCH
NPT241	UNMAPPED_BUT_FOUND_IN_OTHER_CMAUP_FILE		OCCURRENCE_FOUND_OUTSIDE_TARGET_TABLE; NO_TARGET_ANNOTATION_ASSIGNED
NPT242	MAPPED_IN_TARGET_TABLE	NPT242	EXACT_MATCH
NPT243	MAPPED_IN_TARGET_TABLE	NPT243	EXACT_MATCH
NPT244	MAPPED_IN_TARGET_TABLE	NPT244	EXACT_MATCH
NPT245	MAPPED_IN_TARGET_TABLE	NPT245	EXACT_MATCH
NPT246	MAPPED_IN_TARGET_TABLE	NPT246	EXACT_MATCH
NPT247	UNMAPPED_BUT_FOUND_IN_OTHER_CMAUP_FILE		OCCURRENCE_FOUND_OUTSIDE_TARGET_TABLE; NO_TARGET_ANNOTATION_ASSIGNED
NPT248	MAPPED_IN_TARGET_TABLE	NPT248	EXACT_MATCH
NPT249	MAPPED_IN_TARGET_TABLE	NPT249	EXACT_MATCH
NPT251	MAPPED_IN_TARGET_TABLE	NPT251	EXACT_MATCH
NPT252	UNMAPPED_BUT_FOUND_IN_OTHER_CMAUP_FILE		OCCURRENCE_FOUND_OUTSIDE_TARGET_TABLE; NO_TARGET_ANNOTATION_ASSIGNED
NPT2520	MAPPED_IN_TARGET_TABLE	NPT2520	EXACT_MATCH
NPT253	MAPPED_IN_TARGET_TABLE	NPT253	EXACT_MATCH
NPT2533	MAPPED_IN_TARGET_TABLE	NPT2533	EXACT_MATCH
NPT2536	MAPPED_IN_TARGET_TABLE	NPT2536	EXACT_MATCH
NPT2542	UNMAPPED_BUT_FOUND_IN_OTHER_CMAUP_FILE		OCCURRENCE_FOUND_OUTSIDE_TARGET_TABLE; NO_TARGET_ANNOTATION_ASSIGNED
NPT2546	MAPPED_IN_TARGET_TABLE	NPT2546	EXACT_MATCH
NPT2553	UNMAPPED_BUT_FOUND_IN_OTHER_CMAUP_FILE		OCCURRENCE_FOUND_OUTSIDE_TARGET_TABLE; NO_TARGET_ANNOTATION_ASSIGNED
NPT2556	UNMAPPED_BUT_FOUND_IN_OTHER_CMAUP_FILE		OCCURRENCE_FOUND_OUTSIDE_TARGET_TABLE; NO_TARGET_ANNOTATION_ASSIGNED
NPT2562	UNMAPPED_BUT_FOUND_IN_OTHER_CMAUP_FILE		OCCURRENCE_FOUND_OUTSIDE_TARGET_TABLE; NO_TARGET_ANNOTATION_ASSIGNED
NPT2563	MAPPED_IN_TARGET_TABLE	NPT2563	EXACT_MATCH
NPT2570	UNMAPPED_BUT_FOUND_IN_OTHER_CMAUP_FILE		OCCURRENCE_FOUND_OUTSIDE_TARGET_TABLE; NO_TARGET_ANNOTATION_ASSIGNED
NPT2571	UNMAPPED_BUT_FOUND_IN_OTHER_CMAUP_FILE		OCCURRENCE_FOUND_OUTSIDE_TARGET_TABLE; NO_TARGET_ANNOTATION_ASSIGNED
NPT2572	MAPPED_IN_TARGET_TABLE	NPT2572	EXACT_MATCH
NPT2573	MAPPED_IN_TARGET_TABLE	NPT2573	EXACT_MATCH
NPT2574	MAPPED_IN_TARGET_TABLE	NPT2574	EXACT_MATCH
NPT2575	MAPPED_IN_TARGET_TABLE	NPT2575	EXACT_MATCH
NPT2576	MAPPED_IN_TARGET_TABLE	NPT2576	EXACT_MATCH
NPT2581	MAPPED_IN_TARGET_TABLE	NPT2581	EXACT_MATCH
NPT2584	UNMAPPED_BUT_FOUND_IN_OTHER_CMAUP_FILE		OCCURRENCE_FOUND_OUTSIDE_TARGET_TABLE; NO_TARGET_ANNOTATION_ASSIGNED
NPT259	UNMAPPED_BUT_FOUND_IN_OTHER_CMAUP_FILE		OCCURRENCE_FOUND_OUTSIDE_TARGET_TABLE; NO_TARGET_ANNOTATION_ASSIGNED
NPT2592	UNMAPPED_BUT_FOUND_IN_OTHER_CMAUP_FILE		OCCURRENCE_FOUND_OUTSIDE_TARGET_TABLE; NO_TARGET_ANNOTATION_ASSIGNED
NPT2599	MAPPED_IN_TARGET_TABLE	NPT2599	EXACT_MATCH
NPT260	UNMAPPED_BUT_FOUND_IN_OTHER_CMAUP_FILE		OCCURRENCE_FOUND_OUTSIDE_TARGET_TABLE; NO_TARGET_ANNOTATION_ASSIGNED
NPT2601	UNMAPPED_BUT_FOUND_IN_OTHER_CMAUP_FILE		OCCURRENCE_FOUND_OUTSIDE_TARGET_TABLE; NO_TARGET_ANNOTATION_ASSIGNED
NPT2604	UNMAPPED_BUT_FOUND_IN_OTHER_CMAUP_FILE		OCCURRENCE_FOUND_OUTSIDE_TARGET_TABLE; NO_TARGET_ANNOTATION_ASSIGNED
NPT2608	UNMAPPED_BUT_FOUND_IN_OTHER_CMAUP_FILE		OCCURRENCE_FOUND_OUTSIDE_TARGET_TABLE; NO_TARGET_ANNOTATION_ASSIGNED
NPT261	MAPPED_IN_TARGET_TABLE	NPT261	EXACT_MATCH
NPT262	MAPPED_IN_TARGET_TABLE	NPT262	EXACT_MATCH
NPT2626	MAPPED_IN_TARGET_TABLE	NPT2626	EXACT_MATCH
NPT2629	MAPPED_IN_TARGET_TABLE	NPT2629	EXACT_MATCH
NPT263	MAPPED_IN_TARGET_TABLE	NPT263	EXACT_MATCH
NPT264	MAPPED_IN_TARGET_TABLE	NPT264	EXACT_MATCH
NPT265	MAPPED_IN_TARGET_TABLE	NPT265	EXACT_MATCH
NPT2652	UNMAPPED_BUT_FOUND_IN_OTHER_CMAUP_FILE		OCCURRENCE_FOUND_OUTSIDE_TARGET_TABLE; NO_TARGET_ANNOTATION_ASSIGNED
NPT2653	UNMAPPED_BUT_FOUND_IN_OTHER_CMAUP_FILE		OCCURRENCE_FOUND_OUTSIDE_TARGET_TABLE; NO_TARGET_ANNOTATION_ASSIGNED
NPT2654	UNMAPPED_BUT_FOUND_IN_OTHER_CMAUP_FILE		OCCURRENCE_FOUND_OUTSIDE_TARGET_TABLE; NO_TARGET_ANNOTATION_ASSIGNED
NPT266	MAPPED_IN_TARGET_TABLE	NPT266	EXACT_MATCH
NPT2662	UNMAPPED_BUT_FOUND_IN_OTHER_CMAUP_FILE		OCCURRENCE_FOUND_OUTSIDE_TARGET_TABLE; NO_TARGET_ANNOTATION_ASSIGNED
NPT2663	UNMAPPED_BUT_FOUND_IN_OTHER_CMAUP_FILE		OCCURRENCE_FOUND_OUTSIDE_TARGET_TABLE; NO_TARGET_ANNOTATION_ASSIGNED
NPT2670	UNMAPPED_BUT_FOUND_IN_OTHER_CMAUP_FILE		OCCURRENCE_FOUND_OUTSIDE_TARGET_TABLE; NO_TARGET_ANNOTATION_ASSIGNED
NPT2674	MAPPED_IN_TARGET_TABLE	NPT2674	EXACT_MATCH
NPT2675	MAPPED_IN_TARGET_TABLE	NPT2675	EXACT_MATCH
NPT2680	UNMAPPED_BUT_FOUND_IN_OTHER_CMAUP_FILE		OCCURRENCE_FOUND_OUTSIDE_TARGET_TABLE; NO_TARGET_ANNOTATION_ASSIGNED
NPT2683	UNMAPPED_BUT_FOUND_IN_OTHER_CMAUP_FILE		OCCURRENCE_FOUND_OUTSIDE_TARGET_TABLE; NO_TARGET_ANNOTATION_ASSIGNED
NPT2691	MAPPED_IN_TARGET_TABLE	NPT2691	EXACT_MATCH
NPT271	MAPPED_IN_TARGET_TABLE	NPT271	EXACT_MATCH
NPT2715	MAPPED_IN_TARGET_TABLE	NPT2715	EXACT_MATCH
NPT272	MAPPED_IN_TARGET_TABLE	NPT272	EXACT_MATCH
NPT2724	UNMAPPED_BUT_FOUND_IN_OTHER_CMAUP_FILE		OCCURRENCE_FOUND_OUTSIDE_TARGET_TABLE; NO_TARGET_ANNOTATION_ASSIGNED
NPT2725	UNMAPPED_BUT_FOUND_IN_OTHER_CMAUP_FILE		OCCURRENCE_FOUND_OUTSIDE_TARGET_TABLE; NO_TARGET_ANNOTATION_ASSIGNED
NPT2729	MAPPED_IN_TARGET_TABLE	NPT2729	EXACT_MATCH
NPT273	MAPPED_IN_TARGET_TABLE	NPT273	EXACT_MATCH
NPT2732	MAPPED_IN_TARGET_TABLE	NPT2732	EXACT_MATCH
NPT2736	MAPPED_IN_TARGET_TABLE	NPT2736	EXACT_MATCH
NPT2737	MAPPED_IN_TARGET_TABLE	NPT2737	EXACT_MATCH
NPT274	MAPPED_IN_TARGET_TABLE	NPT274	EXACT_MATCH
NPT2742	MAPPED_IN_TARGET_TABLE	NPT2742	EXACT_MATCH
NPT2750	MAPPED_IN_TARGET_TABLE	NPT2750	EXACT_MATCH
NPT2752	MAPPED_IN_TARGET_TABLE	NPT2752	EXACT_MATCH
NPT2755	UNMAPPED_BUT_FOUND_IN_OTHER_CMAUP_FILE		OCCURRENCE_FOUND_OUTSIDE_TARGET_TABLE; NO_TARGET_ANNOTATION_ASSIGNED
NPT2757	UNMAPPED_BUT_FOUND_IN_OTHER_CMAUP_FILE		OCCURRENCE_FOUND_OUTSIDE_TARGET_TABLE; NO_TARGET_ANNOTATION_ASSIGNED
NPT2761	MAPPED_IN_TARGET_TABLE	NPT2761	EXACT_MATCH
NPT277	MAPPED_IN_TARGET_TABLE	NPT277	EXACT_MATCH
NPT2773	UNMAPPED_BUT_FOUND_IN_OTHER_CMAUP_FILE		OCCURRENCE_FOUND_OUTSIDE_TARGET_TABLE; NO_TARGET_ANNOTATION_ASSIGNED
NPT2776	MAPPED_IN_TARGET_TABLE	NPT2776	EXACT_MATCH
NPT2777	UNMAPPED_BUT_FOUND_IN_OTHER_CMAUP_FILE		OCCURRENCE_FOUND_OUTSIDE_TARGET_TABLE; NO_TARGET_ANNOTATION_ASSIGNED
NPT278	UNMAPPED_BUT_FOUND_IN_OTHER_CMAUP_FILE		OCCURRENCE_FOUND_OUTSIDE_TARGET_TABLE; NO_TARGET_ANNOTATION_ASSIGNED
NPT279	UNMAPPED_BUT_FOUND_IN_OTHER_CMAUP_FILE		OCCURRENCE_FOUND_OUTSIDE_TARGET_TABLE; NO_TARGET_ANNOTATION_ASSIGNED
NPT2796	MAPPED_IN_TARGET_TABLE	NPT2796	EXACT_MATCH
NPT2797	MAPPED_IN_TARGET_TABLE	NPT2797	EXACT_MATCH
NPT28	MAPPED_IN_TARGET_TABLE	NPT28	EXACT_MATCH
NPT280	MAPPED_IN_TARGET_TABLE	NPT280	EXACT_MATCH
NPT2801	UNMAPPED_BUT_FOUND_IN_OTHER_CMAUP_FILE		OCCURRENCE_FOUND_OUTSIDE_TARGET_TABLE; NO_TARGET_ANNOTATION_ASSIGNED
NPT2807	UNMAPPED_BUT_FOUND_IN_OTHER_CMAUP_FILE		OCCURRENCE_FOUND_OUTSIDE_TARGET_TABLE; NO_TARGET_ANNOTATION_ASSIGNED
NPT281	MAPPED_IN_TARGET_TABLE	NPT281	EXACT_MATCH
NPT2816	UNMAPPED_BUT_FOUND_IN_OTHER_CMAUP_FILE		OCCURRENCE_FOUND_OUTSIDE_TARGET_TABLE; NO_TARGET_ANNOTATION_ASSIGNED
NPT2817	MAPPED_IN_TARGET_TABLE	NPT2817	EXACT_MATCH
NPT2818	MAPPED_IN_TARGET_TABLE	NPT2818	EXACT_MATCH
NPT282	MAPPED_IN_TARGET_TABLE	NPT282	EXACT_MATCH
NPT2824	UNMAPPED_BUT_FOUND_IN_OTHER_CMAUP_FILE		OCCURRENCE_FOUND_OUTSIDE_TARGET_TABLE; NO_TARGET_ANNOTATION_ASSIGNED
NPT283	MAPPED_IN_TARGET_TABLE	NPT283	EXACT_MATCH
NPT284	MAPPED_IN_TARGET_TABLE	NPT284	EXACT_MATCH
NPT285	MAPPED_IN_TARGET_TABLE	NPT285	EXACT_MATCH
NPT2852	MAPPED_IN_TARGET_TABLE	NPT2852	EXACT_MATCH
NPT2854	MAPPED_IN_TARGET_TABLE	NPT2854	EXACT_MATCH
NPT2856	MAPPED_IN_TARGET_TABLE	NPT2856	EXACT_MATCH
NPT286	MAPPED_IN_TARGET_TABLE	NPT286	EXACT_MATCH
NPT287	UNMAPPED_BUT_FOUND_IN_OTHER_CMAUP_FILE		OCCURRENCE_FOUND_OUTSIDE_TARGET_TABLE; NO_TARGET_ANNOTATION_ASSIGNED
NPT2871	MAPPED_IN_TARGET_TABLE	NPT2871	EXACT_MATCH
NPT2875	UNMAPPED_BUT_FOUND_IN_OTHER_CMAUP_FILE		OCCURRENCE_FOUND_OUTSIDE_TARGET_TABLE; NO_TARGET_ANNOTATION_ASSIGNED
NPT2876	UNMAPPED_BUT_FOUND_IN_OTHER_CMAUP_FILE		OCCURRENCE_FOUND_OUTSIDE_TARGET_TABLE; NO_TARGET_ANNOTATION_ASSIGNED
NPT2877	UNMAPPED_BUT_FOUND_IN_OTHER_CMAUP_FILE		OCCURRENCE_FOUND_OUTSIDE_TARGET_TABLE; NO_TARGET_ANNOTATION_ASSIGNED
NPT2878	UNMAPPED_BUT_FOUND_IN_OTHER_CMAUP_FILE		OCCURRENCE_FOUND_OUTSIDE_TARGET_TABLE; NO_TARGET_ANNOTATION_ASSIGNED
NPT2879	MAPPED_IN_TARGET_TABLE	NPT2879	EXACT_MATCH
NPT2882	UNMAPPED_BUT_FOUND_IN_OTHER_CMAUP_FILE		OCCURRENCE_FOUND_OUTSIDE_TARGET_TABLE; NO_TARGET_ANNOTATION_ASSIGNED
NPT2883	UNMAPPED_BUT_FOUND_IN_OTHER_CMAUP_FILE		OCCURRENCE_FOUND_OUTSIDE_TARGET_TABLE; NO_TARGET_ANNOTATION_ASSIGNED
NPT2886	UNMAPPED_BUT_FOUND_IN_OTHER_CMAUP_FILE		OCCURRENCE_FOUND_OUTSIDE_TARGET_TABLE; NO_TARGET_ANNOTATION_ASSIGNED
NPT2887	MAPPED_IN_TARGET_TABLE	NPT2887	EXACT_MATCH
NPT2889	UNMAPPED_BUT_FOUND_IN_OTHER_CMAUP_FILE		OCCURRENCE_FOUND_OUTSIDE_TARGET_TABLE; NO_TARGET_ANNOTATION_ASSIGNED
NPT2892	MAPPED_IN_TARGET_TABLE	NPT2892	EXACT_MATCH
NPT290	MAPPED_IN_TARGET_TABLE	NPT290	EXACT_MATCH
NPT291	MAPPED_IN_TARGET_TABLE	NPT291	EXACT_MATCH
NPT292	MAPPED_IN_TARGET_TABLE	NPT292	EXACT_MATCH
NPT2926	UNMAPPED_BUT_FOUND_IN_OTHER_CMAUP_FILE		OCCURRENCE_FOUND_OUTSIDE_TARGET_TABLE; NO_TARGET_ANNOTATION_ASSIGNED
NPT2927	UNMAPPED_BUT_FOUND_IN_OTHER_CMAUP_FILE		OCCURRENCE_FOUND_OUTSIDE_TARGET_TABLE; NO_TARGET_ANNOTATION_ASSIGNED
NPT2930	MAPPED_IN_TARGET_TABLE	NPT2930	EXACT_MATCH
NPT2936	UNMAPPED_BUT_FOUND_IN_OTHER_CMAUP_FILE		OCCURRENCE_FOUND_OUTSIDE_TARGET_TABLE; NO_TARGET_ANNOTATION_ASSIGNED
NPT294	MAPPED_IN_TARGET_TABLE	NPT294	EXACT_MATCH
NPT2941	MAPPED_IN_TARGET_TABLE	NPT2941	EXACT_MATCH
NPT2944	MAPPED_IN_TARGET_TABLE	NPT2944	EXACT_MATCH
NPT295	MAPPED_IN_TARGET_TABLE	NPT295	EXACT_MATCH
NPT296	MAPPED_IN_TARGET_TABLE	NPT296	EXACT_MATCH
NPT2961	MAPPED_IN_TARGET_TABLE	NPT2961	EXACT_MATCH
NPT2968	UNMAPPED_BUT_FOUND_IN_OTHER_CMAUP_FILE		OCCURRENCE_FOUND_OUTSIDE_TARGET_TABLE; NO_TARGET_ANNOTATION_ASSIGNED
NPT2969	UNMAPPED_BUT_FOUND_IN_OTHER_CMAUP_FILE		OCCURRENCE_FOUND_OUTSIDE_TARGET_TABLE; NO_TARGET_ANNOTATION_ASSIGNED
NPT2970	UNMAPPED_BUT_FOUND_IN_OTHER_CMAUP_FILE		OCCURRENCE_FOUND_OUTSIDE_TARGET_TABLE; NO_TARGET_ANNOTATION_ASSIGNED
NPT298	UNMAPPED_BUT_FOUND_IN_OTHER_CMAUP_FILE		OCCURRENCE_FOUND_OUTSIDE_TARGET_TABLE; NO_TARGET_ANNOTATION_ASSIGNED
NPT2982	MAPPED_IN_TARGET_TABLE	NPT2982	EXACT_MATCH
NPT2983	MAPPED_IN_TARGET_TABLE	NPT2983	EXACT_MATCH
NPT2993	MAPPED_IN_TARGET_TABLE	NPT2993	EXACT_MATCH
NPT2994	MAPPED_IN_TARGET_TABLE	NPT2994	EXACT_MATCH
NPT30	MAPPED_IN_TARGET_TABLE	NPT30	EXACT_MATCH
NPT300	MAPPED_IN_TARGET_TABLE	NPT300	EXACT_MATCH
NPT3000	MAPPED_IN_TARGET_TABLE	NPT3000	EXACT_MATCH
NPT3004	MAPPED_IN_TARGET_TABLE	NPT3004	EXACT_MATCH
NPT301	MAPPED_IN_TARGET_TABLE	NPT301	EXACT_MATCH
NPT3012	UNMAPPED_BUT_FOUND_IN_OTHER_CMAUP_FILE		OCCURRENCE_FOUND_OUTSIDE_TARGET_TABLE; NO_TARGET_ANNOTATION_ASSIGNED
NPT3017	UNMAPPED_BUT_FOUND_IN_OTHER_CMAUP_FILE		OCCURRENCE_FOUND_OUTSIDE_TARGET_TABLE; NO_TARGET_ANNOTATION_ASSIGNED
NPT3018	UNMAPPED_BUT_FOUND_IN_OTHER_CMAUP_FILE		OCCURRENCE_FOUND_OUTSIDE_TARGET_TABLE; NO_TARGET_ANNOTATION_ASSIGNED
NPT3020	MAPPED_IN_TARGET_TABLE	NPT3020	EXACT_MATCH
NPT303	UNMAPPED_BUT_FOUND_IN_OTHER_CMAUP_FILE		OCCURRENCE_FOUND_OUTSIDE_TARGET_TABLE; NO_TARGET_ANNOTATION_ASSIGNED
NPT3033	MAPPED_IN_TARGET_TABLE	NPT3033	EXACT_MATCH
NPT3037	MAPPED_IN_TARGET_TABLE	NPT3037	EXACT_MATCH
NPT3047	UNMAPPED_BUT_FOUND_IN_OTHER_CMAUP_FILE		OCCURRENCE_FOUND_OUTSIDE_TARGET_TABLE; NO_TARGET_ANNOTATION_ASSIGNED
NPT3060	MAPPED_IN_TARGET_TABLE	NPT3060	EXACT_MATCH
NPT3066	MAPPED_IN_TARGET_TABLE	NPT3066	EXACT_MATCH
NPT3067	MAPPED_IN_TARGET_TABLE	NPT3067	EXACT_MATCH
NPT3068	MAPPED_IN_TARGET_TABLE	NPT3068	EXACT_MATCH
NPT3078	UNMAPPED_BUT_FOUND_IN_OTHER_CMAUP_FILE		OCCURRENCE_FOUND_OUTSIDE_TARGET_TABLE; NO_TARGET_ANNOTATION_ASSIGNED
NPT31	MAPPED_IN_TARGET_TABLE	NPT31	EXACT_MATCH
NPT3101	MAPPED_IN_TARGET_TABLE	NPT3101	EXACT_MATCH
NPT3106	MAPPED_IN_TARGET_TABLE	NPT3106	EXACT_MATCH
NPT3107	MAPPED_IN_TARGET_TABLE	NPT3107	EXACT_MATCH
NPT3109	MAPPED_IN_TARGET_TABLE	NPT3109	EXACT_MATCH
NPT3111	MAPPED_IN_TARGET_TABLE	NPT3111	EXACT_MATCH
NPT3112	MAPPED_IN_TARGET_TABLE	NPT3112	EXACT_MATCH
NPT3113	MAPPED_IN_TARGET_TABLE	NPT3113	EXACT_MATCH
NPT3114	MAPPED_IN_TARGET_TABLE	NPT3114	EXACT_MATCH
NPT3116	UNMAPPED_BUT_FOUND_IN_OTHER_CMAUP_FILE		OCCURRENCE_FOUND_OUTSIDE_TARGET_TABLE; NO_TARGET_ANNOTATION_ASSIGNED
NPT3117	UNMAPPED_BUT_FOUND_IN_OTHER_CMAUP_FILE		OCCURRENCE_FOUND_OUTSIDE_TARGET_TABLE; NO_TARGET_ANNOTATION_ASSIGNED
NPT3120	MAPPED_IN_TARGET_TABLE	NPT3120	EXACT_MATCH
NPT3124	MAPPED_IN_TARGET_TABLE	NPT3124	EXACT_MATCH
NPT3133	UNMAPPED_BUT_FOUND_IN_OTHER_CMAUP_FILE		OCCURRENCE_FOUND_OUTSIDE_TARGET_TABLE; NO_TARGET_ANNOTATION_ASSIGNED
NPT3159	MAPPED_IN_TARGET_TABLE	NPT3159	EXACT_MATCH
NPT3160	MAPPED_IN_TARGET_TABLE	NPT3160	EXACT_MATCH
NPT3161	MAPPED_IN_TARGET_TABLE	NPT3161	EXACT_MATCH
NPT3166	UNMAPPED_BUT_FOUND_IN_OTHER_CMAUP_FILE		OCCURRENCE_FOUND_OUTSIDE_TARGET_TABLE; NO_TARGET_ANNOTATION_ASSIGNED
NPT3167	MAPPED_IN_TARGET_TABLE	NPT3167	EXACT_MATCH
NPT3168	MAPPED_IN_TARGET_TABLE	NPT3168	EXACT_MATCH
NPT3172	UNMAPPED_BUT_FOUND_IN_OTHER_CMAUP_FILE		OCCURRENCE_FOUND_OUTSIDE_TARGET_TABLE; NO_TARGET_ANNOTATION_ASSIGNED
NPT3174	MAPPED_IN_TARGET_TABLE	NPT3174	EXACT_MATCH
NPT3178	UNMAPPED_BUT_FOUND_IN_OTHER_CMAUP_FILE		OCCURRENCE_FOUND_OUTSIDE_TARGET_TABLE; NO_TARGET_ANNOTATION_ASSIGNED
NPT3193	UNMAPPED_BUT_FOUND_IN_OTHER_CMAUP_FILE		OCCURRENCE_FOUND_OUTSIDE_TARGET_TABLE; NO_TARGET_ANNOTATION_ASSIGNED
NPT3194	UNMAPPED_BUT_FOUND_IN_OTHER_CMAUP_FILE		OCCURRENCE_FOUND_OUTSIDE_TARGET_TABLE; NO_TARGET_ANNOTATION_ASSIGNED
NPT3201	MAPPED_IN_TARGET_TABLE	NPT3201	EXACT_MATCH
NPT3204	MAPPED_IN_TARGET_TABLE	NPT3204	EXACT_MATCH
NPT3205	MAPPED_IN_TARGET_TABLE	NPT3205	EXACT_MATCH
NPT3206	MAPPED_IN_TARGET_TABLE	NPT3206	EXACT_MATCH
NPT3207	MAPPED_IN_TARGET_TABLE	NPT3207	EXACT_MATCH
NPT3211	MAPPED_IN_TARGET_TABLE	NPT3211	EXACT_MATCH
NPT3212	MAPPED_IN_TARGET_TABLE	NPT3212	EXACT_MATCH
NPT3213	MAPPED_IN_TARGET_TABLE	NPT3213	EXACT_MATCH
NPT3214	MAPPED_IN_TARGET_TABLE	NPT3214	EXACT_MATCH
NPT3215	MAPPED_IN_TARGET_TABLE	NPT3215	EXACT_MATCH
NPT3216	MAPPED_IN_TARGET_TABLE	NPT3216	EXACT_MATCH
NPT3217	MAPPED_IN_TARGET_TABLE	NPT3217	EXACT_MATCH
NPT3218	MAPPED_IN_TARGET_TABLE	NPT3218	EXACT_MATCH
NPT3219	MAPPED_IN_TARGET_TABLE	NPT3219	EXACT_MATCH
NPT322	MAPPED_IN_TARGET_TABLE	NPT322	EXACT_MATCH
NPT3220	MAPPED_IN_TARGET_TABLE	NPT3220	EXACT_MATCH
NPT3221	MAPPED_IN_TARGET_TABLE	NPT3221	EXACT_MATCH
NPT3223	MAPPED_IN_TARGET_TABLE	NPT3223	EXACT_MATCH
NPT3224	MAPPED_IN_TARGET_TABLE	NPT3224	EXACT_MATCH
NPT3225	MAPPED_IN_TARGET_TABLE	NPT3225	EXACT_MATCH
NPT3227	MAPPED_IN_TARGET_TABLE	NPT3227	EXACT_MATCH
NPT3230	MAPPED_IN_TARGET_TABLE	NPT3230	EXACT_MATCH
NPT3231	MAPPED_IN_TARGET_TABLE	NPT3231	EXACT_MATCH
NPT3232	MAPPED_IN_TARGET_TABLE	NPT3232	EXACT_MATCH
NPT3233	MAPPED_IN_TARGET_TABLE	NPT3233	EXACT_MATCH
NPT3234	MAPPED_IN_TARGET_TABLE	NPT3234	EXACT_MATCH
NPT3235	MAPPED_IN_TARGET_TABLE	NPT3235	EXACT_MATCH
NPT3236	MAPPED_IN_TARGET_TABLE	NPT3236	EXACT_MATCH
NPT3238	UNMAPPED_BUT_FOUND_IN_OTHER_CMAUP_FILE		OCCURRENCE_FOUND_OUTSIDE_TARGET_TABLE; NO_TARGET_ANNOTATION_ASSIGNED
NPT3239	MAPPED_IN_TARGET_TABLE	NPT3239	EXACT_MATCH
NPT3240	MAPPED_IN_TARGET_TABLE	NPT3240	EXACT_MATCH
NPT3241	MAPPED_IN_TARGET_TABLE	NPT3241	EXACT_MATCH
NPT3242	MAPPED_IN_TARGET_TABLE	NPT3242	EXACT_MATCH
NPT3243	MAPPED_IN_TARGET_TABLE	NPT3243	EXACT_MATCH
NPT3244	MAPPED_IN_TARGET_TABLE	NPT3244	EXACT_MATCH
NPT3245	MAPPED_IN_TARGET_TABLE	NPT3245	EXACT_MATCH
NPT3246	MAPPED_IN_TARGET_TABLE	NPT3246	EXACT_MATCH
NPT3247	MAPPED_IN_TARGET_TABLE	NPT3247	EXACT_MATCH
NPT3248	MAPPED_IN_TARGET_TABLE	NPT3248	EXACT_MATCH
NPT3254	MAPPED_IN_TARGET_TABLE	NPT3254	EXACT_MATCH
NPT3255	MAPPED_IN_TARGET_TABLE	NPT3255	EXACT_MATCH
NPT3257	MAPPED_IN_TARGET_TABLE	NPT3257	EXACT_MATCH
NPT3258	MAPPED_IN_TARGET_TABLE	NPT3258	EXACT_MATCH
NPT3259	MAPPED_IN_TARGET_TABLE	NPT3259	EXACT_MATCH
NPT3261	MAPPED_IN_TARGET_TABLE	NPT3261	EXACT_MATCH
NPT3262	MAPPED_IN_TARGET_TABLE	NPT3262	EXACT_MATCH
NPT3263	MAPPED_IN_TARGET_TABLE	NPT3263	EXACT_MATCH
NPT3265	UNMAPPED_BUT_FOUND_IN_OTHER_CMAUP_FILE		OCCURRENCE_FOUND_OUTSIDE_TARGET_TABLE; NO_TARGET_ANNOTATION_ASSIGNED
NPT3266	MAPPED_IN_TARGET_TABLE	NPT3266	EXACT_MATCH
NPT3267	MAPPED_IN_TARGET_TABLE	NPT3267	EXACT_MATCH
NPT3268	MAPPED_IN_TARGET_TABLE	NPT3268	EXACT_MATCH
NPT3269	MAPPED_IN_TARGET_TABLE	NPT3269	EXACT_MATCH
NPT3270	MAPPED_IN_TARGET_TABLE	NPT3270	EXACT_MATCH
NPT3271	MAPPED_IN_TARGET_TABLE	NPT3271	EXACT_MATCH
NPT3272	MAPPED_IN_TARGET_TABLE	NPT3272	EXACT_MATCH
NPT3273	MAPPED_IN_TARGET_TABLE	NPT3273	EXACT_MATCH
NPT3274	MAPPED_IN_TARGET_TABLE	NPT3274	EXACT_MATCH
NPT3275	MAPPED_IN_TARGET_TABLE	NPT3275	EXACT_MATCH
NPT3276	MAPPED_IN_TARGET_TABLE	NPT3276	EXACT_MATCH
NPT3277	MAPPED_IN_TARGET_TABLE	NPT3277	EXACT_MATCH
NPT3278	MAPPED_IN_TARGET_TABLE	NPT3278	EXACT_MATCH
NPT3279	MAPPED_IN_TARGET_TABLE	NPT3279	EXACT_MATCH
NPT3280	MAPPED_IN_TARGET_TABLE	NPT3280	EXACT_MATCH
NPT3281	MAPPED_IN_TARGET_TABLE	NPT3281	EXACT_MATCH
NPT3282	MAPPED_IN_TARGET_TABLE	NPT3282	EXACT_MATCH
NPT3283	MAPPED_IN_TARGET_TABLE	NPT3283	EXACT_MATCH
NPT3284	UNMAPPED_BUT_FOUND_IN_OTHER_CMAUP_FILE		OCCURRENCE_FOUND_OUTSIDE_TARGET_TABLE; NO_TARGET_ANNOTATION_ASSIGNED
NPT3285	MAPPED_IN_TARGET_TABLE	NPT3285	EXACT_MATCH
NPT3286	MAPPED_IN_TARGET_TABLE	NPT3286	EXACT_MATCH
NPT3287	MAPPED_IN_TARGET_TABLE	NPT3287	EXACT_MATCH
NPT3290	MAPPED_IN_TARGET_TABLE	NPT3290	EXACT_MATCH
NPT3291	MAPPED_IN_TARGET_TABLE	NPT3291	EXACT_MATCH
NPT3292	MAPPED_IN_TARGET_TABLE	NPT3292	EXACT_MATCH
NPT3293	UNMAPPED_BUT_FOUND_IN_OTHER_CMAUP_FILE		OCCURRENCE_FOUND_OUTSIDE_TARGET_TABLE; NO_TARGET_ANNOTATION_ASSIGNED
NPT3296	MAPPED_IN_TARGET_TABLE	NPT3296	EXACT_MATCH
NPT3297	MAPPED_IN_TARGET_TABLE	NPT3297	EXACT_MATCH
NPT3299	MAPPED_IN_TARGET_TABLE	NPT3299	EXACT_MATCH
NPT3300	MAPPED_IN_TARGET_TABLE	NPT3300	EXACT_MATCH
NPT3303	MAPPED_IN_TARGET_TABLE	NPT3303	EXACT_MATCH
NPT3304	MAPPED_IN_TARGET_TABLE	NPT3304	EXACT_MATCH
NPT3306	MAPPED_IN_TARGET_TABLE	NPT3306	EXACT_MATCH
NPT3307	MAPPED_IN_TARGET_TABLE	NPT3307	EXACT_MATCH
NPT3308	MAPPED_IN_TARGET_TABLE	NPT3308	EXACT_MATCH
NPT3309	MAPPED_IN_TARGET_TABLE	NPT3309	EXACT_MATCH
NPT3311	MAPPED_IN_TARGET_TABLE	NPT3311	EXACT_MATCH
NPT3312	MAPPED_IN_TARGET_TABLE	NPT3312	EXACT_MATCH
NPT3313	UNMAPPED_BUT_FOUND_IN_OTHER_CMAUP_FILE		OCCURRENCE_FOUND_OUTSIDE_TARGET_TABLE; NO_TARGET_ANNOTATION_ASSIGNED
NPT3314	UNMAPPED_BUT_FOUND_IN_OTHER_CMAUP_FILE		OCCURRENCE_FOUND_OUTSIDE_TARGET_TABLE; NO_TARGET_ANNOTATION_ASSIGNED
NPT3315	MAPPED_IN_TARGET_TABLE	NPT3315	EXACT_MATCH
NPT3316	MAPPED_IN_TARGET_TABLE	NPT3316	EXACT_MATCH
NPT3317	MAPPED_IN_TARGET_TABLE	NPT3317	EXACT_MATCH
NPT3318	MAPPED_IN_TARGET_TABLE	NPT3318	EXACT_MATCH
NPT3319	MAPPED_IN_TARGET_TABLE	NPT3319	EXACT_MATCH
NPT3320	MAPPED_IN_TARGET_TABLE	NPT3320	EXACT_MATCH
NPT3323	MAPPED_IN_TARGET_TABLE	NPT3323	EXACT_MATCH
NPT3324	MAPPED_IN_TARGET_TABLE	NPT3324	EXACT_MATCH
NPT3326	MAPPED_IN_TARGET_TABLE	NPT3326	EXACT_MATCH
NPT3327	MAPPED_IN_TARGET_TABLE	NPT3327	EXACT_MATCH
NPT3328	MAPPED_IN_TARGET_TABLE	NPT3328	EXACT_MATCH
NPT3329	MAPPED_IN_TARGET_TABLE	NPT3329	EXACT_MATCH
NPT3330	MAPPED_IN_TARGET_TABLE	NPT3330	EXACT_MATCH
NPT3331	MAPPED_IN_TARGET_TABLE	NPT3331	EXACT_MATCH
NPT3332	MAPPED_IN_TARGET_TABLE	NPT3332	EXACT_MATCH
NPT3333	MAPPED_IN_TARGET_TABLE	NPT3333	EXACT_MATCH
NPT3334	MAPPED_IN_TARGET_TABLE	NPT3334	EXACT_MATCH
NPT3335	MAPPED_IN_TARGET_TABLE	NPT3335	EXACT_MATCH
NPT3336	MAPPED_IN_TARGET_TABLE	NPT3336	EXACT_MATCH
NPT3338	MAPPED_IN_TARGET_TABLE	NPT3338	EXACT_MATCH
NPT3339	MAPPED_IN_TARGET_TABLE	NPT3339	EXACT_MATCH
NPT3340	MAPPED_IN_TARGET_TABLE	NPT3340	EXACT_MATCH
NPT3341	MAPPED_IN_TARGET_TABLE	NPT3341	EXACT_MATCH
NPT3342	MAPPED_IN_TARGET_TABLE	NPT3342	EXACT_MATCH
NPT3344	MAPPED_IN_TARGET_TABLE	NPT3344	EXACT_MATCH
NPT3345	MAPPED_IN_TARGET_TABLE	NPT3345	EXACT_MATCH
NPT3346	MAPPED_IN_TARGET_TABLE	NPT3346	EXACT_MATCH
NPT3347	MAPPED_IN_TARGET_TABLE	NPT3347	EXACT_MATCH
NPT3348	MAPPED_IN_TARGET_TABLE	NPT3348	EXACT_MATCH
NPT3349	MAPPED_IN_TARGET_TABLE	NPT3349	EXACT_MATCH
NPT3350	UNMAPPED_BUT_FOUND_IN_OTHER_CMAUP_FILE		OCCURRENCE_FOUND_OUTSIDE_TARGET_TABLE; NO_TARGET_ANNOTATION_ASSIGNED
NPT3351	MAPPED_IN_TARGET_TABLE	NPT3351	EXACT_MATCH
NPT3352	MAPPED_IN_TARGET_TABLE	NPT3352	EXACT_MATCH
NPT3353	UNMAPPED_BUT_FOUND_IN_OTHER_CMAUP_FILE		OCCURRENCE_FOUND_OUTSIDE_TARGET_TABLE; NO_TARGET_ANNOTATION_ASSIGNED
NPT3354	MAPPED_IN_TARGET_TABLE	NPT3354	EXACT_MATCH
NPT3357	MAPPED_IN_TARGET_TABLE	NPT3357	EXACT_MATCH
NPT3358	MAPPED_IN_TARGET_TABLE	NPT3358	EXACT_MATCH
NPT3359	UNMAPPED_BUT_FOUND_IN_OTHER_CMAUP_FILE		OCCURRENCE_FOUND_OUTSIDE_TARGET_TABLE; NO_TARGET_ANNOTATION_ASSIGNED
NPT3362	UNMAPPED_BUT_FOUND_IN_OTHER_CMAUP_FILE		OCCURRENCE_FOUND_OUTSIDE_TARGET_TABLE; NO_TARGET_ANNOTATION_ASSIGNED
NPT3363	MAPPED_IN_TARGET_TABLE	NPT3363	EXACT_MATCH
NPT3364	MAPPED_IN_TARGET_TABLE	NPT3364	EXACT_MATCH
NPT3365	MAPPED_IN_TARGET_TABLE	NPT3365	EXACT_MATCH
NPT3366	MAPPED_IN_TARGET_TABLE	NPT3366	EXACT_MATCH
NPT3367	MAPPED_IN_TARGET_TABLE	NPT3367	EXACT_MATCH
NPT3368	MAPPED_IN_TARGET_TABLE	NPT3368	EXACT_MATCH
NPT3369	MAPPED_IN_TARGET_TABLE	NPT3369	EXACT_MATCH
NPT3370	MAPPED_IN_TARGET_TABLE	NPT3370	EXACT_MATCH
NPT3371	UNMAPPED_BUT_FOUND_IN_OTHER_CMAUP_FILE		OCCURRENCE_FOUND_OUTSIDE_TARGET_TABLE; NO_TARGET_ANNOTATION_ASSIGNED
NPT3372	MAPPED_IN_TARGET_TABLE	NPT3372	EXACT_MATCH
NPT3373	MAPPED_IN_TARGET_TABLE	NPT3373	EXACT_MATCH
NPT3374	MAPPED_IN_TARGET_TABLE	NPT3374	EXACT_MATCH
NPT3376	MAPPED_IN_TARGET_TABLE	NPT3376	EXACT_MATCH
NPT3378	MAPPED_IN_TARGET_TABLE	NPT3378	EXACT_MATCH
NPT3380	MAPPED_IN_TARGET_TABLE	NPT3380	EXACT_MATCH
NPT3381	MAPPED_IN_TARGET_TABLE	NPT3381	EXACT_MATCH
NPT3382	MAPPED_IN_TARGET_TABLE	NPT3382	EXACT_MATCH
NPT3384	UNMAPPED_BUT_FOUND_IN_OTHER_CMAUP_FILE		OCCURRENCE_FOUND_OUTSIDE_TARGET_TABLE; NO_TARGET_ANNOTATION_ASSIGNED
NPT3386	MAPPED_IN_TARGET_TABLE	NPT3386	EXACT_MATCH
NPT3388	MAPPED_IN_TARGET_TABLE	NPT3388	EXACT_MATCH
NPT3389	MAPPED_IN_TARGET_TABLE	NPT3389	EXACT_MATCH
NPT3390	MAPPED_IN_TARGET_TABLE	NPT3390	EXACT_MATCH
NPT3391	UNMAPPED_BUT_FOUND_IN_OTHER_CMAUP_FILE		OCCURRENCE_FOUND_OUTSIDE_TARGET_TABLE; NO_TARGET_ANNOTATION_ASSIGNED
NPT3392	UNMAPPED_BUT_FOUND_IN_OTHER_CMAUP_FILE		OCCURRENCE_FOUND_OUTSIDE_TARGET_TABLE; NO_TARGET_ANNOTATION_ASSIGNED
NPT3394	MAPPED_IN_TARGET_TABLE	NPT3394	EXACT_MATCH
NPT3395	MAPPED_IN_TARGET_TABLE	NPT3395	EXACT_MATCH
NPT3396	MAPPED_IN_TARGET_TABLE	NPT3396	EXACT_MATCH
NPT3398	MAPPED_IN_TARGET_TABLE	NPT3398	EXACT_MATCH
NPT3399	MAPPED_IN_TARGET_TABLE	NPT3399	EXACT_MATCH
NPT3406	MAPPED_IN_TARGET_TABLE	NPT3406	EXACT_MATCH
NPT3407	MAPPED_IN_TARGET_TABLE	NPT3407	EXACT_MATCH
NPT3409	MAPPED_IN_TARGET_TABLE	NPT3409	EXACT_MATCH
NPT3410	MAPPED_IN_TARGET_TABLE	NPT3410	EXACT_MATCH
NPT3411	MAPPED_IN_TARGET_TABLE	NPT3411	EXACT_MATCH
NPT3412	MAPPED_IN_TARGET_TABLE	NPT3412	EXACT_MATCH
NPT3413	MAPPED_IN_TARGET_TABLE	NPT3413	EXACT_MATCH
NPT3414	MAPPED_IN_TARGET_TABLE	NPT3414	EXACT_MATCH
NPT3416	MAPPED_IN_TARGET_TABLE	NPT3416	EXACT_MATCH
NPT3417	MAPPED_IN_TARGET_TABLE	NPT3417	EXACT_MATCH
NPT3418	MAPPED_IN_TARGET_TABLE	NPT3418	EXACT_MATCH
NPT3419	UNMAPPED_BUT_FOUND_IN_OTHER_CMAUP_FILE		OCCURRENCE_FOUND_OUTSIDE_TARGET_TABLE; NO_TARGET_ANNOTATION_ASSIGNED
NPT3422	MAPPED_IN_TARGET_TABLE	NPT3422	EXACT_MATCH
NPT3423	MAPPED_IN_TARGET_TABLE	NPT3423	EXACT_MATCH
NPT3425	MAPPED_IN_TARGET_TABLE	NPT3425	EXACT_MATCH
NPT3426	MAPPED_IN_TARGET_TABLE	NPT3426	EXACT_MATCH
NPT3427	MAPPED_IN_TARGET_TABLE	NPT3427	EXACT_MATCH
NPT3429	MAPPED_IN_TARGET_TABLE	NPT3429	EXACT_MATCH
NPT3431	MAPPED_IN_TARGET_TABLE	NPT3431	EXACT_MATCH
NPT3432	MAPPED_IN_TARGET_TABLE	NPT3432	EXACT_MATCH
NPT3434	MAPPED_IN_TARGET_TABLE	NPT3434	EXACT_MATCH
NPT3438	MAPPED_IN_TARGET_TABLE	NPT3438	EXACT_MATCH
NPT3439	MAPPED_IN_TARGET_TABLE	NPT3439	EXACT_MATCH
NPT3440	MAPPED_IN_TARGET_TABLE	NPT3440	EXACT_MATCH
NPT3441	MAPPED_IN_TARGET_TABLE	NPT3441	EXACT_MATCH
NPT3442	MAPPED_IN_TARGET_TABLE	NPT3442	EXACT_MATCH
NPT3443	MAPPED_IN_TARGET_TABLE	NPT3443	EXACT_MATCH
NPT3444	MAPPED_IN_TARGET_TABLE	NPT3444	EXACT_MATCH
NPT3445	MAPPED_IN_TARGET_TABLE	NPT3445	EXACT_MATCH
NPT3446	MAPPED_IN_TARGET_TABLE	NPT3446	EXACT_MATCH
NPT3447	MAPPED_IN_TARGET_TABLE	NPT3447	EXACT_MATCH
NPT3448	MAPPED_IN_TARGET_TABLE	NPT3448	EXACT_MATCH
NPT3451	MAPPED_IN_TARGET_TABLE	NPT3451	EXACT_MATCH
NPT3454	MAPPED_IN_TARGET_TABLE	NPT3454	EXACT_MATCH
NPT3455	MAPPED_IN_TARGET_TABLE	NPT3455	EXACT_MATCH
NPT3456	MAPPED_IN_TARGET_TABLE	NPT3456	EXACT_MATCH
NPT3457	MAPPED_IN_TARGET_TABLE	NPT3457	EXACT_MATCH
NPT3458	UNMAPPED_BUT_FOUND_IN_OTHER_CMAUP_FILE		OCCURRENCE_FOUND_OUTSIDE_TARGET_TABLE; NO_TARGET_ANNOTATION_ASSIGNED
NPT3459	UNMAPPED_BUT_FOUND_IN_OTHER_CMAUP_FILE		OCCURRENCE_FOUND_OUTSIDE_TARGET_TABLE; NO_TARGET_ANNOTATION_ASSIGNED
NPT346	MAPPED_IN_TARGET_TABLE	NPT346	EXACT_MATCH
NPT3460	MAPPED_IN_TARGET_TABLE	NPT3460	EXACT_MATCH
NPT3461	UNMAPPED_BUT_FOUND_IN_OTHER_CMAUP_FILE		OCCURRENCE_FOUND_OUTSIDE_TARGET_TABLE; NO_TARGET_ANNOTATION_ASSIGNED
NPT3462	MAPPED_IN_TARGET_TABLE	NPT3462	EXACT_MATCH
NPT3504	MAPPED_IN_TARGET_TABLE	NPT3504	EXACT_MATCH
NPT3505	UNMAPPED_BUT_FOUND_IN_OTHER_CMAUP_FILE		OCCURRENCE_FOUND_OUTSIDE_TARGET_TABLE; NO_TARGET_ANNOTATION_ASSIGNED
NPT3506	UNMAPPED_BUT_FOUND_IN_OTHER_CMAUP_FILE		OCCURRENCE_FOUND_OUTSIDE_TARGET_TABLE; NO_TARGET_ANNOTATION_ASSIGNED
NPT3507	UNMAPPED_BUT_FOUND_IN_OTHER_CMAUP_FILE		OCCURRENCE_FOUND_OUTSIDE_TARGET_TABLE; NO_TARGET_ANNOTATION_ASSIGNED
NPT3517	MAPPED_IN_TARGET_TABLE	NPT3517	EXACT_MATCH
NPT3537	MAPPED_IN_TARGET_TABLE	NPT3537	EXACT_MATCH
NPT3549	MAPPED_IN_TARGET_TABLE	NPT3549	EXACT_MATCH
NPT3568	UNMAPPED_BUT_FOUND_IN_OTHER_CMAUP_FILE		OCCURRENCE_FOUND_OUTSIDE_TARGET_TABLE; NO_TARGET_ANNOTATION_ASSIGNED
NPT3569	MAPPED_IN_TARGET_TABLE	NPT3569	EXACT_MATCH
NPT3579	MAPPED_IN_TARGET_TABLE	NPT3579	EXACT_MATCH
NPT3580	UNMAPPED_BUT_FOUND_IN_OTHER_CMAUP_FILE		OCCURRENCE_FOUND_OUTSIDE_TARGET_TABLE; NO_TARGET_ANNOTATION_ASSIGNED
NPT3583	UNMAPPED_BUT_FOUND_IN_OTHER_CMAUP_FILE		OCCURRENCE_FOUND_OUTSIDE_TARGET_TABLE; NO_TARGET_ANNOTATION_ASSIGNED
NPT3585	UNMAPPED_BUT_FOUND_IN_OTHER_CMAUP_FILE		OCCURRENCE_FOUND_OUTSIDE_TARGET_TABLE; NO_TARGET_ANNOTATION_ASSIGNED
NPT3595	MAPPED_IN_TARGET_TABLE	NPT3595	EXACT_MATCH
NPT36	MAPPED_IN_TARGET_TABLE	NPT36	EXACT_MATCH
NPT3604	MAPPED_IN_TARGET_TABLE	NPT3604	EXACT_MATCH
NPT366	MAPPED_IN_TARGET_TABLE	NPT366	EXACT_MATCH
NPT37	MAPPED_IN_TARGET_TABLE	NPT37	EXACT_MATCH
NPT3708	MAPPED_IN_TARGET_TABLE	NPT3708	EXACT_MATCH
NPT3711	MAPPED_IN_TARGET_TABLE	NPT3711	EXACT_MATCH
NPT3712	MAPPED_IN_TARGET_TABLE	NPT3712	EXACT_MATCH
NPT3713	MAPPED_IN_TARGET_TABLE	NPT3713	EXACT_MATCH
NPT3714	MAPPED_IN_TARGET_TABLE	NPT3714	EXACT_MATCH
NPT3715	MAPPED_IN_TARGET_TABLE	NPT3715	EXACT_MATCH
NPT3716	MAPPED_IN_TARGET_TABLE	NPT3716	EXACT_MATCH
NPT3720	UNMAPPED_BUT_FOUND_IN_OTHER_CMAUP_FILE		OCCURRENCE_FOUND_OUTSIDE_TARGET_TABLE; NO_TARGET_ANNOTATION_ASSIGNED
NPT3727	UNMAPPED_BUT_FOUND_IN_OTHER_CMAUP_FILE		OCCURRENCE_FOUND_OUTSIDE_TARGET_TABLE; NO_TARGET_ANNOTATION_ASSIGNED
NPT3728	MAPPED_IN_TARGET_TABLE	NPT3728	EXACT_MATCH
NPT3731	UNMAPPED_BUT_FOUND_IN_OTHER_CMAUP_FILE		OCCURRENCE_FOUND_OUTSIDE_TARGET_TABLE; NO_TARGET_ANNOTATION_ASSIGNED
NPT3732	UNMAPPED_BUT_FOUND_IN_OTHER_CMAUP_FILE		OCCURRENCE_FOUND_OUTSIDE_TARGET_TABLE; NO_TARGET_ANNOTATION_ASSIGNED
NPT3735	UNMAPPED_BUT_FOUND_IN_OTHER_CMAUP_FILE		OCCURRENCE_FOUND_OUTSIDE_TARGET_TABLE; NO_TARGET_ANNOTATION_ASSIGNED
NPT3737	MAPPED_IN_TARGET_TABLE	NPT3737	EXACT_MATCH
NPT3741	MAPPED_IN_TARGET_TABLE	NPT3741	EXACT_MATCH
NPT3742	MAPPED_IN_TARGET_TABLE	NPT3742	EXACT_MATCH
NPT3743	MAPPED_IN_TARGET_TABLE	NPT3743	EXACT_MATCH
NPT3744	MAPPED_IN_TARGET_TABLE	NPT3744	EXACT_MATCH
NPT3745	MAPPED_IN_TARGET_TABLE	NPT3745	EXACT_MATCH
NPT3746	MAPPED_IN_TARGET_TABLE	NPT3746	EXACT_MATCH
NPT3757	UNMAPPED_BUT_FOUND_IN_OTHER_CMAUP_FILE		OCCURRENCE_FOUND_OUTSIDE_TARGET_TABLE; NO_TARGET_ANNOTATION_ASSIGNED
NPT3758	UNMAPPED_BUT_FOUND_IN_OTHER_CMAUP_FILE		OCCURRENCE_FOUND_OUTSIDE_TARGET_TABLE; NO_TARGET_ANNOTATION_ASSIGNED
NPT3783	UNMAPPED_BUT_FOUND_IN_OTHER_CMAUP_FILE		OCCURRENCE_FOUND_OUTSIDE_TARGET_TABLE; NO_TARGET_ANNOTATION_ASSIGNED
NPT3797	UNMAPPED_BUT_FOUND_IN_OTHER_CMAUP_FILE		OCCURRENCE_FOUND_OUTSIDE_TARGET_TABLE; NO_TARGET_ANNOTATION_ASSIGNED
NPT38	MAPPED_IN_TARGET_TABLE	NPT38	EXACT_MATCH
NPT3803	UNMAPPED_BUT_FOUND_IN_OTHER_CMAUP_FILE		OCCURRENCE_FOUND_OUTSIDE_TARGET_TABLE; NO_TARGET_ANNOTATION_ASSIGNED
NPT3812	MAPPED_IN_TARGET_TABLE	NPT3812	EXACT_MATCH
NPT3820	MAPPED_IN_TARGET_TABLE	NPT3820	EXACT_MATCH
NPT3825	MAPPED_IN_TARGET_TABLE	NPT3825	EXACT_MATCH
NPT3826	MAPPED_IN_TARGET_TABLE	NPT3826	EXACT_MATCH
NPT3827	UNMAPPED_BUT_FOUND_IN_OTHER_CMAUP_FILE		OCCURRENCE_FOUND_OUTSIDE_TARGET_TABLE; NO_TARGET_ANNOTATION_ASSIGNED
NPT3829	MAPPED_IN_TARGET_TABLE	NPT3829	EXACT_MATCH
NPT3835	UNMAPPED_BUT_FOUND_IN_OTHER_CMAUP_FILE		OCCURRENCE_FOUND_OUTSIDE_TARGET_TABLE; NO_TARGET_ANNOTATION_ASSIGNED
NPT3838	MAPPED_IN_TARGET_TABLE	NPT3838	EXACT_MATCH
NPT3839	UNMAPPED_BUT_FOUND_IN_OTHER_CMAUP_FILE		OCCURRENCE_FOUND_OUTSIDE_TARGET_TABLE; NO_TARGET_ANNOTATION_ASSIGNED
NPT3840	UNMAPPED_BUT_FOUND_IN_OTHER_CMAUP_FILE		OCCURRENCE_FOUND_OUTSIDE_TARGET_TABLE; NO_TARGET_ANNOTATION_ASSIGNED
NPT3896	UNMAPPED_BUT_FOUND_IN_OTHER_CMAUP_FILE		OCCURRENCE_FOUND_OUTSIDE_TARGET_TABLE; NO_TARGET_ANNOTATION_ASSIGNED
NPT3898	UNMAPPED_BUT_FOUND_IN_OTHER_CMAUP_FILE		OCCURRENCE_FOUND_OUTSIDE_TARGET_TABLE; NO_TARGET_ANNOTATION_ASSIGNED
NPT3899	UNMAPPED_BUT_FOUND_IN_OTHER_CMAUP_FILE		OCCURRENCE_FOUND_OUTSIDE_TARGET_TABLE; NO_TARGET_ANNOTATION_ASSIGNED
NPT3903	UNMAPPED_BUT_FOUND_IN_OTHER_CMAUP_FILE		OCCURRENCE_FOUND_OUTSIDE_TARGET_TABLE; NO_TARGET_ANNOTATION_ASSIGNED
NPT3904	MAPPED_IN_TARGET_TABLE	NPT3904	EXACT_MATCH
NPT3910	UNMAPPED_BUT_FOUND_IN_OTHER_CMAUP_FILE		OCCURRENCE_FOUND_OUTSIDE_TARGET_TABLE; NO_TARGET_ANNOTATION_ASSIGNED
NPT3914	UNMAPPED_BUT_FOUND_IN_OTHER_CMAUP_FILE		OCCURRENCE_FOUND_OUTSIDE_TARGET_TABLE; NO_TARGET_ANNOTATION_ASSIGNED
NPT3938	UNMAPPED_BUT_FOUND_IN_OTHER_CMAUP_FILE		OCCURRENCE_FOUND_OUTSIDE_TARGET_TABLE; NO_TARGET_ANNOTATION_ASSIGNED
NPT3953	MAPPED_IN_TARGET_TABLE	NPT3953	EXACT_MATCH
NPT3960	MAPPED_IN_TARGET_TABLE	NPT3960	EXACT_MATCH
NPT3962	UNMAPPED_BUT_FOUND_IN_OTHER_CMAUP_FILE		OCCURRENCE_FOUND_OUTSIDE_TARGET_TABLE; NO_TARGET_ANNOTATION_ASSIGNED
NPT3969	MAPPED_IN_TARGET_TABLE	NPT3969	EXACT_MATCH
NPT3970	MAPPED_IN_TARGET_TABLE	NPT3970	EXACT_MATCH
NPT3971	UNMAPPED_BUT_FOUND_IN_OTHER_CMAUP_FILE		OCCURRENCE_FOUND_OUTSIDE_TARGET_TABLE; NO_TARGET_ANNOTATION_ASSIGNED
NPT3973	UNMAPPED_BUT_FOUND_IN_OTHER_CMAUP_FILE		OCCURRENCE_FOUND_OUTSIDE_TARGET_TABLE; NO_TARGET_ANNOTATION_ASSIGNED
NPT3974	MAPPED_IN_TARGET_TABLE	NPT3974	EXACT_MATCH
NPT3997	UNMAPPED_BUT_FOUND_IN_OTHER_CMAUP_FILE		OCCURRENCE_FOUND_OUTSIDE_TARGET_TABLE; NO_TARGET_ANNOTATION_ASSIGNED
NPT4001	UNMAPPED_BUT_FOUND_IN_OTHER_CMAUP_FILE		OCCURRENCE_FOUND_OUTSIDE_TARGET_TABLE; NO_TARGET_ANNOTATION_ASSIGNED
NPT4003	MAPPED_IN_TARGET_TABLE	NPT4003	EXACT_MATCH
NPT4011	MAPPED_IN_TARGET_TABLE	NPT4011	EXACT_MATCH
NPT4015	UNMAPPED_BUT_FOUND_IN_OTHER_CMAUP_FILE		OCCURRENCE_FOUND_OUTSIDE_TARGET_TABLE; NO_TARGET_ANNOTATION_ASSIGNED
NPT4016	UNMAPPED_BUT_FOUND_IN_OTHER_CMAUP_FILE		OCCURRENCE_FOUND_OUTSIDE_TARGET_TABLE; NO_TARGET_ANNOTATION_ASSIGNED
NPT4018	MAPPED_IN_TARGET_TABLE	NPT4018	EXACT_MATCH
NPT4023	MAPPED_IN_TARGET_TABLE	NPT4023	EXACT_MATCH
NPT4030	UNMAPPED_BUT_FOUND_IN_OTHER_CMAUP_FILE		OCCURRENCE_FOUND_OUTSIDE_TARGET_TABLE; NO_TARGET_ANNOTATION_ASSIGNED
NPT4031	UNMAPPED_BUT_FOUND_IN_OTHER_CMAUP_FILE		OCCURRENCE_FOUND_OUTSIDE_TARGET_TABLE; NO_TARGET_ANNOTATION_ASSIGNED
NPT4034	UNMAPPED_BUT_FOUND_IN_OTHER_CMAUP_FILE		OCCURRENCE_FOUND_OUTSIDE_TARGET_TABLE; NO_TARGET_ANNOTATION_ASSIGNED
NPT4036	MAPPED_IN_TARGET_TABLE	NPT4036	EXACT_MATCH
NPT4037	MAPPED_IN_TARGET_TABLE	NPT4037	EXACT_MATCH
NPT4046	MAPPED_IN_TARGET_TABLE	NPT4046	EXACT_MATCH
NPT4047	MAPPED_IN_TARGET_TABLE	NPT4047	EXACT_MATCH
NPT4054	MAPPED_IN_TARGET_TABLE	NPT4054	EXACT_MATCH
NPT4059	UNMAPPED_BUT_FOUND_IN_OTHER_CMAUP_FILE		OCCURRENCE_FOUND_OUTSIDE_TARGET_TABLE; NO_TARGET_ANNOTATION_ASSIGNED
NPT4088	MAPPED_IN_TARGET_TABLE	NPT4088	EXACT_MATCH
NPT4093	MAPPED_IN_TARGET_TABLE	NPT4093	EXACT_MATCH
NPT4096	UNMAPPED_BUT_FOUND_IN_OTHER_CMAUP_FILE		OCCURRENCE_FOUND_OUTSIDE_TARGET_TABLE; NO_TARGET_ANNOTATION_ASSIGNED
NPT41	MAPPED_IN_TARGET_TABLE	NPT41	EXACT_MATCH
NPT410	MAPPED_IN_TARGET_TABLE	NPT410	EXACT_MATCH
NPT4104	UNMAPPED_BUT_FOUND_IN_OTHER_CMAUP_FILE		OCCURRENCE_FOUND_OUTSIDE_TARGET_TABLE; NO_TARGET_ANNOTATION_ASSIGNED
NPT4106	UNMAPPED_BUT_FOUND_IN_OTHER_CMAUP_FILE		OCCURRENCE_FOUND_OUTSIDE_TARGET_TABLE; NO_TARGET_ANNOTATION_ASSIGNED
NPT4109	UNMAPPED_BUT_FOUND_IN_OTHER_CMAUP_FILE		OCCURRENCE_FOUND_OUTSIDE_TARGET_TABLE; NO_TARGET_ANNOTATION_ASSIGNED
NPT4110	MAPPED_IN_TARGET_TABLE	NPT4110	EXACT_MATCH
NPT4115	UNMAPPED_BUT_FOUND_IN_OTHER_CMAUP_FILE		OCCURRENCE_FOUND_OUTSIDE_TARGET_TABLE; NO_TARGET_ANNOTATION_ASSIGNED
NPT4119	UNMAPPED_BUT_FOUND_IN_OTHER_CMAUP_FILE		OCCURRENCE_FOUND_OUTSIDE_TARGET_TABLE; NO_TARGET_ANNOTATION_ASSIGNED
NPT4120	MAPPED_IN_TARGET_TABLE	NPT4120	EXACT_MATCH
NPT4146	MAPPED_IN_TARGET_TABLE	NPT4146	EXACT_MATCH
NPT4147	UNMAPPED_BUT_FOUND_IN_OTHER_CMAUP_FILE		OCCURRENCE_FOUND_OUTSIDE_TARGET_TABLE; NO_TARGET_ANNOTATION_ASSIGNED
NPT4161	UNMAPPED_BUT_FOUND_IN_OTHER_CMAUP_FILE		OCCURRENCE_FOUND_OUTSIDE_TARGET_TABLE; NO_TARGET_ANNOTATION_ASSIGNED
NPT4163	UNMAPPED_BUT_FOUND_IN_OTHER_CMAUP_FILE		OCCURRENCE_FOUND_OUTSIDE_TARGET_TABLE; NO_TARGET_ANNOTATION_ASSIGNED
NPT4166	MAPPED_IN_TARGET_TABLE	NPT4166	EXACT_MATCH
NPT4169	MAPPED_IN_TARGET_TABLE	NPT4169	EXACT_MATCH
NPT4170	MAPPED_IN_TARGET_TABLE	NPT4170	EXACT_MATCH
NPT4171	MAPPED_IN_TARGET_TABLE	NPT4171	EXACT_MATCH
NPT4175	UNMAPPED_BUT_FOUND_IN_OTHER_CMAUP_FILE		OCCURRENCE_FOUND_OUTSIDE_TARGET_TABLE; NO_TARGET_ANNOTATION_ASSIGNED
NPT4181	MAPPED_IN_TARGET_TABLE	NPT4181	EXACT_MATCH
NPT4185	MAPPED_IN_TARGET_TABLE	NPT4185	EXACT_MATCH
NPT42	UNMAPPED_BUT_FOUND_IN_OTHER_CMAUP_FILE		OCCURRENCE_FOUND_OUTSIDE_TARGET_TABLE; NO_TARGET_ANNOTATION_ASSIGNED
NPT4218	UNMAPPED_BUT_FOUND_IN_OTHER_CMAUP_FILE		OCCURRENCE_FOUND_OUTSIDE_TARGET_TABLE; NO_TARGET_ANNOTATION_ASSIGNED
NPT4219	MAPPED_IN_TARGET_TABLE	NPT4219	EXACT_MATCH
NPT424	MAPPED_IN_TARGET_TABLE	NPT424	EXACT_MATCH
NPT4245	UNMAPPED_BUT_FOUND_IN_OTHER_CMAUP_FILE		OCCURRENCE_FOUND_OUTSIDE_TARGET_TABLE; NO_TARGET_ANNOTATION_ASSIGNED
NPT4248	UNMAPPED_BUT_FOUND_IN_OTHER_CMAUP_FILE		OCCURRENCE_FOUND_OUTSIDE_TARGET_TABLE; NO_TARGET_ANNOTATION_ASSIGNED
NPT425	MAPPED_IN_TARGET_TABLE	NPT425	EXACT_MATCH
NPT4252	UNMAPPED_BUT_FOUND_IN_OTHER_CMAUP_FILE		OCCURRENCE_FOUND_OUTSIDE_TARGET_TABLE; NO_TARGET_ANNOTATION_ASSIGNED
NPT426	MAPPED_IN_TARGET_TABLE	NPT426	EXACT_MATCH
NPT4266	MAPPED_IN_TARGET_TABLE	NPT4266	EXACT_MATCH
NPT4274	MAPPED_IN_TARGET_TABLE	NPT4274	EXACT_MATCH
NPT4309	UNMAPPED_BUT_FOUND_IN_OTHER_CMAUP_FILE		OCCURRENCE_FOUND_OUTSIDE_TARGET_TABLE; NO_TARGET_ANNOTATION_ASSIGNED
NPT4324	UNMAPPED_BUT_FOUND_IN_OTHER_CMAUP_FILE		OCCURRENCE_FOUND_OUTSIDE_TARGET_TABLE; NO_TARGET_ANNOTATION_ASSIGNED
NPT4342	UNMAPPED_BUT_FOUND_IN_OTHER_CMAUP_FILE		OCCURRENCE_FOUND_OUTSIDE_TARGET_TABLE; NO_TARGET_ANNOTATION_ASSIGNED
NPT4355	UNMAPPED_BUT_FOUND_IN_OTHER_CMAUP_FILE		OCCURRENCE_FOUND_OUTSIDE_TARGET_TABLE; NO_TARGET_ANNOTATION_ASSIGNED
NPT4358	MAPPED_IN_TARGET_TABLE	NPT4358	EXACT_MATCH
NPT4371	MAPPED_IN_TARGET_TABLE	NPT4371	EXACT_MATCH
NPT4380	UNMAPPED_BUT_FOUND_IN_OTHER_CMAUP_FILE		OCCURRENCE_FOUND_OUTSIDE_TARGET_TABLE; NO_TARGET_ANNOTATION_ASSIGNED
NPT439	MAPPED_IN_TARGET_TABLE	NPT439	EXACT_MATCH
NPT4407	MAPPED_IN_TARGET_TABLE	NPT4407	EXACT_MATCH
NPT4409	MAPPED_IN_TARGET_TABLE	NPT4409	EXACT_MATCH
NPT441	MAPPED_IN_TARGET_TABLE	NPT441	EXACT_MATCH
NPT4418	UNMAPPED_BUT_FOUND_IN_OTHER_CMAUP_FILE		OCCURRENCE_FOUND_OUTSIDE_TARGET_TABLE; NO_TARGET_ANNOTATION_ASSIGNED
NPT443	UNMAPPED_BUT_FOUND_IN_OTHER_CMAUP_FILE		OCCURRENCE_FOUND_OUTSIDE_TARGET_TABLE; NO_TARGET_ANNOTATION_ASSIGNED
NPT4441	UNMAPPED_BUT_FOUND_IN_OTHER_CMAUP_FILE		OCCURRENCE_FOUND_OUTSIDE_TARGET_TABLE; NO_TARGET_ANNOTATION_ASSIGNED
NPT4445	UNMAPPED_BUT_FOUND_IN_OTHER_CMAUP_FILE		OCCURRENCE_FOUND_OUTSIDE_TARGET_TABLE; NO_TARGET_ANNOTATION_ASSIGNED
NPT4447	UNMAPPED_BUT_FOUND_IN_OTHER_CMAUP_FILE		OCCURRENCE_FOUND_OUTSIDE_TARGET_TABLE; NO_TARGET_ANNOTATION_ASSIGNED
NPT4448	MAPPED_IN_TARGET_TABLE	NPT4448	EXACT_MATCH
NPT4449	UNMAPPED_BUT_FOUND_IN_OTHER_CMAUP_FILE		OCCURRENCE_FOUND_OUTSIDE_TARGET_TABLE; NO_TARGET_ANNOTATION_ASSIGNED
NPT45	MAPPED_IN_TARGET_TABLE	NPT45	EXACT_MATCH
NPT4505	UNMAPPED_BUT_FOUND_IN_OTHER_CMAUP_FILE		OCCURRENCE_FOUND_OUTSIDE_TARGET_TABLE; NO_TARGET_ANNOTATION_ASSIGNED
NPT4506	UNMAPPED_BUT_FOUND_IN_OTHER_CMAUP_FILE		OCCURRENCE_FOUND_OUTSIDE_TARGET_TABLE; NO_TARGET_ANNOTATION_ASSIGNED
NPT4519	MAPPED_IN_TARGET_TABLE	NPT4519	EXACT_MATCH
NPT4542	UNMAPPED_BUT_FOUND_IN_OTHER_CMAUP_FILE		OCCURRENCE_FOUND_OUTSIDE_TARGET_TABLE; NO_TARGET_ANNOTATION_ASSIGNED
NPT4545	UNMAPPED_BUT_FOUND_IN_OTHER_CMAUP_FILE		OCCURRENCE_FOUND_OUTSIDE_TARGET_TABLE; NO_TARGET_ANNOTATION_ASSIGNED
NPT4546	UNMAPPED_BUT_FOUND_IN_OTHER_CMAUP_FILE		OCCURRENCE_FOUND_OUTSIDE_TARGET_TABLE; NO_TARGET_ANNOTATION_ASSIGNED
NPT4559	MAPPED_IN_TARGET_TABLE	NPT4559	EXACT_MATCH
NPT4562	UNMAPPED_BUT_FOUND_IN_OTHER_CMAUP_FILE		OCCURRENCE_FOUND_OUTSIDE_TARGET_TABLE; NO_TARGET_ANNOTATION_ASSIGNED
NPT4563	UNMAPPED_BUT_FOUND_IN_OTHER_CMAUP_FILE		OCCURRENCE_FOUND_OUTSIDE_TARGET_TABLE; NO_TARGET_ANNOTATION_ASSIGNED
NPT4565	UNMAPPED_BUT_FOUND_IN_OTHER_CMAUP_FILE		OCCURRENCE_FOUND_OUTSIDE_TARGET_TABLE; NO_TARGET_ANNOTATION_ASSIGNED
NPT4566	UNMAPPED_BUT_FOUND_IN_OTHER_CMAUP_FILE		OCCURRENCE_FOUND_OUTSIDE_TARGET_TABLE; NO_TARGET_ANNOTATION_ASSIGNED
NPT4567	MAPPED_IN_TARGET_TABLE	NPT4567	EXACT_MATCH
NPT4576	UNMAPPED_BUT_FOUND_IN_OTHER_CMAUP_FILE		OCCURRENCE_FOUND_OUTSIDE_TARGET_TABLE; NO_TARGET_ANNOTATION_ASSIGNED
NPT4581	UNMAPPED_BUT_FOUND_IN_OTHER_CMAUP_FILE		OCCURRENCE_FOUND_OUTSIDE_TARGET_TABLE; NO_TARGET_ANNOTATION_ASSIGNED
NPT4582	UNMAPPED_BUT_FOUND_IN_OTHER_CMAUP_FILE		OCCURRENCE_FOUND_OUTSIDE_TARGET_TABLE; NO_TARGET_ANNOTATION_ASSIGNED
NPT46	MAPPED_IN_TARGET_TABLE	NPT46	EXACT_MATCH
NPT4627	UNMAPPED_BUT_FOUND_IN_OTHER_CMAUP_FILE		OCCURRENCE_FOUND_OUTSIDE_TARGET_TABLE; NO_TARGET_ANNOTATION_ASSIGNED
NPT4674	UNMAPPED_BUT_FOUND_IN_OTHER_CMAUP_FILE		OCCURRENCE_FOUND_OUTSIDE_TARGET_TABLE; NO_TARGET_ANNOTATION_ASSIGNED
NPT4675	UNMAPPED_BUT_FOUND_IN_OTHER_CMAUP_FILE		OCCURRENCE_FOUND_OUTSIDE_TARGET_TABLE; NO_TARGET_ANNOTATION_ASSIGNED
NPT4684	UNMAPPED_BUT_FOUND_IN_OTHER_CMAUP_FILE		OCCURRENCE_FOUND_OUTSIDE_TARGET_TABLE; NO_TARGET_ANNOTATION_ASSIGNED
NPT469	MAPPED_IN_TARGET_TABLE	NPT469	EXACT_MATCH
NPT4698	UNMAPPED_BUT_FOUND_IN_OTHER_CMAUP_FILE		OCCURRENCE_FOUND_OUTSIDE_TARGET_TABLE; NO_TARGET_ANNOTATION_ASSIGNED
NPT4699	UNMAPPED_BUT_FOUND_IN_OTHER_CMAUP_FILE		OCCURRENCE_FOUND_OUTSIDE_TARGET_TABLE; NO_TARGET_ANNOTATION_ASSIGNED
NPT47	MAPPED_IN_TARGET_TABLE	NPT47	EXACT_MATCH
NPT4712	MAPPED_IN_TARGET_TABLE	NPT4712	EXACT_MATCH
NPT4717	UNMAPPED_BUT_FOUND_IN_OTHER_CMAUP_FILE		OCCURRENCE_FOUND_OUTSIDE_TARGET_TABLE; NO_TARGET_ANNOTATION_ASSIGNED
NPT472	MAPPED_IN_TARGET_TABLE	NPT472	EXACT_MATCH
NPT4729	MAPPED_IN_TARGET_TABLE	NPT4729	EXACT_MATCH
NPT4734	UNMAPPED_BUT_FOUND_IN_OTHER_CMAUP_FILE		OCCURRENCE_FOUND_OUTSIDE_TARGET_TABLE; NO_TARGET_ANNOTATION_ASSIGNED
NPT4735	MAPPED_IN_TARGET_TABLE	NPT4735	EXACT_MATCH
NPT4736	MAPPED_IN_TARGET_TABLE	NPT4736	EXACT_MATCH
NPT476	MAPPED_IN_TARGET_TABLE	NPT476	EXACT_MATCH
NPT4762	MAPPED_IN_TARGET_TABLE	NPT4762	EXACT_MATCH
NPT477	UNMAPPED_BUT_FOUND_IN_OTHER_CMAUP_FILE		OCCURRENCE_FOUND_OUTSIDE_TARGET_TABLE; NO_TARGET_ANNOTATION_ASSIGNED
NPT4786	UNMAPPED_BUT_FOUND_IN_OTHER_CMAUP_FILE		OCCURRENCE_FOUND_OUTSIDE_TARGET_TABLE; NO_TARGET_ANNOTATION_ASSIGNED
NPT4787	UNMAPPED_BUT_FOUND_IN_OTHER_CMAUP_FILE		OCCURRENCE_FOUND_OUTSIDE_TARGET_TABLE; NO_TARGET_ANNOTATION_ASSIGNED
NPT48	MAPPED_IN_TARGET_TABLE	NPT48	EXACT_MATCH
NPT483	MAPPED_IN_TARGET_TABLE	NPT483	EXACT_MATCH
NPT4848	MAPPED_IN_TARGET_TABLE	NPT4848	EXACT_MATCH
NPT4884	MAPPED_IN_TARGET_TABLE	NPT4884	EXACT_MATCH
NPT4886	UNMAPPED_BUT_FOUND_IN_OTHER_CMAUP_FILE		OCCURRENCE_FOUND_OUTSIDE_TARGET_TABLE; NO_TARGET_ANNOTATION_ASSIGNED
NPT4897	UNMAPPED_BUT_FOUND_IN_OTHER_CMAUP_FILE		OCCURRENCE_FOUND_OUTSIDE_TARGET_TABLE; NO_TARGET_ANNOTATION_ASSIGNED
NPT49	MAPPED_IN_TARGET_TABLE	NPT49	EXACT_MATCH
NPT4904	UNMAPPED_BUT_FOUND_IN_OTHER_CMAUP_FILE		OCCURRENCE_FOUND_OUTSIDE_TARGET_TABLE; NO_TARGET_ANNOTATION_ASSIGNED
NPT4907	MAPPED_IN_TARGET_TABLE	NPT4907	EXACT_MATCH
NPT491	MAPPED_IN_TARGET_TABLE	NPT491	EXACT_MATCH
NPT4918	UNMAPPED_BUT_FOUND_IN_OTHER_CMAUP_FILE		OCCURRENCE_FOUND_OUTSIDE_TARGET_TABLE; NO_TARGET_ANNOTATION_ASSIGNED
NPT4920	UNMAPPED_BUT_FOUND_IN_OTHER_CMAUP_FILE		OCCURRENCE_FOUND_OUTSIDE_TARGET_TABLE; NO_TARGET_ANNOTATION_ASSIGNED
NPT4947	MAPPED_IN_TARGET_TABLE	NPT4947	EXACT_MATCH
NPT4948	MAPPED_IN_TARGET_TABLE	NPT4948	EXACT_MATCH
NPT4954	MAPPED_IN_TARGET_TABLE	NPT4954	EXACT_MATCH
NPT4961	UNMAPPED_BUT_FOUND_IN_OTHER_CMAUP_FILE		OCCURRENCE_FOUND_OUTSIDE_TARGET_TABLE; NO_TARGET_ANNOTATION_ASSIGNED
NPT497	MAPPED_IN_TARGET_TABLE	NPT497	EXACT_MATCH
NPT498	UNMAPPED_BUT_FOUND_IN_OTHER_CMAUP_FILE		OCCURRENCE_FOUND_OUTSIDE_TARGET_TABLE; NO_TARGET_ANNOTATION_ASSIGNED
NPT499	UNMAPPED_BUT_FOUND_IN_OTHER_CMAUP_FILE		OCCURRENCE_FOUND_OUTSIDE_TARGET_TABLE; NO_TARGET_ANNOTATION_ASSIGNED
NPT4999	MAPPED_IN_TARGET_TABLE	NPT4999	EXACT_MATCH
NPT5	MAPPED_IN_TARGET_TABLE	NPT5	EXACT_MATCH
NPT50	MAPPED_IN_TARGET_TABLE	NPT50	EXACT_MATCH
NPT5009	MAPPED_IN_TARGET_TABLE	NPT5009	EXACT_MATCH
NPT501	UNMAPPED_BUT_FOUND_IN_OTHER_CMAUP_FILE		OCCURRENCE_FOUND_OUTSIDE_TARGET_TABLE; NO_TARGET_ANNOTATION_ASSIGNED
NPT5011	UNMAPPED_BUT_FOUND_IN_OTHER_CMAUP_FILE		OCCURRENCE_FOUND_OUTSIDE_TARGET_TABLE; NO_TARGET_ANNOTATION_ASSIGNED
NPT5013	UNMAPPED_BUT_FOUND_IN_OTHER_CMAUP_FILE		OCCURRENCE_FOUND_OUTSIDE_TARGET_TABLE; NO_TARGET_ANNOTATION_ASSIGNED
NPT5015	UNMAPPED_BUT_FOUND_IN_OTHER_CMAUP_FILE		OCCURRENCE_FOUND_OUTSIDE_TARGET_TABLE; NO_TARGET_ANNOTATION_ASSIGNED
NPT502	UNMAPPED_BUT_FOUND_IN_OTHER_CMAUP_FILE		OCCURRENCE_FOUND_OUTSIDE_TARGET_TABLE; NO_TARGET_ANNOTATION_ASSIGNED
NPT5020	MAPPED_IN_TARGET_TABLE	NPT5020	EXACT_MATCH
NPT503	MAPPED_IN_TARGET_TABLE	NPT503	EXACT_MATCH
NPT5033	UNMAPPED_BUT_FOUND_IN_OTHER_CMAUP_FILE		OCCURRENCE_FOUND_OUTSIDE_TARGET_TABLE; NO_TARGET_ANNOTATION_ASSIGNED
NPT5047	UNMAPPED_BUT_FOUND_IN_OTHER_CMAUP_FILE		OCCURRENCE_FOUND_OUTSIDE_TARGET_TABLE; NO_TARGET_ANNOTATION_ASSIGNED
NPT505	UNMAPPED_BUT_FOUND_IN_OTHER_CMAUP_FILE		OCCURRENCE_FOUND_OUTSIDE_TARGET_TABLE; NO_TARGET_ANNOTATION_ASSIGNED
NPT5051	UNMAPPED_BUT_FOUND_IN_OTHER_CMAUP_FILE		OCCURRENCE_FOUND_OUTSIDE_TARGET_TABLE; NO_TARGET_ANNOTATION_ASSIGNED
NPT5052	UNMAPPED_BUT_FOUND_IN_OTHER_CMAUP_FILE		OCCURRENCE_FOUND_OUTSIDE_TARGET_TABLE; NO_TARGET_ANNOTATION_ASSIGNED
NPT5071	UNMAPPED_BUT_FOUND_IN_OTHER_CMAUP_FILE		OCCURRENCE_FOUND_OUTSIDE_TARGET_TABLE; NO_TARGET_ANNOTATION_ASSIGNED
NPT5075	UNMAPPED_BUT_FOUND_IN_OTHER_CMAUP_FILE		OCCURRENCE_FOUND_OUTSIDE_TARGET_TABLE; NO_TARGET_ANNOTATION_ASSIGNED
NPT5079	UNMAPPED_BUT_FOUND_IN_OTHER_CMAUP_FILE		OCCURRENCE_FOUND_OUTSIDE_TARGET_TABLE; NO_TARGET_ANNOTATION_ASSIGNED
NPT5080	UNMAPPED_BUT_FOUND_IN_OTHER_CMAUP_FILE		OCCURRENCE_FOUND_OUTSIDE_TARGET_TABLE; NO_TARGET_ANNOTATION_ASSIGNED
NPT5085	UNMAPPED_BUT_FOUND_IN_OTHER_CMAUP_FILE		OCCURRENCE_FOUND_OUTSIDE_TARGET_TABLE; NO_TARGET_ANNOTATION_ASSIGNED
NPT5086	MAPPED_IN_TARGET_TABLE	NPT5086	EXACT_MATCH
NPT5087	MAPPED_IN_TARGET_TABLE	NPT5087	EXACT_MATCH
NPT51	MAPPED_IN_TARGET_TABLE	NPT51	EXACT_MATCH
NPT510	UNMAPPED_BUT_FOUND_IN_OTHER_CMAUP_FILE		OCCURRENCE_FOUND_OUTSIDE_TARGET_TABLE; NO_TARGET_ANNOTATION_ASSIGNED
NPT5100	UNMAPPED_BUT_FOUND_IN_OTHER_CMAUP_FILE		OCCURRENCE_FOUND_OUTSIDE_TARGET_TABLE; NO_TARGET_ANNOTATION_ASSIGNED
NPT5104	MAPPED_IN_TARGET_TABLE	NPT5104	EXACT_MATCH
NPT5105	UNMAPPED_BUT_FOUND_IN_OTHER_CMAUP_FILE		OCCURRENCE_FOUND_OUTSIDE_TARGET_TABLE; NO_TARGET_ANNOTATION_ASSIGNED
NPT5106	MAPPED_IN_TARGET_TABLE	NPT5106	EXACT_MATCH
NPT5108	MAPPED_IN_TARGET_TABLE	NPT5108	EXACT_MATCH
NPT511	UNMAPPED_BUT_FOUND_IN_OTHER_CMAUP_FILE		OCCURRENCE_FOUND_OUTSIDE_TARGET_TABLE; NO_TARGET_ANNOTATION_ASSIGNED
NPT512	UNMAPPED_BUT_FOUND_IN_OTHER_CMAUP_FILE		OCCURRENCE_FOUND_OUTSIDE_TARGET_TABLE; NO_TARGET_ANNOTATION_ASSIGNED
NPT513	UNMAPPED_BUT_FOUND_IN_OTHER_CMAUP_FILE		OCCURRENCE_FOUND_OUTSIDE_TARGET_TABLE; NO_TARGET_ANNOTATION_ASSIGNED
NPT5136	UNMAPPED_BUT_FOUND_IN_OTHER_CMAUP_FILE		OCCURRENCE_FOUND_OUTSIDE_TARGET_TABLE; NO_TARGET_ANNOTATION_ASSIGNED
NPT514	UNMAPPED_BUT_FOUND_IN_OTHER_CMAUP_FILE		OCCURRENCE_FOUND_OUTSIDE_TARGET_TABLE; NO_TARGET_ANNOTATION_ASSIGNED
NPT5152	MAPPED_IN_TARGET_TABLE	NPT5152	EXACT_MATCH
NPT5155	UNMAPPED_BUT_FOUND_IN_OTHER_CMAUP_FILE		OCCURRENCE_FOUND_OUTSIDE_TARGET_TABLE; NO_TARGET_ANNOTATION_ASSIGNED
NPT516	MAPPED_IN_TARGET_TABLE	NPT516	EXACT_MATCH
NPT5199	MAPPED_IN_TARGET_TABLE	NPT5199	EXACT_MATCH
NPT52	MAPPED_IN_TARGET_TABLE	NPT52	EXACT_MATCH
NPT5212	UNMAPPED_BUT_FOUND_IN_OTHER_CMAUP_FILE		OCCURRENCE_FOUND_OUTSIDE_TARGET_TABLE; NO_TARGET_ANNOTATION_ASSIGNED
NPT5220	UNMAPPED_BUT_FOUND_IN_OTHER_CMAUP_FILE		OCCURRENCE_FOUND_OUTSIDE_TARGET_TABLE; NO_TARGET_ANNOTATION_ASSIGNED
NPT5232	UNMAPPED_BUT_FOUND_IN_OTHER_CMAUP_FILE		OCCURRENCE_FOUND_OUTSIDE_TARGET_TABLE; NO_TARGET_ANNOTATION_ASSIGNED
NPT5234	UNMAPPED_BUT_FOUND_IN_OTHER_CMAUP_FILE		OCCURRENCE_FOUND_OUTSIDE_TARGET_TABLE; NO_TARGET_ANNOTATION_ASSIGNED
NPT5235	MAPPED_IN_TARGET_TABLE	NPT5235	EXACT_MATCH
NPT5236	UNMAPPED_BUT_FOUND_IN_OTHER_CMAUP_FILE		OCCURRENCE_FOUND_OUTSIDE_TARGET_TABLE; NO_TARGET_ANNOTATION_ASSIGNED
NPT524	MAPPED_IN_TARGET_TABLE	NPT524	EXACT_MATCH
NPT525	MAPPED_IN_TARGET_TABLE	NPT525	EXACT_MATCH
NPT5256	MAPPED_IN_TARGET_TABLE	NPT5256	EXACT_MATCH
NPT5259	UNMAPPED_BUT_FOUND_IN_OTHER_CMAUP_FILE		OCCURRENCE_FOUND_OUTSIDE_TARGET_TABLE; NO_TARGET_ANNOTATION_ASSIGNED
NPT5270	UNMAPPED_BUT_FOUND_IN_OTHER_CMAUP_FILE		OCCURRENCE_FOUND_OUTSIDE_TARGET_TABLE; NO_TARGET_ANNOTATION_ASSIGNED
NPT5282	UNMAPPED_BUT_FOUND_IN_OTHER_CMAUP_FILE		OCCURRENCE_FOUND_OUTSIDE_TARGET_TABLE; NO_TARGET_ANNOTATION_ASSIGNED
NPT5283	MAPPED_IN_TARGET_TABLE	NPT5283	EXACT_MATCH
NPT5284	UNMAPPED_BUT_FOUND_IN_OTHER_CMAUP_FILE		OCCURRENCE_FOUND_OUTSIDE_TARGET_TABLE; NO_TARGET_ANNOTATION_ASSIGNED
NPT5301	MAPPED_IN_TARGET_TABLE	NPT5301	EXACT_MATCH
NPT5318	MAPPED_IN_TARGET_TABLE	NPT5318	EXACT_MATCH
NPT532	UNMAPPED_BUT_FOUND_IN_OTHER_CMAUP_FILE		OCCURRENCE_FOUND_OUTSIDE_TARGET_TABLE; NO_TARGET_ANNOTATION_ASSIGNED
NPT537	MAPPED_IN_TARGET_TABLE	NPT537	EXACT_MATCH
NPT5373	MAPPED_IN_TARGET_TABLE	NPT5373	EXACT_MATCH
NPT5374	UNMAPPED_BUT_FOUND_IN_OTHER_CMAUP_FILE		OCCURRENCE_FOUND_OUTSIDE_TARGET_TABLE; NO_TARGET_ANNOTATION_ASSIGNED
NPT538	MAPPED_IN_TARGET_TABLE	NPT538	EXACT_MATCH
NPT5386	UNMAPPED_BUT_FOUND_IN_OTHER_CMAUP_FILE		OCCURRENCE_FOUND_OUTSIDE_TARGET_TABLE; NO_TARGET_ANNOTATION_ASSIGNED
NPT539	MAPPED_IN_TARGET_TABLE	NPT539	EXACT_MATCH
NPT540	MAPPED_IN_TARGET_TABLE	NPT540	EXACT_MATCH
NPT5403	UNMAPPED_BUT_FOUND_IN_OTHER_CMAUP_FILE		OCCURRENCE_FOUND_OUTSIDE_TARGET_TABLE; NO_TARGET_ANNOTATION_ASSIGNED
NPT5406	UNMAPPED_BUT_FOUND_IN_OTHER_CMAUP_FILE		OCCURRENCE_FOUND_OUTSIDE_TARGET_TABLE; NO_TARGET_ANNOTATION_ASSIGNED
NPT541	MAPPED_IN_TARGET_TABLE	NPT541	EXACT_MATCH
NPT542	MAPPED_IN_TARGET_TABLE	NPT542	EXACT_MATCH
NPT543	MAPPED_IN_TARGET_TABLE	NPT543	EXACT_MATCH
NPT5446	MAPPED_IN_TARGET_TABLE	NPT5446	EXACT_MATCH
NPT545	UNMAPPED_BUT_FOUND_IN_OTHER_CMAUP_FILE		OCCURRENCE_FOUND_OUTSIDE_TARGET_TABLE; NO_TARGET_ANNOTATION_ASSIGNED
NPT5454	UNMAPPED_BUT_FOUND_IN_OTHER_CMAUP_FILE		OCCURRENCE_FOUND_OUTSIDE_TARGET_TABLE; NO_TARGET_ANNOTATION_ASSIGNED
NPT5457	UNMAPPED_BUT_FOUND_IN_OTHER_CMAUP_FILE		OCCURRENCE_FOUND_OUTSIDE_TARGET_TABLE; NO_TARGET_ANNOTATION_ASSIGNED
NPT5458	UNMAPPED_BUT_FOUND_IN_OTHER_CMAUP_FILE		OCCURRENCE_FOUND_OUTSIDE_TARGET_TABLE; NO_TARGET_ANNOTATION_ASSIGNED
NPT5459	UNMAPPED_BUT_FOUND_IN_OTHER_CMAUP_FILE		OCCURRENCE_FOUND_OUTSIDE_TARGET_TABLE; NO_TARGET_ANNOTATION_ASSIGNED
NPT546	MAPPED_IN_TARGET_TABLE	NPT546	EXACT_MATCH
NPT5463	UNMAPPED_BUT_FOUND_IN_OTHER_CMAUP_FILE		OCCURRENCE_FOUND_OUTSIDE_TARGET_TABLE; NO_TARGET_ANNOTATION_ASSIGNED
NPT5467	UNMAPPED_BUT_FOUND_IN_OTHER_CMAUP_FILE		OCCURRENCE_FOUND_OUTSIDE_TARGET_TABLE; NO_TARGET_ANNOTATION_ASSIGNED
NPT5472	UNMAPPED_BUT_FOUND_IN_OTHER_CMAUP_FILE		OCCURRENCE_FOUND_OUTSIDE_TARGET_TABLE; NO_TARGET_ANNOTATION_ASSIGNED
NPT5493	MAPPED_IN_TARGET_TABLE	NPT5493	EXACT_MATCH
NPT5559	UNMAPPED_BUT_FOUND_IN_OTHER_CMAUP_FILE		OCCURRENCE_FOUND_OUTSIDE_TARGET_TABLE; NO_TARGET_ANNOTATION_ASSIGNED
NPT5640	UNMAPPED_BUT_FOUND_IN_OTHER_CMAUP_FILE		OCCURRENCE_FOUND_OUTSIDE_TARGET_TABLE; NO_TARGET_ANNOTATION_ASSIGNED
NPT5645	MAPPED_IN_TARGET_TABLE	NPT5645	EXACT_MATCH
NPT5646	UNMAPPED_BUT_FOUND_IN_OTHER_CMAUP_FILE		OCCURRENCE_FOUND_OUTSIDE_TARGET_TABLE; NO_TARGET_ANNOTATION_ASSIGNED
NPT5648	MAPPED_IN_TARGET_TABLE	NPT5648	EXACT_MATCH
NPT5649	MAPPED_IN_TARGET_TABLE	NPT5649	EXACT_MATCH
NPT5655	UNMAPPED_BUT_FOUND_IN_OTHER_CMAUP_FILE		OCCURRENCE_FOUND_OUTSIDE_TARGET_TABLE; NO_TARGET_ANNOTATION_ASSIGNED
NPT567	MAPPED_IN_TARGET_TABLE	NPT567	EXACT_MATCH
NPT568	MAPPED_IN_TARGET_TABLE	NPT568	EXACT_MATCH
NPT5682	MAPPED_IN_TARGET_TABLE	NPT5682	EXACT_MATCH
NPT5689	UNMAPPED_BUT_FOUND_IN_OTHER_CMAUP_FILE		OCCURRENCE_FOUND_OUTSIDE_TARGET_TABLE; NO_TARGET_ANNOTATION_ASSIGNED
NPT569	UNMAPPED_BUT_FOUND_IN_OTHER_CMAUP_FILE		OCCURRENCE_FOUND_OUTSIDE_TARGET_TABLE; NO_TARGET_ANNOTATION_ASSIGNED
NPT5690	UNMAPPED_BUT_FOUND_IN_OTHER_CMAUP_FILE		OCCURRENCE_FOUND_OUTSIDE_TARGET_TABLE; NO_TARGET_ANNOTATION_ASSIGNED
NPT5691	UNMAPPED_BUT_FOUND_IN_OTHER_CMAUP_FILE		OCCURRENCE_FOUND_OUTSIDE_TARGET_TABLE; NO_TARGET_ANNOTATION_ASSIGNED
NPT57	MAPPED_IN_TARGET_TABLE	NPT57	EXACT_MATCH
NPT570	MAPPED_IN_TARGET_TABLE	NPT570	EXACT_MATCH
NPT5718	UNMAPPED_BUT_FOUND_IN_OTHER_CMAUP_FILE		OCCURRENCE_FOUND_OUTSIDE_TARGET_TABLE; NO_TARGET_ANNOTATION_ASSIGNED
NPT5731	UNMAPPED_BUT_FOUND_IN_OTHER_CMAUP_FILE		OCCURRENCE_FOUND_OUTSIDE_TARGET_TABLE; NO_TARGET_ANNOTATION_ASSIGNED
NPT5790	UNMAPPED_BUT_FOUND_IN_OTHER_CMAUP_FILE		OCCURRENCE_FOUND_OUTSIDE_TARGET_TABLE; NO_TARGET_ANNOTATION_ASSIGNED
NPT58	MAPPED_IN_TARGET_TABLE	NPT58	EXACT_MATCH
NPT5802	UNMAPPED_BUT_FOUND_IN_OTHER_CMAUP_FILE		OCCURRENCE_FOUND_OUTSIDE_TARGET_TABLE; NO_TARGET_ANNOTATION_ASSIGNED
NPT582	MAPPED_IN_TARGET_TABLE	NPT582	EXACT_MATCH
NPT5825	UNMAPPED_BUT_FOUND_IN_OTHER_CMAUP_FILE		OCCURRENCE_FOUND_OUTSIDE_TARGET_TABLE; NO_TARGET_ANNOTATION_ASSIGNED
NPT5830	UNMAPPED_BUT_FOUND_IN_OTHER_CMAUP_FILE		OCCURRENCE_FOUND_OUTSIDE_TARGET_TABLE; NO_TARGET_ANNOTATION_ASSIGNED
NPT5836	MAPPED_IN_TARGET_TABLE	NPT5836	EXACT_MATCH
NPT584	UNMAPPED_BUT_FOUND_IN_OTHER_CMAUP_FILE		OCCURRENCE_FOUND_OUTSIDE_TARGET_TABLE; NO_TARGET_ANNOTATION_ASSIGNED
NPT5847	UNMAPPED_BUT_FOUND_IN_OTHER_CMAUP_FILE		OCCURRENCE_FOUND_OUTSIDE_TARGET_TABLE; NO_TARGET_ANNOTATION_ASSIGNED
NPT5849	UNMAPPED_BUT_FOUND_IN_OTHER_CMAUP_FILE		OCCURRENCE_FOUND_OUTSIDE_TARGET_TABLE; NO_TARGET_ANNOTATION_ASSIGNED
NPT585	UNMAPPED_BUT_FOUND_IN_OTHER_CMAUP_FILE		OCCURRENCE_FOUND_OUTSIDE_TARGET_TABLE; NO_TARGET_ANNOTATION_ASSIGNED
NPT5859	UNMAPPED_BUT_FOUND_IN_OTHER_CMAUP_FILE		OCCURRENCE_FOUND_OUTSIDE_TARGET_TABLE; NO_TARGET_ANNOTATION_ASSIGNED
NPT5871	UNMAPPED_BUT_FOUND_IN_OTHER_CMAUP_FILE		OCCURRENCE_FOUND_OUTSIDE_TARGET_TABLE; NO_TARGET_ANNOTATION_ASSIGNED
NPT5876	UNMAPPED_BUT_FOUND_IN_OTHER_CMAUP_FILE		OCCURRENCE_FOUND_OUTSIDE_TARGET_TABLE; NO_TARGET_ANNOTATION_ASSIGNED
NPT5879	UNMAPPED_BUT_FOUND_IN_OTHER_CMAUP_FILE		OCCURRENCE_FOUND_OUTSIDE_TARGET_TABLE; NO_TARGET_ANNOTATION_ASSIGNED
NPT588	MAPPED_IN_TARGET_TABLE	NPT588	EXACT_MATCH
NPT5886	MAPPED_IN_TARGET_TABLE	NPT5886	EXACT_MATCH
NPT5887	MAPPED_IN_TARGET_TABLE	NPT5887	EXACT_MATCH
NPT5891	UNMAPPED_BUT_FOUND_IN_OTHER_CMAUP_FILE		OCCURRENCE_FOUND_OUTSIDE_TARGET_TABLE; NO_TARGET_ANNOTATION_ASSIGNED
NPT59	MAPPED_IN_TARGET_TABLE	NPT59	EXACT_MATCH
NPT591	MAPPED_IN_TARGET_TABLE	NPT591	EXACT_MATCH
NPT592	MAPPED_IN_TARGET_TABLE	NPT592	EXACT_MATCH
NPT5968	MAPPED_IN_TARGET_TABLE	NPT5968	EXACT_MATCH
NPT5976	MAPPED_IN_TARGET_TABLE	NPT5976	EXACT_MATCH
NPT598	MAPPED_IN_TARGET_TABLE	NPT598	EXACT_MATCH
NPT5980	MAPPED_IN_TARGET_TABLE	NPT5980	EXACT_MATCH
NPT5981	MAPPED_IN_TARGET_TABLE	NPT5981	EXACT_MATCH
NPT5983	UNMAPPED_BUT_FOUND_IN_OTHER_CMAUP_FILE		OCCURRENCE_FOUND_OUTSIDE_TARGET_TABLE; NO_TARGET_ANNOTATION_ASSIGNED
NPT599	MAPPED_IN_TARGET_TABLE	NPT599	EXACT_MATCH
NPT60	MAPPED_IN_TARGET_TABLE	NPT60	EXACT_MATCH
NPT601	UNMAPPED_BUT_FOUND_IN_OTHER_CMAUP_FILE		OCCURRENCE_FOUND_OUTSIDE_TARGET_TABLE; NO_TARGET_ANNOTATION_ASSIGNED
NPT604	UNMAPPED_BUT_FOUND_IN_OTHER_CMAUP_FILE		OCCURRENCE_FOUND_OUTSIDE_TARGET_TABLE; NO_TARGET_ANNOTATION_ASSIGNED
NPT606	MAPPED_IN_TARGET_TABLE	NPT606	EXACT_MATCH
NPT6069	UNMAPPED_BUT_FOUND_IN_OTHER_CMAUP_FILE		OCCURRENCE_FOUND_OUTSIDE_TARGET_TABLE; NO_TARGET_ANNOTATION_ASSIGNED
NPT607	UNMAPPED_BUT_FOUND_IN_OTHER_CMAUP_FILE		OCCURRENCE_FOUND_OUTSIDE_TARGET_TABLE; NO_TARGET_ANNOTATION_ASSIGNED
NPT6080	UNMAPPED_BUT_FOUND_IN_OTHER_CMAUP_FILE		OCCURRENCE_FOUND_OUTSIDE_TARGET_TABLE; NO_TARGET_ANNOTATION_ASSIGNED
NPT6098	UNMAPPED_BUT_FOUND_IN_OTHER_CMAUP_FILE		OCCURRENCE_FOUND_OUTSIDE_TARGET_TABLE; NO_TARGET_ANNOTATION_ASSIGNED
NPT61	UNMAPPED_BUT_FOUND_IN_OTHER_CMAUP_FILE		OCCURRENCE_FOUND_OUTSIDE_TARGET_TABLE; NO_TARGET_ANNOTATION_ASSIGNED
NPT6105	UNMAPPED_BUT_FOUND_IN_OTHER_CMAUP_FILE		OCCURRENCE_FOUND_OUTSIDE_TARGET_TABLE; NO_TARGET_ANNOTATION_ASSIGNED
NPT612	UNMAPPED_BUT_FOUND_IN_OTHER_CMAUP_FILE		OCCURRENCE_FOUND_OUTSIDE_TARGET_TABLE; NO_TARGET_ANNOTATION_ASSIGNED
NPT6124	MAPPED_IN_TARGET_TABLE	NPT6124	EXACT_MATCH
NPT6127	MAPPED_IN_TARGET_TABLE	NPT6127	EXACT_MATCH
NPT613	MAPPED_IN_TARGET_TABLE	NPT613	EXACT_MATCH
NPT6140	MAPPED_IN_TARGET_TABLE	NPT6140	EXACT_MATCH
NPT6141	MAPPED_IN_TARGET_TABLE	NPT6141	EXACT_MATCH
NPT6142	MAPPED_IN_TARGET_TABLE	NPT6142	EXACT_MATCH
NPT6186	UNMAPPED_BUT_FOUND_IN_OTHER_CMAUP_FILE		OCCURRENCE_FOUND_OUTSIDE_TARGET_TABLE; NO_TARGET_ANNOTATION_ASSIGNED
NPT6188	MAPPED_IN_TARGET_TABLE	NPT6188	EXACT_MATCH
NPT620	UNMAPPED_BUT_FOUND_IN_OTHER_CMAUP_FILE		OCCURRENCE_FOUND_OUTSIDE_TARGET_TABLE; NO_TARGET_ANNOTATION_ASSIGNED
NPT6213	UNMAPPED_BUT_FOUND_IN_OTHER_CMAUP_FILE		OCCURRENCE_FOUND_OUTSIDE_TARGET_TABLE; NO_TARGET_ANNOTATION_ASSIGNED
NPT622	MAPPED_IN_TARGET_TABLE	NPT622	EXACT_MATCH
NPT6226	MAPPED_IN_TARGET_TABLE	NPT6226	EXACT_MATCH
NPT6230	UNMAPPED_BUT_FOUND_IN_OTHER_CMAUP_FILE		OCCURRENCE_FOUND_OUTSIDE_TARGET_TABLE; NO_TARGET_ANNOTATION_ASSIGNED
NPT6245	UNMAPPED_BUT_FOUND_IN_OTHER_CMAUP_FILE		OCCURRENCE_FOUND_OUTSIDE_TARGET_TABLE; NO_TARGET_ANNOTATION_ASSIGNED
NPT6255	UNMAPPED_BUT_FOUND_IN_OTHER_CMAUP_FILE		OCCURRENCE_FOUND_OUTSIDE_TARGET_TABLE; NO_TARGET_ANNOTATION_ASSIGNED
NPT627	MAPPED_IN_TARGET_TABLE	NPT627	EXACT_MATCH
NPT628	MAPPED_IN_TARGET_TABLE	NPT628	EXACT_MATCH
NPT63	UNMAPPED_BUT_FOUND_IN_OTHER_CMAUP_FILE		OCCURRENCE_FOUND_OUTSIDE_TARGET_TABLE; NO_TARGET_ANNOTATION_ASSIGNED
NPT6327	MAPPED_IN_TARGET_TABLE	NPT6327	EXACT_MATCH
NPT6363	MAPPED_IN_TARGET_TABLE	NPT6363	EXACT_MATCH
NPT6365	UNMAPPED_BUT_FOUND_IN_OTHER_CMAUP_FILE		OCCURRENCE_FOUND_OUTSIDE_TARGET_TABLE; NO_TARGET_ANNOTATION_ASSIGNED
NPT640	MAPPED_IN_TARGET_TABLE	NPT640	EXACT_MATCH
NPT6402	UNMAPPED_BUT_FOUND_IN_OTHER_CMAUP_FILE		OCCURRENCE_FOUND_OUTSIDE_TARGET_TABLE; NO_TARGET_ANNOTATION_ASSIGNED
NPT641	MAPPED_IN_TARGET_TABLE	NPT641	EXACT_MATCH
NPT644	UNMAPPED_BUT_FOUND_IN_OTHER_CMAUP_FILE		OCCURRENCE_FOUND_OUTSIDE_TARGET_TABLE; NO_TARGET_ANNOTATION_ASSIGNED
NPT6441	UNMAPPED_BUT_FOUND_IN_OTHER_CMAUP_FILE		OCCURRENCE_FOUND_OUTSIDE_TARGET_TABLE; NO_TARGET_ANNOTATION_ASSIGNED
NPT645	MAPPED_IN_TARGET_TABLE	NPT645	EXACT_MATCH
NPT646	UNMAPPED_BUT_FOUND_IN_OTHER_CMAUP_FILE		OCCURRENCE_FOUND_OUTSIDE_TARGET_TABLE; NO_TARGET_ANNOTATION_ASSIGNED
NPT647	UNMAPPED_BUT_FOUND_IN_OTHER_CMAUP_FILE		OCCURRENCE_FOUND_OUTSIDE_TARGET_TABLE; NO_TARGET_ANNOTATION_ASSIGNED
NPT6507	MAPPED_IN_TARGET_TABLE	NPT6507	EXACT_MATCH
NPT6508	MAPPED_IN_TARGET_TABLE	NPT6508	EXACT_MATCH
NPT6510	MAPPED_IN_TARGET_TABLE	NPT6510	EXACT_MATCH
NPT6513	MAPPED_IN_TARGET_TABLE	NPT6513	EXACT_MATCH
NPT6515	MAPPED_IN_TARGET_TABLE	NPT6515	EXACT_MATCH
NPT6527	UNMAPPED_BUT_FOUND_IN_OTHER_CMAUP_FILE		OCCURRENCE_FOUND_OUTSIDE_TARGET_TABLE; NO_TARGET_ANNOTATION_ASSIGNED
NPT6540	UNMAPPED_BUT_FOUND_IN_OTHER_CMAUP_FILE		OCCURRENCE_FOUND_OUTSIDE_TARGET_TABLE; NO_TARGET_ANNOTATION_ASSIGNED
NPT6544	MAPPED_IN_TARGET_TABLE	NPT6544	EXACT_MATCH
NPT6574	UNMAPPED_BUT_FOUND_IN_OTHER_CMAUP_FILE		OCCURRENCE_FOUND_OUTSIDE_TARGET_TABLE; NO_TARGET_ANNOTATION_ASSIGNED
NPT6588	UNMAPPED_BUT_FOUND_IN_OTHER_CMAUP_FILE		OCCURRENCE_FOUND_OUTSIDE_TARGET_TABLE; NO_TARGET_ANNOTATION_ASSIGNED
NPT6625	MAPPED_IN_TARGET_TABLE	NPT6625	EXACT_MATCH
NPT6631	MAPPED_IN_TARGET_TABLE	NPT6631	EXACT_MATCH
NPT665	MAPPED_IN_TARGET_TABLE	NPT665	EXACT_MATCH
NPT668	MAPPED_IN_TARGET_TABLE	NPT668	EXACT_MATCH
NPT669	UNMAPPED_BUT_FOUND_IN_OTHER_CMAUP_FILE		OCCURRENCE_FOUND_OUTSIDE_TARGET_TABLE; NO_TARGET_ANNOTATION_ASSIGNED
NPT670	MAPPED_IN_TARGET_TABLE	NPT670	EXACT_MATCH
NPT674	UNMAPPED_BUT_FOUND_IN_OTHER_CMAUP_FILE		OCCURRENCE_FOUND_OUTSIDE_TARGET_TABLE; NO_TARGET_ANNOTATION_ASSIGNED
NPT675	UNMAPPED_BUT_FOUND_IN_OTHER_CMAUP_FILE		OCCURRENCE_FOUND_OUTSIDE_TARGET_TABLE; NO_TARGET_ANNOTATION_ASSIGNED
NPT676	MAPPED_IN_TARGET_TABLE	NPT676	EXACT_MATCH
NPT677	MAPPED_IN_TARGET_TABLE	NPT677	EXACT_MATCH
NPT684	MAPPED_IN_TARGET_TABLE	NPT684	EXACT_MATCH
NPT685	MAPPED_IN_TARGET_TABLE	NPT685	EXACT_MATCH
NPT686	MAPPED_IN_TARGET_TABLE	NPT686	EXACT_MATCH
NPT687	MAPPED_IN_TARGET_TABLE	NPT687	EXACT_MATCH
NPT688	MAPPED_IN_TARGET_TABLE	NPT688	EXACT_MATCH
NPT689	MAPPED_IN_TARGET_TABLE	NPT689	EXACT_MATCH
NPT69	MAPPED_IN_TARGET_TABLE	NPT69	EXACT_MATCH
NPT690	MAPPED_IN_TARGET_TABLE	NPT690	EXACT_MATCH
NPT691	MAPPED_IN_TARGET_TABLE	NPT691	EXACT_MATCH
NPT692	MAPPED_IN_TARGET_TABLE	NPT692	EXACT_MATCH
NPT695	UNMAPPED_BUT_FOUND_IN_OTHER_CMAUP_FILE		OCCURRENCE_FOUND_OUTSIDE_TARGET_TABLE; NO_TARGET_ANNOTATION_ASSIGNED
NPT697	UNMAPPED_BUT_FOUND_IN_OTHER_CMAUP_FILE		OCCURRENCE_FOUND_OUTSIDE_TARGET_TABLE; NO_TARGET_ANNOTATION_ASSIGNED
NPT699	UNMAPPED_BUT_FOUND_IN_OTHER_CMAUP_FILE		OCCURRENCE_FOUND_OUTSIDE_TARGET_TABLE; NO_TARGET_ANNOTATION_ASSIGNED
NPT702	UNMAPPED_BUT_FOUND_IN_OTHER_CMAUP_FILE		OCCURRENCE_FOUND_OUTSIDE_TARGET_TABLE; NO_TARGET_ANNOTATION_ASSIGNED
NPT703	UNMAPPED_BUT_FOUND_IN_OTHER_CMAUP_FILE		OCCURRENCE_FOUND_OUTSIDE_TARGET_TABLE; NO_TARGET_ANNOTATION_ASSIGNED
NPT707	UNMAPPED_BUT_FOUND_IN_OTHER_CMAUP_FILE		OCCURRENCE_FOUND_OUTSIDE_TARGET_TABLE; NO_TARGET_ANNOTATION_ASSIGNED
NPT713	MAPPED_IN_TARGET_TABLE	NPT713	EXACT_MATCH
NPT72	MAPPED_IN_TARGET_TABLE	NPT72	EXACT_MATCH
NPT721	MAPPED_IN_TARGET_TABLE	NPT721	EXACT_MATCH
NPT728	MAPPED_IN_TARGET_TABLE	NPT728	EXACT_MATCH
NPT73	MAPPED_IN_TARGET_TABLE	NPT73	EXACT_MATCH
NPT74	MAPPED_IN_TARGET_TABLE	NPT74	EXACT_MATCH
NPT740	MAPPED_IN_TARGET_TABLE	NPT740	EXACT_MATCH
NPT741	MAPPED_IN_TARGET_TABLE	NPT741	EXACT_MATCH
NPT745	MAPPED_IN_TARGET_TABLE	NPT745	EXACT_MATCH
NPT748	UNMAPPED_BUT_FOUND_IN_OTHER_CMAUP_FILE		OCCURRENCE_FOUND_OUTSIDE_TARGET_TABLE; NO_TARGET_ANNOTATION_ASSIGNED
NPT754	UNMAPPED_BUT_FOUND_IN_OTHER_CMAUP_FILE		OCCURRENCE_FOUND_OUTSIDE_TARGET_TABLE; NO_TARGET_ANNOTATION_ASSIGNED
NPT755	MAPPED_IN_TARGET_TABLE	NPT755	EXACT_MATCH
NPT760	MAPPED_IN_TARGET_TABLE	NPT760	EXACT_MATCH
NPT761	MAPPED_IN_TARGET_TABLE	NPT761	EXACT_MATCH
NPT77	MAPPED_IN_TARGET_TABLE	NPT77	EXACT_MATCH
NPT78	MAPPED_IN_TARGET_TABLE	NPT78	EXACT_MATCH
NPT792	MAPPED_IN_TARGET_TABLE	NPT792	EXACT_MATCH
NPT796	MAPPED_IN_TARGET_TABLE	NPT796	EXACT_MATCH
NPT798	UNMAPPED_BUT_FOUND_IN_OTHER_CMAUP_FILE		OCCURRENCE_FOUND_OUTSIDE_TARGET_TABLE; NO_TARGET_ANNOTATION_ASSIGNED
NPT8	MAPPED_IN_TARGET_TABLE	NPT8	EXACT_MATCH
NPT801	UNMAPPED_BUT_FOUND_IN_OTHER_CMAUP_FILE		OCCURRENCE_FOUND_OUTSIDE_TARGET_TABLE; NO_TARGET_ANNOTATION_ASSIGNED
NPT802	MAPPED_IN_TARGET_TABLE	NPT802	EXACT_MATCH
NPT808	UNMAPPED_BUT_FOUND_IN_OTHER_CMAUP_FILE		OCCURRENCE_FOUND_OUTSIDE_TARGET_TABLE; NO_TARGET_ANNOTATION_ASSIGNED
NPT810	UNMAPPED_BUT_FOUND_IN_OTHER_CMAUP_FILE		OCCURRENCE_FOUND_OUTSIDE_TARGET_TABLE; NO_TARGET_ANNOTATION_ASSIGNED
NPT811	UNMAPPED_BUT_FOUND_IN_OTHER_CMAUP_FILE		OCCURRENCE_FOUND_OUTSIDE_TARGET_TABLE; NO_TARGET_ANNOTATION_ASSIGNED
NPT817	UNMAPPED_BUT_FOUND_IN_OTHER_CMAUP_FILE		OCCURRENCE_FOUND_OUTSIDE_TARGET_TABLE; NO_TARGET_ANNOTATION_ASSIGNED
NPT831	MAPPED_IN_TARGET_TABLE	NPT831	EXACT_MATCH
NPT832	UNMAPPED_BUT_FOUND_IN_OTHER_CMAUP_FILE		OCCURRENCE_FOUND_OUTSIDE_TARGET_TABLE; NO_TARGET_ANNOTATION_ASSIGNED
NPT833	MAPPED_IN_TARGET_TABLE	NPT833	EXACT_MATCH
NPT861	UNMAPPED_BUT_FOUND_IN_OTHER_CMAUP_FILE		OCCURRENCE_FOUND_OUTSIDE_TARGET_TABLE; NO_TARGET_ANNOTATION_ASSIGNED
NPT862	MAPPED_IN_TARGET_TABLE	NPT862	EXACT_MATCH
NPT864	MAPPED_IN_TARGET_TABLE	NPT864	EXACT_MATCH
NPT865	UNMAPPED_BUT_FOUND_IN_OTHER_CMAUP_FILE		OCCURRENCE_FOUND_OUTSIDE_TARGET_TABLE; NO_TARGET_ANNOTATION_ASSIGNED
NPT866	MAPPED_IN_TARGET_TABLE	NPT866	EXACT_MATCH
NPT867	MAPPED_IN_TARGET_TABLE	NPT867	EXACT_MATCH
NPT868	UNMAPPED_BUT_FOUND_IN_OTHER_CMAUP_FILE		OCCURRENCE_FOUND_OUTSIDE_TARGET_TABLE; NO_TARGET_ANNOTATION_ASSIGNED
NPT869	MAPPED_IN_TARGET_TABLE	NPT869	EXACT_MATCH
NPT870	UNMAPPED_BUT_FOUND_IN_OTHER_CMAUP_FILE		OCCURRENCE_FOUND_OUTSIDE_TARGET_TABLE; NO_TARGET_ANNOTATION_ASSIGNED
NPT874	UNMAPPED_BUT_FOUND_IN_OTHER_CMAUP_FILE		OCCURRENCE_FOUND_OUTSIDE_TARGET_TABLE; NO_TARGET_ANNOTATION_ASSIGNED
NPT876	UNMAPPED_BUT_FOUND_IN_OTHER_CMAUP_FILE		OCCURRENCE_FOUND_OUTSIDE_TARGET_TABLE; NO_TARGET_ANNOTATION_ASSIGNED
NPT880	MAPPED_IN_TARGET_TABLE	NPT880	EXACT_MATCH
NPT881	MAPPED_IN_TARGET_TABLE	NPT881	EXACT_MATCH
NPT887	MAPPED_IN_TARGET_TABLE	NPT887	EXACT_MATCH
NPT888	UNMAPPED_BUT_FOUND_IN_OTHER_CMAUP_FILE		OCCURRENCE_FOUND_OUTSIDE_TARGET_TABLE; NO_TARGET_ANNOTATION_ASSIGNED
NPT894	MAPPED_IN_TARGET_TABLE	NPT894	EXACT_MATCH
NPT895	MAPPED_IN_TARGET_TABLE	NPT895	EXACT_MATCH
NPT9	MAPPED_IN_TARGET_TABLE	NPT9	EXACT_MATCH
NPT901	MAPPED_IN_TARGET_TABLE	NPT901	EXACT_MATCH
NPT903	UNMAPPED_BUT_FOUND_IN_OTHER_CMAUP_FILE		OCCURRENCE_FOUND_OUTSIDE_TARGET_TABLE; NO_TARGET_ANNOTATION_ASSIGNED
NPT905	UNMAPPED_BUT_FOUND_IN_OTHER_CMAUP_FILE		OCCURRENCE_FOUND_OUTSIDE_TARGET_TABLE; NO_TARGET_ANNOTATION_ASSIGNED
NPT907	UNMAPPED_BUT_FOUND_IN_OTHER_CMAUP_FILE		OCCURRENCE_FOUND_OUTSIDE_TARGET_TABLE; NO_TARGET_ANNOTATION_ASSIGNED
NPT910	UNMAPPED_BUT_FOUND_IN_OTHER_CMAUP_FILE		OCCURRENCE_FOUND_OUTSIDE_TARGET_TABLE; NO_TARGET_ANNOTATION_ASSIGNED
NPT911	MAPPED_IN_TARGET_TABLE	NPT911	EXACT_MATCH
NPT912	MAPPED_IN_TARGET_TABLE	NPT912	EXACT_MATCH
NPT918	MAPPED_IN_TARGET_TABLE	NPT918	EXACT_MATCH
NPT92	MAPPED_IN_TARGET_TABLE	NPT92	EXACT_MATCH
NPT920	MAPPED_IN_TARGET_TABLE	NPT920	EXACT_MATCH
NPT93	MAPPED_IN_TARGET_TABLE	NPT93	EXACT_MATCH
NPT935	MAPPED_IN_TARGET_TABLE	NPT935	EXACT_MATCH
NPT94	MAPPED_IN_TARGET_TABLE	NPT94	EXACT_MATCH
NPT940	MAPPED_IN_TARGET_TABLE	NPT940	EXACT_MATCH
NPT942	MAPPED_IN_TARGET_TABLE	NPT942	EXACT_MATCH
NPT946	MAPPED_IN_TARGET_TABLE	NPT946	EXACT_MATCH
NPT947	MAPPED_IN_TARGET_TABLE	NPT947	EXACT_MATCH
NPT948	MAPPED_IN_TARGET_TABLE	NPT948	EXACT_MATCH
NPT949	MAPPED_IN_TARGET_TABLE	NPT949	EXACT_MATCH
NPT954	MAPPED_IN_TARGET_TABLE	NPT954	EXACT_MATCH
NPT955	MAPPED_IN_TARGET_TABLE	NPT955	EXACT_MATCH
NPT956	MAPPED_IN_TARGET_TABLE	NPT956	EXACT_MATCH
NPT958	MAPPED_IN_TARGET_TABLE	NPT958	EXACT_MATCH
NPT96	MAPPED_IN_TARGET_TABLE	NPT96	EXACT_MATCH
NPT967	MAPPED_IN_TARGET_TABLE	NPT967	EXACT_MATCH
NPT973	MAPPED_IN_TARGET_TABLE	NPT973	EXACT_MATCH
NPT974	MAPPED_IN_TARGET_TABLE	NPT974	EXACT_MATCH
NPT976	MAPPED_IN_TARGET_TABLE	NPT976	EXACT_MATCH
NPT979	MAPPED_IN_TARGET_TABLE	NPT979	EXACT_MATCH
NPT98	MAPPED_IN_TARGET_TABLE	NPT98	EXACT_MATCH
NPT980	MAPPED_IN_TARGET_TABLE	NPT980	EXACT_MATCH
NPT981	MAPPED_IN_TARGET_TABLE	NPT981	EXACT_MATCH
NPT982	MAPPED_IN_TARGET_TABLE	NPT982	EXACT_MATCH
NPT987	MAPPED_IN_TARGET_TABLE	NPT987	EXACT_MATCH
NPT988	MAPPED_IN_TARGET_TABLE	NPT988	EXACT_MATCH
NPT99	MAPPED_IN_TARGET_TABLE	NPT99	EXACT_MATCH
