Target_ID	Source_File	Occurrence_Count
NPT1006	CMAUPv2.0_download_Ingredient_Target_Associations_ActivityValues_References.txt	29
NPT1028	CMAUPv2.0_download_Ingredient_Target_Associations_ActivityValues_References.txt	23
NPT1029	CMAUPv2.0_download_Ingredient_Target_Associations_ActivityValues_References.txt	3
NPT1037	CMAUPv2.0_download_Ingredient_Target_Associations_ActivityValues_References.txt	11
NPT1057	CMAUPv2.0_download_Ingredient_Target_Associations_ActivityValues_References.txt	15
NPT107	CMAUPv2.0_download_Ingredient_Target_Associations_ActivityValues_References.txt	2
NPT1079	CMAUPv2.0_download_Ingredient_Target_Associations_ActivityValues_References.txt	29
NPT1080	CMAUPv2.0_download_Ingredient_Target_Associations_ActivityValues_References.txt	15
NPT1090	CMAUPv2.0_download_Ingredient_Target_Associations_ActivityValues_References.txt	10
NPT1098	CMAUPv2.0_download_Ingredient_Target_Associations_ActivityValues_References.txt	1
NPT1109	CMAUPv2.0_download_Ingredient_Target_Associations_ActivityValues_References.txt	1
NPT1111	CMAUPv2.0_download_Ingredient_Target_Associations_ActivityValues_References.txt	2
NPT1132	CMAUPv2.0_download_Ingredient_Target_Associations_ActivityValues_References.txt	2
NPT1133	CMAUPv2.0_download_Ingredient_Target_Associations_ActivityValues_References.txt	2
NPT1139	CMAUPv2.0_download_Ingredient_Target_Associations_ActivityValues_References.txt	3
NPT1157	CMAUPv2.0_download_Ingredient_Target_Associations_ActivityValues_References.txt	23
NPT1158	CMAUPv2.0_download_Ingredient_Target_Associations_ActivityValues_References.txt	19
NPT1186	CMAUPv2.0_download_Ingredient_Target_Associations_ActivityValues_References.txt	11
NPT1196	CMAUPv2.0_download_Ingredient_Target_Associations_ActivityValues_References.txt	11
NPT1211	CMAUPv2.0_download_Ingredient_Target_Associations_ActivityValues_References.txt	10
NPT1214	CMAUPv2.0_download_Ingredient_Target_Associations_ActivityValues_References.txt	32
NPT1224	CMAUPv2.0_download_Ingredient_Target_Associations_ActivityValues_References.txt	24
NPT1237	CMAUPv2.0_download_Ingredient_Target_Associations_ActivityValues_References.txt	15
NPT1249	CMAUPv2.0_download_Ingredient_Target_Associations_ActivityValues_References.txt	5
NPT1255	CMAUPv2.0_download_Ingredient_Target_Associations_ActivityValues_References.txt	4
NPT1256	CMAUPv2.0_download_Ingredient_Target_Associations_ActivityValues_References.txt	4
NPT1289	CMAUPv2.0_download_Ingredient_Target_Associations_ActivityValues_References.txt	3
NPT1291	CMAUPv2.0_download_Ingredient_Target_Associations_ActivityValues_References.txt	6
NPT1324	CMAUPv2.0_download_Ingredient_Target_Associations_ActivityValues_References.txt	1
NPT1338	CMAUPv2.0_download_Ingredient_Target_Associations_ActivityValues_References.txt	16
NPT1344	CMAUPv2.0_download_Ingredient_Target_Associations_ActivityValues_References.txt	1
NPT1375	CMAUPv2.0_download_Ingredient_Target_Associations_ActivityValues_References.txt	1
NPT1379	CMAUPv2.0_download_Ingredient_Target_Associations_ActivityValues_References.txt	1
NPT1385	CMAUPv2.0_download_Ingredient_Target_Associations_ActivityValues_References.txt	4
NPT1391	CMAUPv2.0_download_Ingredient_Target_Associations_ActivityValues_References.txt	2
NPT1463	CMAUPv2.0_download_Ingredient_Target_Associations_ActivityValues_References.txt	6
NPT1472	CMAUPv2.0_download_Ingredient_Target_Associations_ActivityValues_References.txt	6
NPT1495	CMAUPv2.0_download_Ingredient_Target_Associations_ActivityValues_References.txt	6
NPT1510	CMAUPv2.0_download_Ingredient_Target_Associations_ActivityValues_References.txt	2
NPT1517	CMAUPv2.0_download_Ingredient_Target_Associations_ActivityValues_References.txt	2
NPT1518	CMAUPv2.0_download_Ingredient_Target_Associations_ActivityValues_References.txt	10
NPT1519	CMAUPv2.0_download_Ingredient_Target_Associations_ActivityValues_References.txt	11
NPT1520	CMAUPv2.0_download_Ingredient_Target_Associations_ActivityValues_References.txt	10
NPT1529	CMAUPv2.0_download_Ingredient_Target_Associations_ActivityValues_References.txt	3
NPT1551	CMAUPv2.0_download_Ingredient_Target_Associations_ActivityValues_References.txt	10
NPT1557	CMAUPv2.0_download_Ingredient_Target_Associations_ActivityValues_References.txt	11
NPT156	CMAUPv2.0_download_Ingredient_Target_Associations_ActivityValues_References.txt	4
NPT1575	CMAUPv2.0_download_Ingredient_Target_Associations_ActivityValues_References.txt	2
NPT1583	CMAUPv2.0_download_Ingredient_Target_Associations_ActivityValues_References.txt	2
NPT1599	CMAUPv2.0_download_Ingredient_Target_Associations_ActivityValues_References.txt	1
NPT160	CMAUPv2.0_download_Ingredient_Target_Associations_ActivityValues_References.txt	2
NPT1600	CMAUPv2.0_download_Ingredient_Target_Associations_ActivityValues_References.txt	5
NPT161	CMAUPv2.0_download_Ingredient_Target_Associations_ActivityValues_References.txt	3
NPT1619	CMAUPv2.0_download_Ingredient_Target_Associations_ActivityValues_References.txt	5
NPT1620	CMAUPv2.0_download_Ingredient_Target_Associations_ActivityValues_References.txt	18
NPT1647	CMAUPv2.0_download_Ingredient_Target_Associations_ActivityValues_References.txt	10
NPT1654	CMAUPv2.0_download_Ingredient_Target_Associations_ActivityValues_References.txt	3
NPT1657	CMAUPv2.0_download_Ingredient_Target_Associations_ActivityValues_References.txt	2
NPT1670	CMAUPv2.0_download_Ingredient_Target_Associations_ActivityValues_References.txt	2
NPT1684	CMAUPv2.0_download_Ingredient_Target_Associations_ActivityValues_References.txt	2
NPT1685	CMAUPv2.0_download_Ingredient_Target_Associations_ActivityValues_References.txt	3
NPT1686	CMAUPv2.0_download_Ingredient_Target_Associations_ActivityValues_References.txt	3
NPT1720	CMAUPv2.0_download_Ingredient_Target_Associations_ActivityValues_References.txt	5
NPT1728	CMAUPv2.0_download_Ingredient_Target_Associations_ActivityValues_References.txt	2
NPT1729	CMAUPv2.0_download_Ingredient_Target_Associations_ActivityValues_References.txt	2
NPT1731	CMAUPv2.0_download_Ingredient_Target_Associations_ActivityValues_References.txt	3
NPT1746	CMAUPv2.0_download_Ingredient_Target_Associations_ActivityValues_References.txt	3
NPT1770	CMAUPv2.0_download_Ingredient_Target_Associations_ActivityValues_References.txt	1
NPT1834	CMAUPv2.0_download_Ingredient_Target_Associations_ActivityValues_References.txt	22
NPT1870	CMAUPv2.0_download_Ingredient_Target_Associations_ActivityValues_References.txt	6
NPT1871	CMAUPv2.0_download_Ingredient_Target_Associations_ActivityValues_References.txt	1
NPT205	CMAUPv2.0_download_Ingredient_Target_Associations_ActivityValues_References.txt	11
NPT206	CMAUPv2.0_download_Ingredient_Target_Associations_ActivityValues_References.txt	14
NPT2222	CMAUPv2.0_download_Ingredient_Target_Associations_ActivityValues_References.txt	2
NPT2230	CMAUPv2.0_download_Ingredient_Target_Associations_ActivityValues_References.txt	11
NPT2266	CMAUPv2.0_download_Ingredient_Target_Associations_ActivityValues_References.txt	20
NPT234	CMAUPv2.0_download_Ingredient_Target_Associations_ActivityValues_References.txt	2
NPT235	CMAUPv2.0_download_Ingredient_Target_Associations_ActivityValues_References.txt	4
NPT236	CMAUPv2.0_download_Ingredient_Target_Associations_ActivityValues_References.txt	2
NPT239	CMAUPv2.0_download_Ingredient_Target_Associations_ActivityValues_References.txt	2
NPT241	CMAUPv2.0_download_Ingredient_Target_Associations_ActivityValues_References.txt	6
NPT247	CMAUPv2.0_download_Ingredient_Target_Associations_ActivityValues_References.txt	2
NPT252	CMAUPv2.0_download_Ingredient_Target_Associations_ActivityValues_References.txt	19
NPT2542	CMAUPv2.0_download_Ingredient_Target_Associations_ActivityValues_References.txt	2
NPT2553	CMAUPv2.0_download_Ingredient_Target_Associations_ActivityValues_References.txt	3
NPT2556	CMAUPv2.0_download_Ingredient_Target_Associations_ActivityValues_References.txt	21
NPT2562	CMAUPv2.0_download_Ingredient_Target_Associations_ActivityValues_References.txt	20
NPT2570	CMAUPv2.0_download_Ingredient_Target_Associations_ActivityValues_References.txt	5
NPT2571	CMAUPv2.0_download_Ingredient_Target_Associations_ActivityValues_References.txt	1
NPT2584	CMAUPv2.0_download_Ingredient_Target_Associations_ActivityValues_References.txt	28
NPT259	CMAUPv2.0_download_Ingredient_Target_Associations_ActivityValues_References.txt	1
NPT2592	CMAUPv2.0_download_Ingredient_Target_Associations_ActivityValues_References.txt	5
NPT260	CMAUPv2.0_download_Ingredient_Target_Associations_ActivityValues_References.txt	2
NPT2601	CMAUPv2.0_download_Ingredient_Target_Associations_ActivityValues_References.txt	5
NPT2604	CMAUPv2.0_download_Ingredient_Target_Associations_ActivityValues_References.txt	2
NPT2608	CMAUPv2.0_download_Ingredient_Target_Associations_ActivityValues_References.txt	17
NPT2652	CMAUPv2.0_download_Ingredient_Target_Associations_ActivityValues_References.txt	2
NPT2653	CMAUPv2.0_download_Ingredient_Target_Associations_ActivityValues_References.txt	4
NPT2654	CMAUPv2.0_download_Ingredient_Target_Associations_ActivityValues_References.txt	2
NPT2662	CMAUPv2.0_download_Ingredient_Target_Associations_ActivityValues_References.txt	1
NPT2663	CMAUPv2.0_download_Ingredient_Target_Associations_ActivityValues_References.txt	1
NPT2670	CMAUPv2.0_download_Ingredient_Target_Associations_ActivityValues_References.txt	1
NPT2680	CMAUPv2.0_download_Ingredient_Target_Associations_ActivityValues_References.txt	12
NPT2683	CMAUPv2.0_download_Ingredient_Target_Associations_ActivityValues_References.txt	4
NPT2724	CMAUPv2.0_download_Ingredient_Target_Associations_ActivityValues_References.txt	6
NPT2725	CMAUPv2.0_download_Ingredient_Target_Associations_ActivityValues_References.txt	4
NPT2755	CMAUPv2.0_download_Ingredient_Target_Associations_ActivityValues_References.txt	8
NPT2757	CMAUPv2.0_download_Ingredient_Target_Associations_ActivityValues_References.txt	1
NPT2773	CMAUPv2.0_download_Ingredient_Target_Associations_ActivityValues_References.txt	2
NPT2777	CMAUPv2.0_download_Ingredient_Target_Associations_ActivityValues_References.txt	1
NPT278	CMAUPv2.0_download_Ingredient_Target_Associations_ActivityValues_References.txt	2
NPT279	CMAUPv2.0_download_Ingredient_Target_Associations_ActivityValues_References.txt	44
NPT2801	CMAUPv2.0_download_Ingredient_Target_Associations_ActivityValues_References.txt	10
NPT2807	CMAUPv2.0_download_Ingredient_Target_Associations_ActivityValues_References.txt	2
NPT2816	CMAUPv2.0_download_Ingredient_Target_Associations_ActivityValues_References.txt	7
NPT2824	CMAUPv2.0_download_Ingredient_Target_Associations_ActivityValues_References.txt	7
NPT287	CMAUPv2.0_download_Ingredient_Target_Associations_ActivityValues_References.txt	5
NPT2875	CMAUPv2.0_download_Ingredient_Target_Associations_ActivityValues_References.txt	6
NPT2876	CMAUPv2.0_download_Ingredient_Target_Associations_ActivityValues_References.txt	5
NPT2877	CMAUPv2.0_download_Ingredient_Target_Associations_ActivityValues_References.txt	5
NPT2878	CMAUPv2.0_download_Ingredient_Target_Associations_ActivityValues_References.txt	4
NPT2882	CMAUPv2.0_download_Ingredient_Target_Associations_ActivityValues_References.txt	5
NPT2883	CMAUPv2.0_download_Ingredient_Target_Associations_ActivityValues_References.txt	4
NPT2886	CMAUPv2.0_download_Ingredient_Target_Associations_ActivityValues_References.txt	1
NPT2889	CMAUPv2.0_download_Ingredient_Target_Associations_ActivityValues_References.txt	1
NPT2926	CMAUPv2.0_download_Ingredient_Target_Associations_ActivityValues_References.txt	10
NPT2927	CMAUPv2.0_download_Ingredient_Target_Associations_ActivityValues_References.txt	2
NPT2936	CMAUPv2.0_download_Ingredient_Target_Associations_ActivityValues_References.txt	1
NPT2968	CMAUPv2.0_download_Ingredient_Target_Associations_ActivityValues_References.txt	1
NPT2969	CMAUPv2.0_download_Ingredient_Target_Associations_ActivityValues_References.txt	2
NPT2970	CMAUPv2.0_download_Ingredient_Target_Associations_ActivityValues_References.txt	1
NPT298	CMAUPv2.0_download_Ingredient_Target_Associations_ActivityValues_References.txt	8
NPT3012	CMAUPv2.0_download_Ingredient_Target_Associations_ActivityValues_References.txt	1
NPT3017	CMAUPv2.0_download_Ingredient_Target_Associations_ActivityValues_References.txt	1
NPT3018	CMAUPv2.0_download_Ingredient_Target_Associations_ActivityValues_References.txt	1
NPT303	CMAUPv2.0_download_Ingredient_Target_Associations_ActivityValues_References.txt	1
NPT3047	CMAUPv2.0_download_Ingredient_Target_Associations_ActivityValues_References.txt	1
NPT3078	CMAUPv2.0_download_Ingredient_Target_Associations_ActivityValues_References.txt	2
NPT3116	CMAUPv2.0_download_Ingredient_Target_Associations_ActivityValues_References.txt	3
NPT3117	CMAUPv2.0_download_Ingredient_Target_Associations_ActivityValues_References.txt	1
NPT3133	CMAUPv2.0_download_Ingredient_Target_Associations_ActivityValues_References.txt	3
NPT3166	CMAUPv2.0_download_Ingredient_Target_Associations_ActivityValues_References.txt	2
NPT3172	CMAUPv2.0_download_Ingredient_Target_Associations_ActivityValues_References.txt	3
NPT3178	CMAUPv2.0_download_Ingredient_Target_Associations_ActivityValues_References.txt	1
NPT3193	CMAUPv2.0_download_Ingredient_Target_Associations_ActivityValues_References.txt	1
NPT3194	CMAUPv2.0_download_Ingredient_Target_Associations_ActivityValues_References.txt	1
NPT3238	CMAUPv2.0_download_Ingredient_Target_Associations_ActivityValues_References.txt	2
NPT3265	CMAUPv2.0_download_Ingredient_Target_Associations_ActivityValues_References.txt	2
NPT3284	CMAUPv2.0_download_Ingredient_Target_Associations_ActivityValues_References.txt	1
NPT3293	CMAUPv2.0_download_Ingredient_Target_Associations_ActivityValues_References.txt	1
NPT3313	CMAUPv2.0_download_Ingredient_Target_Associations_ActivityValues_References.txt	1
NPT3314	CMAUPv2.0_download_Ingredient_Target_Associations_ActivityValues_References.txt	2
NPT3350	CMAUPv2.0_download_Ingredient_Target_Associations_ActivityValues_References.txt	2
NPT3353	CMAUPv2.0_download_Ingredient_Target_Associations_ActivityValues_References.txt	1
NPT3359	CMAUPv2.0_download_Ingredient_Target_Associations_ActivityValues_References.txt	2
NPT3362	CMAUPv2.0_download_Ingredient_Target_Associations_ActivityValues_References.txt	4
NPT3371	CMAUPv2.0_download_Ingredient_Target_Associations_ActivityValues_References.txt	1
NPT3384	CMAUPv2.0_download_Ingredient_Target_Associations_ActivityValues_References.txt	1
NPT3391	CMAUPv2.0_download_Ingredient_Target_Associations_ActivityValues_References.txt	2
NPT3392	CMAUPv2.0_download_Ingredient_Target_Associations_ActivityValues_References.txt	4
NPT3419	CMAUPv2.0_download_Ingredient_Target_Associations_ActivityValues_References.txt	2
NPT3458	CMAUPv2.0_download_Ingredient_Target_Associations_ActivityValues_References.txt	1
NPT3459	CMAUPv2.0_download_Ingredient_Target_Associations_ActivityValues_References.txt	3
NPT3461	CMAUPv2.0_download_Ingredient_Target_Associations_ActivityValues_References.txt	2
NPT3505	CMAUPv2.0_download_Ingredient_Target_Associations_ActivityValues_References.txt	9
NPT3506	CMAUPv2.0_download_Ingredient_Target_Associations_ActivityValues_References.txt	6
NPT3507	CMAUPv2.0_download_Ingredient_Target_Associations_ActivityValues_References.txt	19
NPT3568	CMAUPv2.0_download_Ingredient_Target_Associations_ActivityValues_References.txt	1
NPT3580	CMAUPv2.0_download_Ingredient_Target_Associations_ActivityValues_References.txt	1
NPT3583	CMAUPv2.0_download_Ingredient_Target_Associations_ActivityValues_References.txt	2
NPT3585	CMAUPv2.0_download_Ingredient_Target_Associations_ActivityValues_References.txt	1
NPT3720	CMAUPv2.0_download_Ingredient_Target_Associations_ActivityValues_References.txt	2
NPT3727	CMAUPv2.0_download_Ingredient_Target_Associations_ActivityValues_References.txt	1
NPT3731	CMAUPv2.0_download_Ingredient_Target_Associations_ActivityValues_References.txt	5
NPT3732	CMAUPv2.0_download_Ingredient_Target_Associations_ActivityValues_References.txt	3
NPT3735	CMAUPv2.0_download_Ingredient_Target_Associations_ActivityValues_References.txt	1
NPT3757	CMAUPv2.0_download_Ingredient_Target_Associations_ActivityValues_References.txt	8
NPT3758	CMAUPv2.0_download_Ingredient_Target_Associations_ActivityValues_References.txt	7
NPT3783	CMAUPv2.0_download_Ingredient_Target_Associations_ActivityValues_References.txt	5
NPT3797	CMAUPv2.0_download_Ingredient_Target_Associations_ActivityValues_References.txt	2
NPT3803	CMAUPv2.0_download_Ingredient_Target_Associations_ActivityValues_References.txt	1
NPT3827	CMAUPv2.0_download_Ingredient_Target_Associations_ActivityValues_References.txt	1
NPT3835	CMAUPv2.0_download_Ingredient_Target_Associations_ActivityValues_References.txt	2
NPT3839	CMAUPv2.0_download_Ingredient_Target_Associations_ActivityValues_References.txt	6
NPT3840	CMAUPv2.0_download_Ingredient_Target_Associations_ActivityValues_References.txt	1
NPT3896	CMAUPv2.0_download_Ingredient_Target_Associations_ActivityValues_References.txt	3
NPT3898	CMAUPv2.0_download_Ingredient_Target_Associations_ActivityValues_References.txt	1
NPT3899	CMAUPv2.0_download_Ingredient_Target_Associations_ActivityValues_References.txt	1
NPT3903	CMAUPv2.0_download_Ingredient_Target_Associations_ActivityValues_References.txt	1
NPT3910	CMAUPv2.0_download_Ingredient_Target_Associations_ActivityValues_References.txt	1
NPT3914	CMAUPv2.0_download_Ingredient_Target_Associations_ActivityValues_References.txt	1
NPT3938	CMAUPv2.0_download_Ingredient_Target_Associations_ActivityValues_References.txt	4
NPT3962	CMAUPv2.0_download_Ingredient_Target_Associations_ActivityValues_References.txt	1
NPT3971	CMAUPv2.0_download_Ingredient_Target_Associations_ActivityValues_References.txt	4
NPT3973	CMAUPv2.0_download_Ingredient_Target_Associations_ActivityValues_References.txt	2
NPT3997	CMAUPv2.0_download_Ingredient_Target_Associations_ActivityValues_References.txt	5
NPT4001	CMAUPv2.0_download_Ingredient_Target_Associations_ActivityValues_References.txt	5
NPT4015	CMAUPv2.0_download_Ingredient_Target_Associations_ActivityValues_References.txt	5
NPT4016	CMAUPv2.0_download_Ingredient_Target_Associations_ActivityValues_References.txt	2
NPT4030	CMAUPv2.0_download_Ingredient_Target_Associations_ActivityValues_References.txt	4
NPT4031	CMAUPv2.0_download_Ingredient_Target_Associations_ActivityValues_References.txt	2
NPT4034	CMAUPv2.0_download_Ingredient_Target_Associations_ActivityValues_References.txt	8
NPT4059	CMAUPv2.0_download_Ingredient_Target_Associations_ActivityValues_References.txt	41
NPT4096	CMAUPv2.0_download_Ingredient_Target_Associations_ActivityValues_References.txt	2
NPT4104	CMAUPv2.0_download_Ingredient_Target_Associations_ActivityValues_References.txt	1
NPT4106	CMAUPv2.0_download_Ingredient_Target_Associations_ActivityValues_References.txt	1
NPT4109	CMAUPv2.0_download_Ingredient_Target_Associations_ActivityValues_References.txt	1
NPT4115	CMAUPv2.0_download_Ingredient_Target_Associations_ActivityValues_References.txt	1
NPT4119	CMAUPv2.0_download_Ingredient_Target_Associations_ActivityValues_References.txt	3
NPT4147	CMAUPv2.0_download_Ingredient_Target_Associations_ActivityValues_References.txt	1
NPT4161	CMAUPv2.0_download_Ingredient_Target_Associations_ActivityValues_References.txt	2
NPT4163	CMAUPv2.0_download_Ingredient_Target_Associations_ActivityValues_References.txt	5
NPT4175	CMAUPv2.0_download_Ingredient_Target_Associations_ActivityValues_References.txt	1
NPT42	CMAUPv2.0_download_Ingredient_Target_Associations_ActivityValues_References.txt	5
NPT4218	CMAUPv2.0_download_Ingredient_Target_Associations_ActivityValues_References.txt	4
NPT4245	CMAUPv2.0_download_Ingredient_Target_Associations_ActivityValues_References.txt	6
NPT4248	CMAUPv2.0_download_Ingredient_Target_Associations_ActivityValues_References.txt	6
NPT4252	CMAUPv2.0_download_Ingredient_Target_Associations_ActivityValues_References.txt	4
NPT4309	CMAUPv2.0_download_Ingredient_Target_Associations_ActivityValues_References.txt	6
NPT4324	CMAUPv2.0_download_Ingredient_Target_Associations_ActivityValues_References.txt	6
NPT4342	CMAUPv2.0_download_Ingredient_Target_Associations_ActivityValues_References.txt	1
NPT4355	CMAUPv2.0_download_Ingredient_Target_Associations_ActivityValues_References.txt	2
NPT4380	CMAUPv2.0_download_Ingredient_Target_Associations_ActivityValues_References.txt	1
NPT4418	CMAUPv2.0_download_Ingredient_Target_Associations_ActivityValues_References.txt	3
NPT443	CMAUPv2.0_download_Ingredient_Target_Associations_ActivityValues_References.txt	2
NPT4441	CMAUPv2.0_download_Ingredient_Target_Associations_ActivityValues_References.txt	2
NPT4445	CMAUPv2.0_download_Ingredient_Target_Associations_ActivityValues_References.txt	1
NPT4447	CMAUPv2.0_download_Ingredient_Target_Associations_ActivityValues_References.txt	1
NPT4449	CMAUPv2.0_download_Ingredient_Target_Associations_ActivityValues_References.txt	2
NPT4505	CMAUPv2.0_download_Ingredient_Target_Associations_ActivityValues_References.txt	1
NPT4506	CMAUPv2.0_download_Ingredient_Target_Associations_ActivityValues_References.txt	3
NPT4542	CMAUPv2.0_download_Ingredient_Target_Associations_ActivityValues_References.txt	7
NPT4545	CMAUPv2.0_download_Ingredient_Target_Associations_ActivityValues_References.txt	1
NPT4546	CMAUPv2.0_download_Ingredient_Target_Associations_ActivityValues_References.txt	2
NPT4562	CMAUPv2.0_download_Ingredient_Target_Associations_ActivityValues_References.txt	9
NPT4563	CMAUPv2.0_download_Ingredient_Target_Associations_ActivityValues_References.txt	20
NPT4565	CMAUPv2.0_download_Ingredient_Target_Associations_ActivityValues_References.txt	11
NPT4566	CMAUPv2.0_download_Ingredient_Target_Associations_ActivityValues_References.txt	4
NPT4576	CMAUPv2.0_download_Ingredient_Target_Associations_ActivityValues_References.txt	3
NPT4581	CMAUPv2.0_download_Ingredient_Target_Associations_ActivityValues_References.txt	10
NPT4582	CMAUPv2.0_download_Ingredient_Target_Associations_ActivityValues_References.txt	3
NPT4627	CMAUPv2.0_download_Ingredient_Target_Associations_ActivityValues_References.txt	1
NPT4674	CMAUPv2.0_download_Ingredient_Target_Associations_ActivityValues_References.txt	5
NPT4675	CMAUPv2.0_download_Ingredient_Target_Associations_ActivityValues_References.txt	4
NPT4684	CMAUPv2.0_download_Ingredient_Target_Associations_ActivityValues_References.txt	2
NPT4698	CMAUPv2.0_download_Ingredient_Target_Associations_ActivityValues_References.txt	3
NPT4699	CMAUPv2.0_download_Ingredient_Target_Associations_ActivityValues_References.txt	2
NPT4717	CMAUPv2.0_download_Ingredient_Target_Associations_ActivityValues_References.txt	7
NPT4734	CMAUPv2.0_download_Ingredient_Target_Associations_ActivityValues_References.txt	2
NPT477	CMAUPv2.0_download_Ingredient_Target_Associations_ActivityValues_References.txt	1
NPT4786	CMAUPv2.0_download_Ingredient_Target_Associations_ActivityValues_References.txt	1
NPT4787	CMAUPv2.0_download_Ingredient_Target_Associations_ActivityValues_References.txt	1
NPT4886	CMAUPv2.0_download_Ingredient_Target_Associations_ActivityValues_References.txt	1
NPT4897	CMAUPv2.0_download_Ingredient_Target_Associations_ActivityValues_References.txt	4
NPT4904	CMAUPv2.0_download_Ingredient_Target_Associations_ActivityValues_References.txt	1
NPT4918	CMAUPv2.0_download_Ingredient_Target_Associations_ActivityValues_References.txt	1
NPT4920	CMAUPv2.0_download_Ingredient_Target_Associations_ActivityValues_References.txt	1
NPT4961	CMAUPv2.0_download_Ingredient_Target_Associations_ActivityValues_References.txt	1
NPT498	CMAUPv2.0_download_Ingredient_Target_Associations_ActivityValues_References.txt	3
NPT499	CMAUPv2.0_download_Ingredient_Target_Associations_ActivityValues_References.txt	6
NPT501	CMAUPv2.0_download_Ingredient_Target_Associations_ActivityValues_References.txt	51
NPT5011	CMAUPv2.0_download_Ingredient_Target_Associations_ActivityValues_References.txt	1
NPT5013	CMAUPv2.0_download_Ingredient_Target_Associations_ActivityValues_References.txt	1
NPT5015	CMAUPv2.0_download_Ingredient_Target_Associations_ActivityValues_References.txt	1
NPT502	CMAUPv2.0_download_Ingredient_Target_Associations_ActivityValues_References.txt	2
NPT5033	CMAUPv2.0_download_Ingredient_Target_Associations_ActivityValues_References.txt	2
NPT5047	CMAUPv2.0_download_Ingredient_Target_Associations_ActivityValues_References.txt	1
NPT505	CMAUPv2.0_download_Ingredient_Target_Associations_ActivityValues_References.txt	1
NPT5051	CMAUPv2.0_download_Ingredient_Target_Associations_ActivityValues_References.txt	1
NPT5052	CMAUPv2.0_download_Ingredient_Target_Associations_ActivityValues_References.txt	2
NPT5071	CMAUPv2.0_download_Ingredient_Target_Associations_ActivityValues_References.txt	1
NPT5075	CMAUPv2.0_download_Ingredient_Target_Associations_ActivityValues_References.txt	1
NPT5079	CMAUPv2.0_download_Ingredient_Target_Associations_ActivityValues_References.txt	2
NPT5080	CMAUPv2.0_download_Ingredient_Target_Associations_ActivityValues_References.txt	2
NPT5085	CMAUPv2.0_download_Ingredient_Target_Associations_ActivityValues_References.txt	2
NPT510	CMAUPv2.0_download_Ingredient_Target_Associations_ActivityValues_References.txt	1
NPT5100	CMAUPv2.0_download_Ingredient_Target_Associations_ActivityValues_References.txt	4
NPT5105	CMAUPv2.0_download_Ingredient_Target_Associations_ActivityValues_References.txt	2
NPT511	CMAUPv2.0_download_Ingredient_Target_Associations_ActivityValues_References.txt	4
NPT512	CMAUPv2.0_download_Ingredient_Target_Associations_ActivityValues_References.txt	1
NPT513	CMAUPv2.0_download_Ingredient_Target_Associations_ActivityValues_References.txt	10
NPT5136	CMAUPv2.0_download_Ingredient_Target_Associations_ActivityValues_References.txt	4
NPT514	CMAUPv2.0_download_Ingredient_Target_Associations_ActivityValues_References.txt	7
NPT5155	CMAUPv2.0_download_Ingredient_Target_Associations_ActivityValues_References.txt	2
NPT5212	CMAUPv2.0_download_Ingredient_Target_Associations_ActivityValues_References.txt	2
NPT5220	CMAUPv2.0_download_Ingredient_Target_Associations_ActivityValues_References.txt	2
NPT5232	CMAUPv2.0_download_Ingredient_Target_Associations_ActivityValues_References.txt	2
NPT5234	CMAUPv2.0_download_Ingredient_Target_Associations_ActivityValues_References.txt	5
NPT5236	CMAUPv2.0_download_Ingredient_Target_Associations_ActivityValues_References.txt	2
NPT5259	CMAUPv2.0_download_Ingredient_Target_Associations_ActivityValues_References.txt	14
NPT5270	CMAUPv2.0_download_Ingredient_Target_Associations_ActivityValues_References.txt	3
NPT5282	CMAUPv2.0_download_Ingredient_Target_Associations_ActivityValues_References.txt	1
NPT5284	CMAUPv2.0_download_Ingredient_Target_Associations_ActivityValues_References.txt	1
NPT532	CMAUPv2.0_download_Ingredient_Target_Associations_ActivityValues_References.txt	3
NPT5374	CMAUPv2.0_download_Ingredient_Target_Associations_ActivityValues_References.txt	2
NPT5386	CMAUPv2.0_download_Ingredient_Target_Associations_ActivityValues_References.txt	2
NPT5403	CMAUPv2.0_download_Ingredient_Target_Associations_ActivityValues_References.txt	3
NPT5406	CMAUPv2.0_download_Ingredient_Target_Associations_ActivityValues_References.txt	3
NPT545	CMAUPv2.0_download_Ingredient_Target_Associations_ActivityValues_References.txt	5
NPT5454	CMAUPv2.0_download_Ingredient_Target_Associations_ActivityValues_References.txt	1
NPT5457	CMAUPv2.0_download_Ingredient_Target_Associations_ActivityValues_References.txt	1
NPT5458	CMAUPv2.0_download_Ingredient_Target_Associations_ActivityValues_References.txt	1
NPT5459	CMAUPv2.0_download_Ingredient_Target_Associations_ActivityValues_References.txt	1
NPT5463	CMAUPv2.0_download_Ingredient_Target_Associations_ActivityValues_References.txt	3
NPT5467	CMAUPv2.0_download_Ingredient_Target_Associations_ActivityValues_References.txt	3
NPT5472	CMAUPv2.0_download_Ingredient_Target_Associations_ActivityValues_References.txt	1
NPT5559	CMAUPv2.0_download_Ingredient_Target_Associations_ActivityValues_References.txt	2
NPT5640	CMAUPv2.0_download_Ingredient_Target_Associations_ActivityValues_References.txt	1
NPT5646	CMAUPv2.0_download_Ingredient_Target_Associations_ActivityValues_References.txt	4
NPT5655	CMAUPv2.0_download_Ingredient_Target_Associations_ActivityValues_References.txt	1
NPT5689	CMAUPv2.0_download_Ingredient_Target_Associations_ActivityValues_References.txt	1
NPT569	CMAUPv2.0_download_Ingredient_Target_Associations_ActivityValues_References.txt	2
NPT5690	CMAUPv2.0_download_Ingredient_Target_Associations_ActivityValues_References.txt	1
NPT5691	CMAUPv2.0_download_Ingredient_Target_Associations_ActivityValues_References.txt	1
NPT5718	CMAUPv2.0_download_Ingredient_Target_Associations_ActivityValues_References.txt	2
NPT5731	CMAUPv2.0_download_Ingredient_Target_Associations_ActivityValues_References.txt	2
NPT5790	CMAUPv2.0_download_Ingredient_Target_Associations_ActivityValues_References.txt	1
NPT5802	CMAUPv2.0_download_Ingredient_Target_Associations_ActivityValues_References.txt	4
NPT5825	CMAUPv2.0_download_Ingredient_Target_Associations_ActivityValues_References.txt	4
NPT5830	CMAUPv2.0_download_Ingredient_Target_Associations_ActivityValues_References.txt	1
NPT584	CMAUPv2.0_download_Ingredient_Target_Associations_ActivityValues_References.txt	7
NPT5847	CMAUPv2.0_download_Ingredient_Target_Associations_ActivityValues_References.txt	5
NPT5849	CMAUPv2.0_download_Ingredient_Target_Associations_ActivityValues_References.txt	1
NPT585	CMAUPv2.0_download_Ingredient_Target_Associations_ActivityValues_References.txt	3
NPT5859	CMAUPv2.0_download_Ingredient_Target_Associations_ActivityValues_References.txt	2
NPT5871	CMAUPv2.0_download_Ingredient_Target_Associations_ActivityValues_References.txt	1
NPT5876	CMAUPv2.0_download_Ingredient_Target_Associations_ActivityValues_References.txt	1
NPT5879	CMAUPv2.0_download_Ingredient_Target_Associations_ActivityValues_References.txt	1
NPT5891	CMAUPv2.0_download_Ingredient_Target_Associations_ActivityValues_References.txt	3
NPT5983	CMAUPv2.0_download_Ingredient_Target_Associations_ActivityValues_References.txt	12
NPT601	CMAUPv2.0_download_Ingredient_Target_Associations_ActivityValues_References.txt	16
NPT604	CMAUPv2.0_download_Ingredient_Target_Associations_ActivityValues_References.txt	5
NPT6069	CMAUPv2.0_download_Ingredient_Target_Associations_ActivityValues_References.txt	1
NPT607	CMAUPv2.0_download_Ingredient_Target_Associations_ActivityValues_References.txt	4
NPT6080	CMAUPv2.0_download_Ingredient_Target_Associations_ActivityValues_References.txt	2
NPT6098	CMAUPv2.0_download_Ingredient_Target_Associations_ActivityValues_References.txt	1
NPT61	CMAUPv2.0_download_Ingredient_Target_Associations_ActivityValues_References.txt	25
NPT6105	CMAUPv2.0_download_Ingredient_Target_Associations_ActivityValues_References.txt	1
NPT612	CMAUPv2.0_download_Ingredient_Target_Associations_ActivityValues_References.txt	18
NPT6186	CMAUPv2.0_download_Ingredient_Target_Associations_ActivityValues_References.txt	1
NPT620	CMAUPv2.0_download_Ingredient_Target_Associations_ActivityValues_References.txt	2
NPT6213	CMAUPv2.0_download_Ingredient_Target_Associations_ActivityValues_References.txt	1
NPT6230	CMAUPv2.0_download_Ingredient_Target_Associations_ActivityValues_References.txt	2
NPT6245	CMAUPv2.0_download_Ingredient_Target_Associations_ActivityValues_References.txt	1
NPT6255	CMAUPv2.0_download_Ingredient_Target_Associations_ActivityValues_References.txt	2
NPT63	CMAUPv2.0_download_Ingredient_Target_Associations_ActivityValues_References.txt	1
NPT6365	CMAUPv2.0_download_Ingredient_Target_Associations_ActivityValues_References.txt	1
NPT6402	CMAUPv2.0_download_Ingredient_Target_Associations_ActivityValues_References.txt	3
NPT644	CMAUPv2.0_download_Ingredient_Target_Associations_ActivityValues_References.txt	4
NPT6441	CMAUPv2.0_download_Ingredient_Target_Associations_ActivityValues_References.txt	1
NPT646	CMAUPv2.0_download_Ingredient_Target_Associations_ActivityValues_References.txt	8
NPT647	CMAUPv2.0_download_Ingredient_Target_Associations_ActivityValues_References.txt	5
NPT6527	CMAUPv2.0_download_Ingredient_Target_Associations_ActivityValues_References.txt	1
NPT6540	CMAUPv2.0_download_Ingredient_Target_Associations_ActivityValues_References.txt	1
NPT6574	CMAUPv2.0_download_Ingredient_Target_Associations_ActivityValues_References.txt	1
NPT6588	CMAUPv2.0_download_Ingredient_Target_Associations_ActivityValues_References.txt	1
NPT669	CMAUPv2.0_download_Ingredient_Target_Associations_ActivityValues_References.txt	22
NPT674	CMAUPv2.0_download_Ingredient_Target_Associations_ActivityValues_References.txt	6
NPT675	CMAUPv2.0_download_Ingredient_Target_Associations_ActivityValues_References.txt	5
NPT695	CMAUPv2.0_download_Ingredient_Target_Associations_ActivityValues_References.txt	2
NPT697	CMAUPv2.0_download_Ingredient_Target_Associations_ActivityValues_References.txt	12
NPT699	CMAUPv2.0_download_Ingredient_Target_Associations_ActivityValues_References.txt	4
NPT702	CMAUPv2.0_download_Ingredient_Target_Associations_ActivityValues_References.txt	2
NPT703	CMAUPv2.0_download_Ingredient_Target_Associations_ActivityValues_References.txt	3
NPT707	CMAUPv2.0_download_Ingredient_Target_Associations_ActivityValues_References.txt	9
NPT748	CMAUPv2.0_download_Ingredient_Target_Associations_ActivityValues_References.txt	5
NPT754	CMAUPv2.0_download_Ingredient_Target_Associations_ActivityValues_References.txt	2
NPT798	CMAUPv2.0_download_Ingredient_Target_Associations_ActivityValues_References.txt	8
NPT801	CMAUPv2.0_download_Ingredient_Target_Associations_ActivityValues_References.txt	15
NPT808	CMAUPv2.0_download_Ingredient_Target_Associations_ActivityValues_References.txt	8
NPT810	CMAUPv2.0_download_Ingredient_Target_Associations_ActivityValues_References.txt	10
NPT811	CMAUPv2.0_download_Ingredient_Target_Associations_ActivityValues_References.txt	57
NPT817	CMAUPv2.0_download_Ingredient_Target_Associations_ActivityValues_References.txt	3
NPT832	CMAUPv2.0_download_Ingredient_Target_Associations_ActivityValues_References.txt	3
NPT861	CMAUPv2.0_download_Ingredient_Target_Associations_ActivityValues_References.txt	7
NPT865	CMAUPv2.0_download_Ingredient_Target_Associations_ActivityValues_References.txt	27
NPT868	CMAUPv2.0_download_Ingredient_Target_Associations_ActivityValues_References.txt	2
NPT870	CMAUPv2.0_download_Ingredient_Target_Associations_ActivityValues_References.txt	11
NPT874	CMAUPv2.0_download_Ingredient_Target_Associations_ActivityValues_References.txt	1
NPT876	CMAUPv2.0_download_Ingredient_Target_Associations_ActivityValues_References.txt	5
NPT888	CMAUPv2.0_download_Ingredient_Target_Associations_ActivityValues_References.txt	2
NPT903	CMAUPv2.0_download_Ingredient_Target_Associations_ActivityValues_References.txt	3
NPT905	CMAUPv2.0_download_Ingredient_Target_Associations_ActivityValues_References.txt	3
NPT907	CMAUPv2.0_download_Ingredient_Target_Associations_ActivityValues_References.txt	4
NPT910	CMAUPv2.0_download_Ingredient_Target_Associations_ActivityValues_References.txt	3
