Target_ID	Length	Has_Letters	Has_Digits	Has_Separator	Identifier_Pattern
NPT1006	7	1	1	0	ALPHANUMERIC
NPT1028	7	1	1	0	ALPHANUMERIC
NPT1029	7	1	1	0	ALPHANUMERIC
NPT1037	7	1	1	0	ALPHANUMERIC
NPT1057	7	1	1	0	ALPHANUMERIC
NPT107	6	1	1	0	ALPHANUMERIC
NPT1079	7	1	1	0	ALPHANUMERIC
NPT1080	7	1	1	0	ALPHANUMERIC
NPT1090	7	1	1	0	ALPHANUMERIC
NPT1098	7	1	1	0	ALPHANUMERIC
NPT1109	7	1	1	0	ALPHANUMERIC
NPT1111	7	1	1	0	ALPHANUMERIC
NPT1132	7	1	1	0	ALPHANUMERIC
NPT1133	7	1	1	0	ALPHANUMERIC
NPT1139	7	1	1	0	ALPHANUMERIC
NPT1157	7	1	1	0	ALPHANUMERIC
NPT1158	7	1	1	0	ALPHANUMERIC
NPT1186	7	1	1	0	ALPHANUMERIC
NPT1196	7	1	1	0	ALPHANUMERIC
NPT1211	7	1	1	0	ALPHANUMERIC
NPT1214	7	1	1	0	ALPHANUMERIC
NPT1224	7	1	1	0	ALPHANUMERIC
NPT1237	7	1	1	0	ALPHANUMERIC
NPT1249	7	1	1	0	ALPHANUMERIC
NPT1255	7	1	1	0	ALPHANUMERIC
NPT1256	7	1	1	0	ALPHANUMERIC
NPT1289	7	1	1	0	ALPHANUMERIC
NPT1291	7	1	1	0	ALPHANUMERIC
NPT1324	7	1	1	0	ALPHANUMERIC
NPT1338	7	1	1	0	ALPHANUMERIC
NPT1344	7	1	1	0	ALPHANUMERIC
NPT1375	7	1	1	0	ALPHANUMERIC
NPT1379	7	1	1	0	ALPHANUMERIC
NPT1385	7	1	1	0	ALPHANUMERIC
NPT1391	7	1	1	0	ALPHANUMERIC
NPT1463	7	1	1	0	ALPHANUMERIC
NPT1472	7	1	1	0	ALPHANUMERIC
NPT1495	7	1	1	0	ALPHANUMERIC
NPT1510	7	1	1	0	ALPHANUMERIC
NPT1517	7	1	1	0	ALPHANUMERIC
NPT1518	7	1	1	0	ALPHANUMERIC
NPT1519	7	1	1	0	ALPHANUMERIC
NPT1520	7	1	1	0	ALPHANUMERIC
NPT1529	7	1	1	0	ALPHANUMERIC
NPT1551	7	1	1	0	ALPHANUMERIC
NPT1557	7	1	1	0	ALPHANUMERIC
NPT156	6	1	1	0	ALPHANUMERIC
NPT1575	7	1	1	0	ALPHANUMERIC
NPT1583	7	1	1	0	ALPHANUMERIC
NPT1599	7	1	1	0	ALPHANUMERIC
NPT160	6	1	1	0	ALPHANUMERIC
NPT1600	7	1	1	0	ALPHANUMERIC
NPT161	6	1	1	0	ALPHANUMERIC
NPT1619	7	1	1	0	ALPHANUMERIC
NPT1620	7	1	1	0	ALPHANUMERIC
NPT1647	7	1	1	0	ALPHANUMERIC
NPT1654	7	1	1	0	ALPHANUMERIC
NPT1657	7	1	1	0	ALPHANUMERIC
NPT1670	7	1	1	0	ALPHANUMERIC
NPT1684	7	1	1	0	ALPHANUMERIC
NPT1685	7	1	1	0	ALPHANUMERIC
NPT1686	7	1	1	0	ALPHANUMERIC
NPT1720	7	1	1	0	ALPHANUMERIC
NPT1728	7	1	1	0	ALPHANUMERIC
NPT1729	7	1	1	0	ALPHANUMERIC
NPT1731	7	1	1	0	ALPHANUMERIC
NPT1746	7	1	1	0	ALPHANUMERIC
NPT1770	7	1	1	0	ALPHANUMERIC
NPT1834	7	1	1	0	ALPHANUMERIC
NPT1870	7	1	1	0	ALPHANUMERIC
NPT1871	7	1	1	0	ALPHANUMERIC
NPT205	6	1	1	0	ALPHANUMERIC
NPT206	6	1	1	0	ALPHANUMERIC
NPT2222	7	1	1	0	ALPHANUMERIC
NPT2230	7	1	1	0	ALPHANUMERIC
NPT2266	7	1	1	0	ALPHANUMERIC
NPT234	6	1	1	0	ALPHANUMERIC
NPT235	6	1	1	0	ALPHANUMERIC
NPT236	6	1	1	0	ALPHANUMERIC
NPT239	6	1	1	0	ALPHANUMERIC
NPT241	6	1	1	0	ALPHANUMERIC
NPT247	6	1	1	0	ALPHANUMERIC
NPT252	6	1	1	0	ALPHANUMERIC
NPT2542	7	1	1	0	ALPHANUMERIC
NPT2553	7	1	1	0	ALPHANUMERIC
NPT2556	7	1	1	0	ALPHANUMERIC
NPT2562	7	1	1	0	ALPHANUMERIC
NPT2570	7	1	1	0	ALPHANUMERIC
NPT2571	7	1	1	0	ALPHANUMERIC
NPT2584	7	1	1	0	ALPHANUMERIC
NPT259	6	1	1	0	ALPHANUMERIC
NPT2592	7	1	1	0	ALPHANUMERIC
NPT260	6	1	1	0	ALPHANUMERIC
NPT2601	7	1	1	0	ALPHANUMERIC
NPT2604	7	1	1	0	ALPHANUMERIC
NPT2608	7	1	1	0	ALPHANUMERIC
NPT2652	7	1	1	0	ALPHANUMERIC
NPT2653	7	1	1	0	ALPHANUMERIC
NPT2654	7	1	1	0	ALPHANUMERIC
NPT2662	7	1	1	0	ALPHANUMERIC
NPT2663	7	1	1	0	ALPHANUMERIC
NPT2670	7	1	1	0	ALPHANUMERIC
NPT2680	7	1	1	0	ALPHANUMERIC
NPT2683	7	1	1	0	ALPHANUMERIC
NPT2724	7	1	1	0	ALPHANUMERIC
NPT2725	7	1	1	0	ALPHANUMERIC
NPT2755	7	1	1	0	ALPHANUMERIC
NPT2757	7	1	1	0	ALPHANUMERIC
NPT2773	7	1	1	0	ALPHANUMERIC
NPT2777	7	1	1	0	ALPHANUMERIC
NPT278	6	1	1	0	ALPHANUMERIC
NPT279	6	1	1	0	ALPHANUMERIC
NPT2801	7	1	1	0	ALPHANUMERIC
NPT2807	7	1	1	0	ALPHANUMERIC
NPT2816	7	1	1	0	ALPHANUMERIC
NPT2824	7	1	1	0	ALPHANUMERIC
NPT287	6	1	1	0	ALPHANUMERIC
NPT2875	7	1	1	0	ALPHANUMERIC
NPT2876	7	1	1	0	ALPHANUMERIC
NPT2877	7	1	1	0	ALPHANUMERIC
NPT2878	7	1	1	0	ALPHANUMERIC
NPT2882	7	1	1	0	ALPHANUMERIC
NPT2883	7	1	1	0	ALPHANUMERIC
NPT2886	7	1	1	0	ALPHANUMERIC
NPT2889	7	1	1	0	ALPHANUMERIC
NPT2926	7	1	1	0	ALPHANUMERIC
NPT2927	7	1	1	0	ALPHANUMERIC
NPT2936	7	1	1	0	ALPHANUMERIC
NPT2968	7	1	1	0	ALPHANUMERIC
NPT2969	7	1	1	0	ALPHANUMERIC
NPT2970	7	1	1	0	ALPHANUMERIC
NPT298	6	1	1	0	ALPHANUMERIC
NPT3012	7	1	1	0	ALPHANUMERIC
NPT3017	7	1	1	0	ALPHANUMERIC
NPT3018	7	1	1	0	ALPHANUMERIC
NPT303	6	1	1	0	ALPHANUMERIC
NPT3047	7	1	1	0	ALPHANUMERIC
NPT3078	7	1	1	0	ALPHANUMERIC
NPT3116	7	1	1	0	ALPHANUMERIC
NPT3117	7	1	1	0	ALPHANUMERIC
NPT3133	7	1	1	0	ALPHANUMERIC
NPT3166	7	1	1	0	ALPHANUMERIC
NPT3172	7	1	1	0	ALPHANUMERIC
NPT3178	7	1	1	0	ALPHANUMERIC
NPT3193	7	1	1	0	ALPHANUMERIC
NPT3194	7	1	1	0	ALPHANUMERIC
NPT3238	7	1	1	0	ALPHANUMERIC
NPT3265	7	1	1	0	ALPHANUMERIC
NPT3284	7	1	1	0	ALPHANUMERIC
NPT3293	7	1	1	0	ALPHANUMERIC
NPT3313	7	1	1	0	ALPHANUMERIC
NPT3314	7	1	1	0	ALPHANUMERIC
NPT3350	7	1	1	0	ALPHANUMERIC
NPT3353	7	1	1	0	ALPHANUMERIC
NPT3359	7	1	1	0	ALPHANUMERIC
NPT3362	7	1	1	0	ALPHANUMERIC
NPT3371	7	1	1	0	ALPHANUMERIC
NPT3384	7	1	1	0	ALPHANUMERIC
NPT3391	7	1	1	0	ALPHANUMERIC
NPT3392	7	1	1	0	ALPHANUMERIC
NPT3419	7	1	1	0	ALPHANUMERIC
NPT3458	7	1	1	0	ALPHANUMERIC
NPT3459	7	1	1	0	ALPHANUMERIC
NPT3461	7	1	1	0	ALPHANUMERIC
NPT3505	7	1	1	0	ALPHANUMERIC
NPT3506	7	1	1	0	ALPHANUMERIC
NPT3507	7	1	1	0	ALPHANUMERIC
NPT3568	7	1	1	0	ALPHANUMERIC
NPT3580	7	1	1	0	ALPHANUMERIC
NPT3583	7	1	1	0	ALPHANUMERIC
NPT3585	7	1	1	0	ALPHANUMERIC
NPT3720	7	1	1	0	ALPHANUMERIC
NPT3727	7	1	1	0	ALPHANUMERIC
NPT3731	7	1	1	0	ALPHANUMERIC
NPT3732	7	1	1	0	ALPHANUMERIC
NPT3735	7	1	1	0	ALPHANUMERIC
NPT3757	7	1	1	0	ALPHANUMERIC
NPT3758	7	1	1	0	ALPHANUMERIC
NPT3783	7	1	1	0	ALPHANUMERIC
NPT3797	7	1	1	0	ALPHANUMERIC
NPT3803	7	1	1	0	ALPHANUMERIC
NPT3827	7	1	1	0	ALPHANUMERIC
NPT3835	7	1	1	0	ALPHANUMERIC
NPT3839	7	1	1	0	ALPHANUMERIC
NPT3840	7	1	1	0	ALPHANUMERIC
NPT3896	7	1	1	0	ALPHANUMERIC
NPT3898	7	1	1	0	ALPHANUMERIC
NPT3899	7	1	1	0	ALPHANUMERIC
NPT3903	7	1	1	0	ALPHANUMERIC
NPT3910	7	1	1	0	ALPHANUMERIC
NPT3914	7	1	1	0	ALPHANUMERIC
NPT3938	7	1	1	0	ALPHANUMERIC
NPT3962	7	1	1	0	ALPHANUMERIC
NPT3971	7	1	1	0	ALPHANUMERIC
NPT3973	7	1	1	0	ALPHANUMERIC
NPT3997	7	1	1	0	ALPHANUMERIC
NPT4001	7	1	1	0	ALPHANUMERIC
NPT4015	7	1	1	0	ALPHANUMERIC
NPT4016	7	1	1	0	ALPHANUMERIC
NPT4030	7	1	1	0	ALPHANUMERIC
NPT4031	7	1	1	0	ALPHANUMERIC
NPT4034	7	1	1	0	ALPHANUMERIC
NPT4059	7	1	1	0	ALPHANUMERIC
NPT4096	7	1	1	0	ALPHANUMERIC
NPT4104	7	1	1	0	ALPHANUMERIC
NPT4106	7	1	1	0	ALPHANUMERIC
NPT4109	7	1	1	0	ALPHANUMERIC
NPT4115	7	1	1	0	ALPHANUMERIC
NPT4119	7	1	1	0	ALPHANUMERIC
NPT4147	7	1	1	0	ALPHANUMERIC
NPT4161	7	1	1	0	ALPHANUMERIC
NPT4163	7	1	1	0	ALPHANUMERIC
NPT4175	7	1	1	0	ALPHANUMERIC
NPT42	5	1	1	0	ALPHANUMERIC
NPT4218	7	1	1	0	ALPHANUMERIC
NPT4245	7	1	1	0	ALPHANUMERIC
NPT4248	7	1	1	0	ALPHANUMERIC
NPT4252	7	1	1	0	ALPHANUMERIC
NPT4309	7	1	1	0	ALPHANUMERIC
NPT4324	7	1	1	0	ALPHANUMERIC
NPT4342	7	1	1	0	ALPHANUMERIC
NPT4355	7	1	1	0	ALPHANUMERIC
NPT4380	7	1	1	0	ALPHANUMERIC
NPT4418	7	1	1	0	ALPHANUMERIC
NPT443	6	1	1	0	ALPHANUMERIC
NPT4441	7	1	1	0	ALPHANUMERIC
NPT4445	7	1	1	0	ALPHANUMERIC
NPT4447	7	1	1	0	ALPHANUMERIC
NPT4449	7	1	1	0	ALPHANUMERIC
NPT4505	7	1	1	0	ALPHANUMERIC
NPT4506	7	1	1	0	ALPHANUMERIC
NPT4542	7	1	1	0	ALPHANUMERIC
NPT4545	7	1	1	0	ALPHANUMERIC
NPT4546	7	1	1	0	ALPHANUMERIC
NPT4562	7	1	1	0	ALPHANUMERIC
NPT4563	7	1	1	0	ALPHANUMERIC
NPT4565	7	1	1	0	ALPHANUMERIC
NPT4566	7	1	1	0	ALPHANUMERIC
NPT4576	7	1	1	0	ALPHANUMERIC
NPT4581	7	1	1	0	ALPHANUMERIC
NPT4582	7	1	1	0	ALPHANUMERIC
NPT4627	7	1	1	0	ALPHANUMERIC
NPT4674	7	1	1	0	ALPHANUMERIC
NPT4675	7	1	1	0	ALPHANUMERIC
NPT4684	7	1	1	0	ALPHANUMERIC
NPT4698	7	1	1	0	ALPHANUMERIC
NPT4699	7	1	1	0	ALPHANUMERIC
NPT4717	7	1	1	0	ALPHANUMERIC
NPT4734	7	1	1	0	ALPHANUMERIC
NPT477	6	1	1	0	ALPHANUMERIC
NPT4786	7	1	1	0	ALPHANUMERIC
NPT4787	7	1	1	0	ALPHANUMERIC
NPT4886	7	1	1	0	ALPHANUMERIC
NPT4897	7	1	1	0	ALPHANUMERIC
NPT4904	7	1	1	0	ALPHANUMERIC
NPT4918	7	1	1	0	ALPHANUMERIC
NPT4920	7	1	1	0	ALPHANUMERIC
NPT4961	7	1	1	0	ALPHANUMERIC
NPT498	6	1	1	0	ALPHANUMERIC
NPT499	6	1	1	0	ALPHANUMERIC
NPT501	6	1	1	0	ALPHANUMERIC
NPT5011	7	1	1	0	ALPHANUMERIC
NPT5013	7	1	1	0	ALPHANUMERIC
NPT5015	7	1	1	0	ALPHANUMERIC
NPT502	6	1	1	0	ALPHANUMERIC
NPT5033	7	1	1	0	ALPHANUMERIC
NPT5047	7	1	1	0	ALPHANUMERIC
NPT505	6	1	1	0	ALPHANUMERIC
NPT5051	7	1	1	0	ALPHANUMERIC
NPT5052	7	1	1	0	ALPHANUMERIC
NPT5071	7	1	1	0	ALPHANUMERIC
NPT5075	7	1	1	0	ALPHANUMERIC
NPT5079	7	1	1	0	ALPHANUMERIC
NPT5080	7	1	1	0	ALPHANUMERIC
NPT5085	7	1	1	0	ALPHANUMERIC
NPT510	6	1	1	0	ALPHANUMERIC
NPT5100	7	1	1	0	ALPHANUMERIC
NPT5105	7	1	1	0	ALPHANUMERIC
NPT511	6	1	1	0	ALPHANUMERIC
NPT512	6	1	1	0	ALPHANUMERIC
NPT513	6	1	1	0	ALPHANUMERIC
NPT5136	7	1	1	0	ALPHANUMERIC
NPT514	6	1	1	0	ALPHANUMERIC
NPT5155	7	1	1	0	ALPHANUMERIC
NPT5212	7	1	1	0	ALPHANUMERIC
NPT5220	7	1	1	0	ALPHANUMERIC
NPT5232	7	1	1	0	ALPHANUMERIC
NPT5234	7	1	1	0	ALPHANUMERIC
NPT5236	7	1	1	0	ALPHANUMERIC
NPT5259	7	1	1	0	ALPHANUMERIC
NPT5270	7	1	1	0	ALPHANUMERIC
NPT5282	7	1	1	0	ALPHANUMERIC
NPT5284	7	1	1	0	ALPHANUMERIC
NPT532	6	1	1	0	ALPHANUMERIC
NPT5374	7	1	1	0	ALPHANUMERIC
NPT5386	7	1	1	0	ALPHANUMERIC
NPT5403	7	1	1	0	ALPHANUMERIC
NPT5406	7	1	1	0	ALPHANUMERIC
NPT545	6	1	1	0	ALPHANUMERIC
NPT5454	7	1	1	0	ALPHANUMERIC
NPT5457	7	1	1	0	ALPHANUMERIC
NPT5458	7	1	1	0	ALPHANUMERIC
NPT5459	7	1	1	0	ALPHANUMERIC
NPT5463	7	1	1	0	ALPHANUMERIC
NPT5467	7	1	1	0	ALPHANUMERIC
NPT5472	7	1	1	0	ALPHANUMERIC
NPT5559	7	1	1	0	ALPHANUMERIC
NPT5640	7	1	1	0	ALPHANUMERIC
NPT5646	7	1	1	0	ALPHANUMERIC
NPT5655	7	1	1	0	ALPHANUMERIC
NPT5689	7	1	1	0	ALPHANUMERIC
NPT569	6	1	1	0	ALPHANUMERIC
NPT5690	7	1	1	0	ALPHANUMERIC
NPT5691	7	1	1	0	ALPHANUMERIC
NPT5718	7	1	1	0	ALPHANUMERIC
NPT5731	7	1	1	0	ALPHANUMERIC
NPT5790	7	1	1	0	ALPHANUMERIC
NPT5802	7	1	1	0	ALPHANUMERIC
NPT5825	7	1	1	0	ALPHANUMERIC
NPT5830	7	1	1	0	ALPHANUMERIC
NPT584	6	1	1	0	ALPHANUMERIC
NPT5847	7	1	1	0	ALPHANUMERIC
NPT5849	7	1	1	0	ALPHANUMERIC
NPT585	6	1	1	0	ALPHANUMERIC
NPT5859	7	1	1	0	ALPHANUMERIC
NPT5871	7	1	1	0	ALPHANUMERIC
NPT5876	7	1	1	0	ALPHANUMERIC
NPT5879	7	1	1	0	ALPHANUMERIC
NPT5891	7	1	1	0	ALPHANUMERIC
NPT5983	7	1	1	0	ALPHANUMERIC
NPT601	6	1	1	0	ALPHANUMERIC
NPT604	6	1	1	0	ALPHANUMERIC
NPT6069	7	1	1	0	ALPHANUMERIC
NPT607	6	1	1	0	ALPHANUMERIC
NPT6080	7	1	1	0	ALPHANUMERIC
NPT6098	7	1	1	0	ALPHANUMERIC
NPT61	5	1	1	0	ALPHANUMERIC
NPT6105	7	1	1	0	ALPHANUMERIC
NPT612	6	1	1	0	ALPHANUMERIC
NPT6186	7	1	1	0	ALPHANUMERIC
NPT620	6	1	1	0	ALPHANUMERIC
NPT6213	7	1	1	0	ALPHANUMERIC
NPT6230	7	1	1	0	ALPHANUMERIC
NPT6245	7	1	1	0	ALPHANUMERIC
NPT6255	7	1	1	0	ALPHANUMERIC
NPT63	5	1	1	0	ALPHANUMERIC
NPT6365	7	1	1	0	ALPHANUMERIC
NPT6402	7	1	1	0	ALPHANUMERIC
NPT644	6	1	1	0	ALPHANUMERIC
NPT6441	7	1	1	0	ALPHANUMERIC
NPT646	6	1	1	0	ALPHANUMERIC
NPT647	6	1	1	0	ALPHANUMERIC
NPT6527	7	1	1	0	ALPHANUMERIC
NPT6540	7	1	1	0	ALPHANUMERIC
NPT6574	7	1	1	0	ALPHANUMERIC
NPT6588	7	1	1	0	ALPHANUMERIC
NPT669	6	1	1	0	ALPHANUMERIC
NPT674	6	1	1	0	ALPHANUMERIC
NPT675	6	1	1	0	ALPHANUMERIC
NPT695	6	1	1	0	ALPHANUMERIC
NPT697	6	1	1	0	ALPHANUMERIC
NPT699	6	1	1	0	ALPHANUMERIC
NPT702	6	1	1	0	ALPHANUMERIC
NPT703	6	1	1	0	ALPHANUMERIC
NPT707	6	1	1	0	ALPHANUMERIC
NPT748	6	1	1	0	ALPHANUMERIC
NPT754	6	1	1	0	ALPHANUMERIC
NPT798	6	1	1	0	ALPHANUMERIC
NPT801	6	1	1	0	ALPHANUMERIC
NPT808	6	1	1	0	ALPHANUMERIC
NPT810	6	1	1	0	ALPHANUMERIC
NPT811	6	1	1	0	ALPHANUMERIC
NPT817	6	1	1	0	ALPHANUMERIC
NPT832	6	1	1	0	ALPHANUMERIC
NPT861	6	1	1	0	ALPHANUMERIC
NPT865	6	1	1	0	ALPHANUMERIC
NPT868	6	1	1	0	ALPHANUMERIC
NPT870	6	1	1	0	ALPHANUMERIC
NPT874	6	1	1	0	ALPHANUMERIC
NPT876	6	1	1	0	ALPHANUMERIC
NPT888	6	1	1	0	ALPHANUMERIC
NPT903	6	1	1	0	ALPHANUMERIC
NPT905	6	1	1	0	ALPHANUMERIC
NPT907	6	1	1	0	ALPHANUMERIC
NPT910	6	1	1	0	ALPHANUMERIC
