dataset	feature	n_total	n_active	n_inactive	missing_or_nonfinite	active_mean	inactive_mean	active_median	inactive_median	active_q25	active_q75	inactive_q25	inactive_q75	median_difference_active_minus_inactive	auc	auc_abs_effect	cliffs_delta	effect_size_abs	effect_interpretation	mannwhitney_u	mannwhitney_p	ks_statistic	ks_p	zero_fraction	fdr_q	significant_fdr_0_05	meaningful_auc	meaningful_effect	statistically_and_practically_relevant	representation	feature_name_standard	auc_standard	abs_auc_effect	auc_direction	cliffs_delta_standard	meaningful_auc_standard	meaningful_effect_standard
TRAIN	Activity_Status	48152	2383	45769	0	1.0	0.0	1.0	0.0	1.0	1.0	0.0	0.0	1.0	1.0	0.5	1.0	1.0	large	109067527.0	0.0	1.0	0.0	0.9505108822063466	0.0	True	True	True	True	Molecular descriptors	Activity_Status	1.0	0.5	positive	1.0	True	True
TRAIN	FractionCSP3	48152	2383	45769	0	0.4608274887390578	0.594345731972235	0.4347826086956521	0.6071428571428571	0.2240143369175627	0.7	0.3809523809523809	0.8333333333333334	-0.172360248447205	0.3670765222356238	0.1329234777643761	-0.2658469555287523	0.2658469555287523	small	40036128.5	1.8057885680324588e-106	0.1968627013978229	2.16644959684201e-77	0.0128551254361189	1.96830953915538e-104	True	True	True	True	Molecular descriptors	FractionCSP3	0.3670765222356238	0.13292347776437619	negative	-0.2658469555287523	True	True
TRAIN	SPS	48152	2383	45769	0	26.27492957600576	32.586300761258904	21.02777777777778	32.07692307692308	12.19375	38.7811004784689	18.02173913043478	46.62857142857143	-11.049145299145302	0.3802094733476445	0.1197905266523554	-0.2395810533047109	0.2395810533047109	small	41468507.0	8.152340047222122e-87	0.2010858465691626	9.298159029885149e-81	0.0001453729855457	5.924033767648076e-85	True	True	True	True	Molecular descriptors	SPS	0.3802094733476445	0.11979052665235551	negative	-0.2395810533047109	True	True
TRAIN	NumAtomStereoCenters	48152	2383	45769	0	4.425094418799832	6.323297428390395	2.0	5.0	0.0	7.0	1.0	9.0	-3.0	0.3855927071675513	0.1144072928324486	-0.2288145856648973	0.2288145856648973	small	42055643.0	4.611000775068861e-80	0.2010832610149857	9.34289031126399e-81	0.1764828044525668	2.512995422412529e-78	True	True	True	True	Molecular descriptors	NumAtomStereoCenters	0.3855927071675513	0.11440729283244871	negative	-0.2288145856648973	True	True
TRAIN	SMR_VSA5	48152	2383	45769	0	54.37750890895573	71.03644897044109	37.76696814999996	57.8426600543302	12.84164324585202	78.21068819092808	31.78725287945234	94.83857906399382	-20.07569190433024	0.3856138041893991	0.1143861958106008	-0.2287723916212017	0.2287723916212017	small	42057944.0	2.467622716974813e-79	0.2105708420435718	1.3641070126415257e-88	0.0459378634324638	1.0758835046010183e-77	True	True	True	True	Molecular descriptors	SMR_VSA5	0.3856138041893991	0.11438619581060089	negative	-0.2287723916212017	True	True
TRAIN	BCUT2D_MRLOW	48029	2374	45655	123	-0.0129944887758515	-0.1168484007293871	-0.1308594960263912	-0.1540169495896257	-0.2030611539409492	0.1522837177443008	-0.2780682260771699	-0.0181688635883022	0.0231574535632344	0.6070620216068704	0.1070620216068704	0.2141240432137408	0.2141240432137408	small	65796399.0	1.7952905030743514e-69	0.1735019717217248	6.934746589051033e-60	2.0820754127714503e-05	6.52288882783681e-68	True	True	True	True	Molecular descriptors	BCUT2D_MRLOW	0.6070620216068704	0.1070620216068704	positive	0.2141240432137408	True	True
TRAIN	BCUT2D_CHGLO	48029	2374	45655	123	-2.3122227381370712	-2.390177143240826	-2.306963883465999	-2.402784259605908	-2.525603227748395	-2.117273575349176	-2.585022404174392	-2.228698927863361	0.0958203761399087	0.5956522892426874	0.0956522892426874	0.1913045784853748	0.1913045784853748	small	64559755.5	8.000805341528859e-56	0.1783627471595	2.7520930106655975e-63	0.0	1.9379728493925454e-54	True	False	False	False	Molecular descriptors	BCUT2D_CHGLO	0.5956522892426874	0.09565228924268743	positive	0.1913045784853748	False	False
TRAIN	VSA_EState6	48152	2383	45769	0	5.626287197402716	3.8641595401555495	5.088003847414749	0.5973899281934996	0.0	8.973128248206486	0.0	7.073204718818549	4.490613919221249	0.5942220776675354	0.0942220776675354	0.1884441553350708	0.1884441553350708	small	64810332.5	5.009603287440575e-60	0.1729421718711931	1.040689158003506e-59	0.458506396411364	1.365116895827557e-58	True	False	False	False	Molecular descriptors	VSA_EState6	0.5942220776675354	0.09422207766753543	positive	0.1884441553350708	False	False
TRAIN	NumAromaticRings	48152	2383	45769	0	1.458665547629039	1.078786951866984	1.0	1.0	0.0	2.0	0.0	2.0	0.0	0.5933989729133584	0.0933989729133584	0.1867979458267168	0.1867979458267168	small	64720558.5	6.290752393127505e-61	0.1681100828480323	2.0115560153494636e-56	0.4824929390264163	1.9591200310025665e-59	True	False	False	False	Molecular descriptors	NumAromaticRings	0.5933989729133584	0.09339897291335841	positive	0.1867979458267168	False	False
TRAIN	SMR_VSA7	48152	2383	45769	0	41.03349322274558	34.08202079452357	40.55516291828041	29.82891976554344	23.2982492738063	55.53795240244072	11.835184978490055	47.52510539416365	10.72624315273697	0.5914700486424342	0.0914700486424342	0.1829400972848684	0.1829400972848684	small	64510175.5	1.5710914936805446e-51	0.1644124103043062	5.672328803984824e-54	0.1138270476823392	2.4464138973025623e-50	True	False	False	False	Molecular descriptors	SMR_VSA7	0.5914700486424342	0.09147004864243424	positive	0.1829400972848684	False	False
TRAIN	fr_Al_OH	48152	2383	45769	0	1.4406210658833405	2.2314230155782298	0.0	1.0	0.0	2.0	0.0	3.0	-1.0	0.4104755029423194	0.0895244970576806	-0.1790489941153612	0.1790489941153612	small	44769548.0	8.2209129716355775e-53	0.1505454964611052	2.794059255241434e-45	0.3839715899651105	1.6292354798332324e-51	True	False	False	False	Molecular descriptors	fr_Al_OH	0.4104755029423194	0.08952449705768062	negative	-0.1790489941153612	False	False
TRAIN	BCUT2D_CHGHI	48029	2374	45655	123	2.3921923340179414	2.4712780366417326	2.370722557499164	2.4950667419185515	2.187816843593069	2.6334841792917096	2.316402880521782	2.677067373395677	-0.1243441844193875	0.4119219666712091	0.0880780333287908	-0.1761560666575816	0.1761560666575816	small	44646150.0	1.3233018987567655e-47	0.2004401348268122	5.885436733248462e-80	0.0	1.8029988370560933e-46	True	False	False	False	Molecular descriptors	BCUT2D_CHGHI	0.4119219666712091	0.08807803332879088	negative	-0.1761560666575816	False	False
TRAIN	NumSaturatedRings	48152	2383	45769	0	1.4800671422576583	1.9959361139636	0.0	1.0	0.0	2.0	0.0	3.0	-1.0	0.4133175954379162	0.0866824045620837	-0.1733648091241675	0.1733648091241675	small	45079528.0	3.75854340161433e-49	0.1755863961232017	1.508495543876098e-61	0.3664645289915268	5.4624164103461586e-48	True	False	False	False	Molecular descriptors	NumSaturatedRings	0.4133175954379162	0.08668240456208381	negative	-0.1733648091241675	False	False
TRAIN	SlogP_VSA6	48152	2383	45769	0	34.104595410888535	28.408170946953323	30.46231184545952	24.26546827384644	18.19910120538483	47.07045500926039	11.64912463690315	39.54352346343322	6.196843571613076	0.5858513276825283	0.0858513276825283	0.1717026553650567	0.1717026553650567	small	63897355.5	1.3232458649183017e-45	0.1556911893674824	2.0508594365627366e-48	0.1120410367170626	1.5182505186957358e-44	True	False	False	False	Molecular descriptors	SlogP_VSA6	0.5858513276825283	0.08585132768252834	positive	0.1717026553650567	False	False
TRAIN	BCUT2D_MWLOW	48029	2374	45655	123	9.838748179655772	9.754317125960345	9.874828225328898	9.794449272478086	9.58444646982514	10.055202854765412	9.470009520511985	9.982651837459636	0.0803789528508112	0.5858100758804473	0.0858100758804473	0.1716201517608946	0.1716201517608946	small	63493007.5	2.8304733319980935e-45	0.1321958939509786	7.448839375955444e-35	0.0	2.938300887502783e-44	True	False	False	False	Molecular descriptors	BCUT2D_MWLOW	0.5858100758804473	0.08581007588044731	positive	0.1716201517608946	False	False
TRAIN	NumAromaticCarbocycles	48152	2383	45769	0	1.1611414183801931	0.8757674408442395	1.0	0.0	0.0	2.0	0.0	2.0	1.0	0.5852042331536499	0.0852042331536498	0.1704084663072997	0.1704084663072997	small	63826778.5	4.287184744730185e-53	0.1628990359339494	5.501562082586873e-53	0.5232804452566872	9.346062743511805e-52	True	False	False	False	Molecular descriptors	NumAromaticCarbocycles	0.5852042331536499	0.08520423315364989	positive	0.1704084663072997	False	False
TRAIN	fr_benzene	48152	2383	45769	0	1.1569450272765422	0.8757892896938976	1.0	0.0	0.0	2.0	0.0	2.0	1.0	0.5840392117811565	0.0840392117811564	0.1680784235623129	0.1680784235623129	small	63699712.5	1.0078846429090453e-51	0.1612815150746014	6.092377133926963e-52	0.5238411696295066	1.830990434618099e-50	True	False	False	False	Molecular descriptors	fr_benzene	0.5840392117811565	0.08403921178115648	positive	0.1680784235623129	False	False
TRAIN	SlogP_VSA4	48152	2383	45769	0	11.006697349284844	15.714532301154213	0.0	11.332896515558172	0.0	17.75371813848418	0.0	28.080783500513128	-11.332896515558172	0.4177596187726893	0.0822403812273107	-0.1644807624546214	0.1644807624546214	small	45564008.5	2.6884122242045963e-44	0.1505473393561036	2.7869702131012475e-45	0.3830993520518359	2.663972113075463e-43	True	False	False	False	Molecular descriptors	SlogP_VSA4	0.4177596187726893	0.0822403812273107	negative	-0.1644807624546214	False	False
TRAIN	BCUT2D_LOGPLOW	48029	2374	45655	123	-2.347483251112438	-2.4322579708977203	-2.351714498612421	-2.5137568901174983	-2.607227375471572	-2.1059427501837056	-2.631278884336284	-2.252328938186152	0.1620423915050772	0.5821339896112903	0.0821339896112902	0.1642679792225805	0.1642679792225805	small	63094575.0	1.2617663203405576e-41	0.1688725567760917	9.789831630232789e-57	0.0	1.1959350340619195e-40	True	False	False	False	Molecular descriptors	BCUT2D_LOGPLOW	0.5821339896112903	0.08213398961129026	positive	0.1642679792225805	False	False
TRAIN	fr_Al_OH_noTert	48152	2383	45769	0	1.2186319765002098	1.9889226332233607	0.0	1.0	0.0	1.0	0.0	2.0	-1.0	0.4186090145786473	0.0813909854213527	-0.1627819708427054	0.1627819708427054	small	45656650.0	1.817867669204324e-45	0.1296117862835562	1.236166092289563e-33	0.4483510549925237	1.981475759432713e-44	True	False	False	False	Molecular descriptors	fr_Al_OH_noTert	0.4186090145786473	0.0813909854213527	negative	-0.1627819708427054	False	False
TRAIN	SlogP_VSA5	48152	2383	45769	0	43.63101289353894	52.52854757985635	34.3374876250839	45.2426734050825	12.84164324585202	66.21987853631856	23.3348357588906	75.3351192126541	-10.905185779998597	0.4223858399209876	0.0776141600790123	-0.1552283201580246	0.1552283201580246	small	46068579.0	1.7037826417393317e-37	0.1302129276296876	6.057737479742087e-34	0.0535803289582987	1.5476025662465596e-36	True	False	False	False	Molecular descriptors	SlogP_VSA5	0.4223858399209876	0.0776141600790124	negative	-0.1552283201580246	False	False
TRAIN	VSA_EState8	48152	2383	45769	0	4.852313017585266	6.390792747960275	3.61061292189976	5.562579358138521	0.1065962742423771	8.014404227124805	1.3391675597433037	10.15956821617536	-1.9519664362387608	0.4242403240700598	0.0757596759299402	-0.1515193518598804	0.1515193518598804	small	46270843.0	7.951396000480379e-36	0.1313891530702809	1.4859251509275954e-34	0.092311845821565	6.933617312418892e-35	True	False	False	False	Molecular descriptors	VSA_EState8	0.4242403240700598	0.0757596759299402	negative	-0.1515193518598804	False	False
TRAIN	Phi	48152	2383	45769	0	6.011670776834328	6.919120148909249	4.75560934905527	5.484445061031255	3.137416335993079	6.975542879009518	3.648947381727855	8.301836914263534	-0.728835711975985	0.426842844800176	0.073157155199824	-0.146314310399648	0.146314310399648	negligible	46554693.5	1.6970086073389427e-33	0.1118421251084201	3.9185274923380887e-25	2.076756936368168e-05	1.3212424157138907e-32	True	False	False	False	Molecular descriptors	Phi	0.426842844800176	0.07315715519982402	negative	-0.146314310399648	False	False
TRAIN	Chi2n	48152	2383	45769	0	8.524363947034251	9.661560570238182	7.170935607603507	8.303167492423475	4.809877535414331	11.397989495454134	5.847928034417777	12.605515725652152	-1.1322318848199675	0.427428573676196	0.0725714263238039	-0.1451428526476079	0.1451428526476079	negligible	46618577.5	5.456560415444867e-33	0.1152532137269418	1.1467090232380752e-26	0.0003530486791825	3.8371940986031646e-32	True	False	False	False	Molecular descriptors	Chi2n	0.427428573676196	0.07257142632380398	negative	-0.1451428526476079	False	False
TRAIN	Chi3n	48152	2383	45769	0	6.557382904222976	7.510133762719191	5.237715077137575	6.23362651431207	3.288584395828689	9.112083122523892	4.131935124429837	9.938469055506165	-0.9959114371744952	0.427515767364928	0.0724842326350719	-0.1449684652701439	0.1449684652701439	negligible	46628087.5	6.487592716128846e-33	0.1221213991585231	6.760649459817156e-30	0.001038378468184	4.4196725378627756e-32	True	False	False	False	Molecular descriptors	Chi3n	0.427515767364928	0.07248423263507198	negative	-0.1449684652701439	False	False
TRAIN	Activity_Status	48152	2383	45769	0	1.0	0.0	1.0	0.0	1.0	1.0	0.0	0.0	1.0	1.0	0.5	1.0	1.0	large	109067527.0	0.0	1.0	0.0	0.9505108822063466	0.0	True	True	True	True	3D-QSAR descriptors	Activity_Status	1.0	0.5	positive	1.0	True	True
TRAIN	PBF	47508	2350	45158	644	0.9379688361683752	1.0543377287288107	0.9540230732442736	1.055387207764073	0.6540192123163973	1.1991744066835155	0.8431151785040844	1.2547064203948934	-0.1013641345197992	0.4186034707452698	0.0813965292547301	-0.1627930585094603	0.1627930585094603	small	44422744.5	1.6275673817579636e-40	0.1449868028378846	1.9059018085674709e-41	0.0001262945188178	1.2206755363184728e-39	True	False	False	False	3D-QSAR descriptors	PBF	0.4186034707452698	0.08139652925473018	negative	-0.1627930585094603	False	False
TRAIN	SpherocityIndex	47508	2350	45158	644	0.2270368709076786	0.2628923902247005	0.2037469919715172	0.2387822976593463	0.1190747872025267	0.3124432260741948	0.1515911725533789	0.3493504469092834	-0.035035305687829	0.4270503141216702	0.0729496858783297	-0.1458993717566594	0.1458993717566594	negligible	45319134.5	7.030442651483838e-33	0.1022488605020858	8.692021626105629e-21	0.0001262945188178	2.6364159943064394e-32	True	False	False	False	3D-QSAR descriptors	SpherocityIndex	0.4270503141216702	0.07294968587832978	negative	-0.1458993717566594	False	False
TRAIN	Best_Conformer_Energy	47508	2350	45158	644	91.77705340603733	116.06393598977796	74.57073623010025	88.77893157482413	37.0623403759929	124.08720809094324	47.08252846812887	147.8543465570936	-14.208195344723876	0.4363833603621516	0.0636166396378484	-0.1272332792756968	0.1272332792756968	negligible	46309569.5	2.109782942040855e-25	0.0941489220354443	1.0999788544701069e-17	4.209817293929443e-05	6.329348826122565e-25	True	False	False	False	3D-QSAR descriptors	Best_Conformer_Energy	0.4363833603621516	0.06361663963784842	negative	-0.1272332792756968	False	False
TRAIN	Conformers_Generated	48152	2383	45769	0	2.451112043642468	2.633507395835609	3.0	3.0	2.0	3.0	2.0	3.0	0.0	0.4403494589182351	0.0596505410817648	-0.1193010821635297	0.1193010821635297	negligible	48027826.5	8.605130200408557e-37	0.1120053084177841	3.31752537197767e-25	0.0131251038378468	4.302565100204279e-36	True	False	False	False	3D-QSAR descriptors	Conformers_Generated	0.4403494589182351	0.059650541081764874	negative	-0.1193010821635297	False	False
TRAIN	PMI1	47508	2350	45158	644	2837.028044897925	2945.521227044934	1375.528845063864	1592.6317224692352	701.5303995899048	2741.2516358630364	849.8109005868444	3298.272682373282	-217.10287740537115	0.4515483932066418	0.0484516067933581	-0.0969032135867162	0.0969032135867162	negligible	47918902.5	2.147138906490059e-15	0.0737360548730556	5.221521586828321e-11	6.314725940894166e-05	5.367847266225147e-15	True	False	False	False	3D-QSAR descriptors	PMI1	0.4515483932066418	0.04845160679335819	negative	-0.0969032135867162	False	False
TRAIN	InertialShapeFactor	47508	2350	45158	644	0.0012706706526927	0.001045991834563	0.0006255141897936	0.0005442802143302	0.0003027294088727	0.0012212700371421	0.0002528073259685	0.0010038009023017	8.123397546339994e-05	0.5445807439222852	0.0445807439222851	0.0891614878445703	0.0891614878445703	negligible	57791616.5	2.9035418110076065e-13	0.0740640568858466	4.201576021664485e-11	0.0001473436052875	6.221875309302014e-13	True	False	False	False	3D-QSAR descriptors	InertialShapeFactor	0.5445807439222852	0.04458074392228517	positive	0.0891614878445703	False	False
TRAIN	PMI2	47508	2350	45158	644	9129.408953966507	11457.781503571465	4821.485771632973	5591.989853307148	2526.371705138798	9411.310860071748	2756.88797316369	10728.9329252112	-770.5040816741748	0.4617180575435845	0.0382819424564154	-0.0765638849128309	0.0765638849128309	negligible	48998120.5	3.6677067969394684e-10	0.0634628674921999	2.892415501729406e-08	4.209817293929443e-05	6.876950244261504e-10	True	False	False	False	3D-QSAR descriptors	PMI2	0.4617180575435845	0.038281942456415474	negative	-0.0765638849128309	False	False
TRAIN	PMI3	47508	2350	45158	644	10379.415977777871	12771.742528112423	5757.76926141886	6586.387145457013	3084.1020910080088	10923.527414747576	3338.2642803905296	12107.509030476484	-828.6178840381526	0.4640723351485517	0.0359276648514482	-0.0718553297028965	0.0718553297028965	negligible	49247959.5	4.050772242441913e-09	0.0647741782281219	1.3614894072406189e-08	4.209817293929443e-05	6.751287070736522e-09	True	False	False	False	3D-QSAR descriptors	PMI3	0.4640723351485517	0.03592766485144833	negative	-0.0718553297028965	False	False
TRAIN	NPR2	47508	2350	45158	644	0.8454843119356789	0.8589466523596131	0.8671338377131415	0.8799170949691857	0.7803235082560639	0.9293559251794165	0.7967222685534348	0.9389153320636856	-0.0127832572560442	0.4657614211284633	0.0342385788715366	-0.0684771577430732	0.0684771577430732	negligible	49427207.5	2.0757303783726958e-08	0.0513846701840252	1.4459916050453418e-05	4.209817293929443e-05	3.113595567559043e-08	True	False	False	False	3D-QSAR descriptors	NPR2	0.4657614211284633	0.034238578871536696	negative	-0.0684771577430732	False	False
TRAIN	RadiusOfGyration	47508	2350	45158	644	4.242233701829868	4.461893575090255	4.092304991834947	4.202421410119378	3.383795816553877	4.892575855722943	3.43062723697522	5.064960250913969	-0.1101164182844307	0.4698180619724786	0.0301819380275213	-0.0603638760550426	0.0603638760550426	negligible	49857703.5	7.75590525571613e-07	0.0544252850276051	3.4219825873912115e-06	4.209817293929443e-05	1.0576234439612903e-06	True	False	False	False	3D-QSAR descriptors	RadiusOfGyration	0.4698180619724786	0.030181938027521393	negative	-0.0603638760550426	False	False
TRAIN	Asphericity	47508	2350	45158	644	0.4283886343685589	0.4154504467003079	0.4233335938613743	0.4010761566130038	0.2581811461523512	0.5857992410425301	0.2414408737229426	0.5761214115024451	0.0222574372483705	0.5199797354536743	0.0199797354536742	0.0399594709073485	0.0399594709073485	negligible	55180925.5	0.0010713067961258	0.0370780795184378	0.0041886265812009	4.209817293929443e-05	0.0013391334951572	True	False	False	False	3D-QSAR descriptors	Asphericity	0.5199797354536743	0.019979735453674263	positive	0.0399594709073485	False	False
TRAIN	Eccentricity	47508	2350	45158	644	0.9463671125665318	0.942719642951887	0.966932931527039	0.9630804431315652	0.9226572690155554	0.9862352517847864	0.9171898254160088	0.9853732152020844	0.0038524883954738	0.5173205520475155	0.0173205520475154	0.0346411040950309	0.0346411040950309	negligible	54898729.5	0.0045720432788282	0.0367730135232041	0.0046333918622483	6.314725940894166e-05	0.0050110003712735	True	False	False	False	3D-QSAR descriptors	Eccentricity	0.5173205520475155	0.01732055204751548	positive	0.0346411040950309	False	False
TRAIN	NPR1	47508	2350	45158	644	0.2824149075320128	0.2917104982307646	0.255030783612089	0.2691903257554442	0.1653482013023796	0.3856209730730692	0.1703998666422474	0.3984085690240522	-0.0141595421433551	0.4827237463167149	0.017276253683285	-0.0345525073665701	0.0345525073665701	negligible	51227271.5	0.0046769336798552	0.0367287245821526	0.0047014491043057	6.314725940894166e-05	0.0050110003712735	True	False	False	False	3D-QSAR descriptors	NPR1	0.4827237463167149	0.017276253683285114	negative	-0.0345525073665701	False	False
TRAIN	Metal_Containing	48152	2383	45769	0	0.0029374737725556	0.0021848849658065	0.0	0.0	0.0	0.0	0.0	0.0	0.0	0.5003762944033745	0.0003762944033744	0.0007525888067489	0.0007525888067489	negligible	54574805.0	0.4468640591096326	0.0007525888067489	1.0	0.997777870078086	0.4468640591096326	False	False	False	False	3D-QSAR descriptors	Metal_Containing	0.5003762944033745	0.0003762944033744997	positive	0.0007525888067489	False	False
TRAIN	molformer_0279	48152	2383	45769	0	-0.2649201931152496	-0.0500428928867337	-0.265609860420227	-0.021607968956232	-0.63949254155159	0.0816655904054641	-0.3538355827331543	0.2732268273830414	-0.2440018914639949	0.370924134000031	0.129075865999969	-0.258151731999938	0.258151731999938	small	40455778.0	1.7392608654453567e-100	0.1966309183850845	3.2992764109556418e-77	0.0	1.335752344662034e-97	True	True	True	True	MoLFormer embeddings	molformer_0279	0.370924134000031	0.129075865999969	negative	-0.258151731999938	True	True
TRAIN	molformer_0491	48152	2383	45769	0	0.1381727850625314	-9.955898493289964e-05	0.1170194074511528	-0.0156221492215991	-0.0872042588889598	0.3550281673669815	-0.2108527272939682	0.1926304996013641	0.1326415566727519	0.622148529140117	0.1221485291401169	0.2442970582802339	0.2442970582802339	small	67856201.5	3.4336504369367524e-90	0.1768147544043975	2.0634534208074434e-62	0.0	1.3185217677837128e-87	True	True	True	True	MoLFormer embeddings	molformer_0491	0.622148529140117	0.12214852914011698	positive	0.2442970582802339	True	True
TRAIN	molformer_0407	48152	2383	45769	0	-0.1317321303332264	0.0219778790614558	-0.132671520113945	0.0402441099286079	-0.3916948139667511	0.1229301951825618	-0.2068311125040054	0.2676676213741302	-0.1729156300425529	0.3783515188714236	0.1216484811285764	-0.2432969622571528	0.2432969622571528	small	41265864.5	1.8074112747445865e-89	0.1906867751755295	1.3396293493884323e-72	0.0	4.626972863346141e-87	True	True	True	True	MoLFormer embeddings	molformer_0407	0.3783515188714236	0.1216484811285764	negative	-0.2432969622571528	True	True
TRAIN	molformer_0047	48152	2383	45769	0	-0.1741539373150387	-0.3204670239802697	-0.1634450405836105	-0.3221708238124847	-0.4019290953874588	0.0669411905109882	-0.5544947385787964	-0.0879072546958923	0.1587257832288742	0.6207845347038996	0.1207845347038996	0.2415690694077992	0.2415690694077992	small	67707434.0	3.1356668572740265e-88	0.1848551677530929	3.208653545240971e-68	0.0	6.020480365966131e-86	True	True	True	True	MoLFormer embeddings	molformer_0047	0.6207845347038996	0.1207845347038996	positive	0.2415690694077992	True	True
TRAIN	molformer_0230	48152	2383	45769	0	0.5995017845601592	0.7494737360139863	0.5979922413825989	0.7777819633483887	0.3421307653188705	0.8852664530277252	0.5195111632347107	1.0013372898101809	-0.1797897219657898	0.3828647824755392	0.1171352175244607	-0.2342704350489215	0.2342704350489215	small	41758115.0	4.305910282390589e-83	0.1869794939056425	8.458258842492254e-70	0.0	6.613878193751944e-81	True	True	True	True	MoLFormer embeddings	molformer_0230	0.3828647824755392	0.11713521752446082	negative	-0.2342704350489215	True	True
TRAIN	molformer_0638	48152	2383	45769	0	0.198985197699995	-0.0416726550495803	0.1780348569154739	-0.1009092852473259	-0.2728400379419327	0.6652155816555023	-0.4233852922916412	0.3173127770423889	0.2789441421627998	0.6167900185359478	0.1167900185359478	0.2335800370718956	0.2335800370718956	small	67271762.0	1.294017559166508e-82	0.190632881957615	1.4726505576817342e-72	0.0	1.65634247573313e-80	True	True	True	True	MoLFormer embeddings	molformer_0638	0.6167900185359478	0.11679001853594784	positive	0.2335800370718956	True	True
TRAIN	molformer_0393	48152	2383	45769	0	-0.12660149354695	0.0043654075434951	-0.138363242149353	-0.004313769750297	-0.3568289279937744	0.0914670750498771	-0.2200628221035003	0.2281069159507751	-0.1340494723990559	0.3871566878013105	0.1128433121986894	-0.2256866243973789	0.2256866243973789	small	42226222.5	2.9912104691384854e-77	0.1705817534489435	4.310586303709651e-58	0.0	3.2817852004262253e-75	True	True	True	True	MoLFormer embeddings	molformer_0393	0.3871566878013105	0.11284331219868948	negative	-0.2256866243973789	True	True
TRAIN	molformer_0129	48152	2383	45769	0	-0.1468986754813335	-0.3425876553062517	-0.1350522935390472	-0.3234301209449768	-0.4712323695421219	0.1966092884540558	-0.6648085713386536	0.0015608196845278	0.1883778274059295	0.6111950901756487	0.1111950901756486	0.2223901803512973	0.2223901803512973	small	66661537.0	4.58822682897049e-75	0.1557865156326502	1.7900149957323682e-48	0.0	4.404697755811671e-73	True	True	True	True	MoLFormer embeddings	molformer_0129	0.6111950901756487	0.11119509017564866	positive	0.2223901803512973	True	True
TRAIN	molformer_0659	48152	2383	45769	0	-0.1290698876410054	-0.2792704049353791	-0.1549983322620391	-0.2955432832241058	-0.4043081104755401	0.1494613289833068	-0.534288227558136	-0.0384621731936931	0.1405449509620666	0.6105871319517495	0.1105871319517495	0.221174263903499	0.221174263903499	small	66595228.5	2.882833377447687e-74	0.1543702279047731	1.3390903513398519e-47	0.0	2.4600178154220263e-72	True	True	True	True	MoLFormer embeddings	molformer_0659	0.6105871319517495	0.11058713195174952	positive	0.221174263903499	True	True
TRAIN	molformer_0747	48152	2383	45769	0	0.1080929280913404	0.2459873073533263	0.1297746449708938	0.2748195827007293	-0.1352646052837371	0.3696438819169998	0.0307147055864334	0.4839068353176117	-0.1450449377298355	0.3904518390703037	0.1095481609296963	-0.2190963218593926	0.2190963218593926	small	42585616.5	6.51316298378247e-73	0.1631177261404304	3.967134355253852e-53	0.0	5.002109171544937e-71	True	True	True	True	MoLFormer embeddings	molformer_0747	0.3904518390703037	0.10954816092969633	negative	-0.2190963218593926	True	True
TRAIN	molformer_0298	48152	2383	45769	0	-0.1773466666194439	-0.0709041380465498	-0.1838625073432922	-0.0788840949535369	-0.3582740873098373	-0.0006594072619918	-0.2418248057365417	0.0884479358792305	-0.1049784123897552	0.3906094570201449	0.109390542979855	-0.2187810859597101	0.2187810859597101	small	42602807.5	1.042527718044131e-72	0.17037495495795	5.9584761846886564e-58	0.0	7.278738976889933e-71	True	True	True	True	MoLFormer embeddings	molformer_0298	0.3906094570201449	0.10939054297985512	negative	-0.2187810859597101	True	True
TRAIN	molformer_0742	48152	2383	45769	0	0.0352365642150907	0.1682766642531415	0.0454089939594268	0.1906668543815612	-0.2018127143383026	0.2808206975460052	-0.049060296267271	0.4095375537872314	-0.1452578604221344	0.3911643930461538	0.1088356069538461	-0.2176712139076922	0.2176712139076922	small	42663333.0	5.432981384031172e-72	0.16944639260043	2.536834742959541e-57	0.0	3.4771080857799496e-70	True	True	True	True	MoLFormer embeddings	molformer_0742	0.3911643930461538	0.1088356069538462	negative	-0.2176712139076922	True	True
TRAIN	molformer_0177	48152	2383	45769	0	0.2677039835601697	0.4074425764377585	0.2928213477134704	0.4452590942382812	0.0366347059607505	0.5218218863010406	0.1563600003719329	0.6945374608039856	-0.1524377465248108	0.3922329374901844	0.1077670625098156	-0.2155341250196312	0.2155341250196312	small	42779876.5	1.2744966955723464e-70	0.1794344158917254	2.8274386975971827e-64	0.0	7.529334324612014e-69	True	True	True	True	MoLFormer embeddings	molformer_0177	0.3922329374901844	0.1077670625098156	negative	-0.2155341250196312	True	True
TRAIN	molformer_0119	48152	2383	45769	0	-0.445226470247796	-0.5909628082179129	-0.4319086670875549	-0.5915762186050415	-0.7265273332595825	-0.1804071217775344	-0.861146092414856	-0.3241773843765259	0.1596675515174865	0.6065744114652935	0.1065744114652934	0.2131488229305869	0.2131488229305869	small	66157571.0	4.158397632600697e-69	0.1670662066079484	1.0020885696226324e-55	0.0	2.281178129883811e-67	True	True	True	True	MoLFormer embeddings	molformer_0119	0.6065744114652935	0.10657441146529345	positive	0.2131488229305869	True	True
TRAIN	molformer_0400	48152	2383	45769	0	-0.1679782217886226	-0.2752502900600838	-0.1654963493347168	-0.2680000960826874	-0.3433719277381897	0.0162073830142617	-0.4612270891666412	-0.0827618613839149	0.1025037467479705	0.606419599116793	0.106419599116793	0.212839198233586	0.212839198233586	small	66140686.0	6.518838965433963e-69	0.1584966715161699	3.612039133592043e-50	0.0	3.337645550302189e-67	True	True	True	True	MoLFormer embeddings	molformer_0400	0.606419599116793	0.106419599116793	positive	0.212839198233586	True	True
TRAIN	molformer_0367	48152	2383	45769	0	0.0193546933272847	-0.1014007031738677	0.0066692032851278	-0.1248826906085014	-0.218821033835411	0.2479692697525024	-0.3249449431896209	0.1029930412769317	0.1315518938936293	0.6053503853626387	0.1053503853626387	0.2107007707252775	0.2107007707252775	small	66024069.5	1.4286565389584611e-67	0.1610626781700112	8.418849267152439e-52	0.0	6.857551387000614e-66	True	True	True	True	MoLFormer embeddings	molformer_0367	0.6053503853626387	0.10535038536263874	positive	0.2107007707252775	True	True
TRAIN	molformer_0485	48152	2383	45769	0	-0.2333388536153972	-0.360231810570784	-0.2294315546751022	-0.3710794746875763	-0.48079614341259	0.016591528430581	-0.6220041513442993	-0.1193215027451515	0.141647920012474	0.6033427071285847	0.1033427071285847	0.2066854142571694	0.2066854142571694	small	65805097.0	4.326605638311381e-65	0.1548293196379156	6.988914741390753e-48	0.0	1.9546077236606709e-63	True	True	True	True	MoLFormer embeddings	molformer_0485	0.6033427071285847	0.10334270712858473	positive	0.2066854142571694	True	True
TRAIN	molformer_0536	48152	2383	45769	0	0.4419821415028091	0.3229517751595031	0.4443696141242981	0.3180550634860992	0.2011904865503311	0.6759802997112274	0.1037843823432922	0.5397393703460693	0.1263145506381988	0.6028200492709439	0.1028200492709439	0.2056400985418878	0.2056400985418878	small	65748092.0	1.880626191748754e-64	0.1544571465345501	1.1841576781579435e-47	0.0	8.024005084794684e-63	True	True	True	True	MoLFormer embeddings	molformer_0536	0.6028200492709439	0.1028200492709439	positive	0.2056400985418878	True	True
TRAIN	molformer_0418	48152	2383	45769	0	-0.0459706675966517	0.0636358105555172	-0.028158625587821	0.0930264815688133	-0.2408952564001083	0.1840584650635719	-0.1251823902130127	0.2809495627880096	-0.1211851071566343	0.3976653289296639	0.1023346710703361	-0.2046693421406722	0.2046693421406722	small	43372374.0	7.312434185770888e-64	0.1549391506786433	5.980295320906341e-48	0.0	2.955762870880022e-62	True	True	True	True	MoLFormer embeddings	molformer_0418	0.3976653289296639	0.10233467107033611	negative	-0.2046693421406722	True	True
TRAIN	molformer_0455	48152	2383	45769	0	0.4364531621898568	0.2761923404096977	0.4217967689037323	0.2322143763303756	0.1014788188040256	0.7526337206363678	-0.0566554814577102	0.5821347832679749	0.1895823925733566	0.602032087882583	0.102032087882583	0.204064175765166	0.204064175765166	small	65662151.0	1.6994709498613488e-63	0.1490361929632823	2.214033211938593e-44	0.0	6.5259684474675796e-62	True	True	True	True	MoLFormer embeddings	molformer_0455	0.602032087882583	0.102032087882583	positive	0.204064175765166	True	True
TRAIN	molformer_0312	48152	2383	45769	0	-0.0433108501905459	-0.1431694964788705	-0.05015205219388	-0.1569341123104095	-0.2417423129081726	0.1440885886549949	-0.327374517917633	0.0292946193367242	0.1067820601165294	0.6013885920416991	0.1013885920416991	0.2027771840833983	0.2027771840833983	small	65591966.5	1.0130507284499456e-62	0.1580438878017285	6.966772604811346e-50	0.0	3.704871235474086e-61	True	True	True	True	MoLFormer embeddings	molformer_0312	0.6013885920416991	0.10138859204169914	positive	0.2027771840833983	True	True
TRAIN	molformer_0390	48152	2383	45769	0	0.2758376702858798	0.4035077478800932	0.2825538218021393	0.4343204200267792	0.0099643040448427	0.5606364607810974	0.1714890450239181	0.6692197918891907	-0.1517665982246399	0.4015398873030282	0.0984601126969717	-0.1969202253939435	0.1969202253939435	small	43794962.5	2.968226826552319e-59	0.1563342680356179	8.178365510382099e-49	0.0	1.036181001269173e-57	True	False	False	False	MoLFormer embeddings	molformer_0390	0.4015398873030282	0.0984601126969718	negative	-0.1969202253939435	False	False
TRAIN	molformer_0440	48152	2383	45769	0	0.0597873544469364	0.1673725767731287	0.0709442421793937	0.1725722402334213	-0.1423832848668098	0.2795252799987793	-0.0133981117978692	0.3580472469329834	-0.1016279980540275	0.4016744415594937	0.0983255584405062	-0.1966511168810125	0.1966511168810125	small	43809638.0	4.25956081903121e-59	0.1496982965424713	8.953018712573922e-45	0.0	1.4223229169634648e-57	True	False	False	False	MoLFormer embeddings	molformer_0440	0.4016744415594937	0.09832555844050628	negative	-0.1966511168810125	False	False
TRAIN	molformer_0620	48152	2383	45769	0	0.7528012529808611	0.8849074675625774	0.7579810619354248	0.896198570728302	0.4957104325294494	1.0166410207748413	0.6370406150817871	1.1510534286499023	-0.1382175087928772	0.4019163513260917	0.0980836486739082	-0.1961672973478164	0.1961672973478164	small	43836022.5	8.144334602819159e-59	0.1520731097166987	3.3648913827793823e-46	0.0	2.6061870729021314e-57	True	False	False	False	MoLFormer embeddings	molformer_0620	0.4019163513260917	0.09808364867390829	negative	-0.1961672973478164	False	False
TRAIN	molformer_0432	48152	2383	45769	0	0.200513962178666	0.3316779470065179	0.2152620553970337	0.3458543121814728	-0.0387900359928607	0.4622854590415954	0.0963987633585929	0.5845580697059631	-0.1305922567844391	0.4028280800755663	0.0971719199244336	-0.1943438398488672	0.1943438398488672	small	43935462.5	9.237955863019722e-58	0.1521122964491529	3.186142812477652e-46	0.0	2.837900041119659e-56	True	False	False	False	MoLFormer embeddings	molformer_0432	0.4028280800755663	0.09717191992443369	negative	-0.1943438398488672	False	False
