dataset	feature	n_total	n_active	n_inactive	missing_or_nonfinite	active_mean	inactive_mean	active_median	inactive_median	active_q25	active_q75	inactive_q25	inactive_q75	median_difference_active_minus_inactive	auc	auc_abs_effect	cliffs_delta	effect_size_abs	effect_interpretation	mannwhitney_u	mannwhitney_p	ks_statistic	ks_p	zero_fraction	fdr_q	significant_fdr_0_05	meaningful_auc	meaningful_effect	statistically_and_practically_relevant
3d_train	Activity_Status	48152	2383	45769	0	1.0	0.0	1.0	0.0	1.0	1.0	0.0	0.0	1.0	1.0	0.5	1.0	1.0	large	109067527.0	0.0	1.0	0.0	0.9505108822063466	0.0	True	True	True	True
3d_train	PBF	47508	2350	45158	644	0.9379688361683753	1.0543377287288107	0.9540230732442735	1.0553872077640727	0.6540192123163973	1.1991744066835155	0.8431151785040844	1.2547064203948934	-0.1013641345197992	0.4186034707452698	0.08139652925473018	-0.16279305850946035	0.16279305850946035	small	44422744.5	1.6275673817579638e-40	0.1449868028378846	1.905901808567471e-41	0.00012629451881788332	1.2206755363184728e-39	True	False	False	False
3d_train	SpherocityIndex	47508	2350	45158	644	0.22703687090767866	0.2628923902247005	0.20374699197151724	0.23878229765934633	0.11907478720252673	0.31244322607419484	0.15159117255337895	0.3493504469092834	-0.03503530568782909	0.42705031412167027	0.07294968587832973	-0.14589937175665946	0.14589937175665946	negligible	45319134.5	7.030442651483838e-33	0.10224886050208581	8.692021626105629e-21	0.00012629451881788332	2.6364159943064394e-32	True	False	False	False
3d_train	Best_Conformer_Energy	47508	2350	45158	644	91.77705340603731	116.06393598977797	74.57073623010025	88.77893157482413	37.0623403759929	124.08720809094325	47.08252846812887	147.8543465570936	-14.208195344723876	0.4363833603621516	0.06361663963784842	-0.12723327927569683	0.12723327927569683	negligible	46309569.5	2.109782942040855e-25	0.09414892203544434	1.099978854470107e-17	4.209817293929443e-05	6.329348826122565e-25	True	False	False	False
3d_train	Conformers_Generated	48152	2383	45769	0	2.4511120436424676	2.6335073958356094	3.0	3.0	2.0	3.0	2.0	3.0	0.0	0.4403494589182351	0.059650541081764874	-0.11930108216352975	0.11930108216352975	negligible	48027826.5	8.605130200408557e-37	0.11200530841778411	3.31752537197767e-25	0.013125103837846819	4.302565100204279e-36	True	False	False	False
3d_train	PMI1	47508	2350	45158	644	2837.028044897925	2945.521227044934	1375.528845063864	1592.6317224692352	701.5303995899048	2741.2516358630364	849.8109005868444	3298.272682373282	-217.10287740537115	0.45154839320664186	0.04845160679335814	-0.09690321358671627	0.09690321358671627	negligible	47918902.5	2.1471389064900587e-15	0.07373605487305562	5.221521586828321e-11	6.314725940894166e-05	5.367847266225147e-15	True	False	False	False
3d_train	InertialShapeFactor	47508	2350	45158	644	0.0012706706526927124	0.0010459918345630294	0.0006255141897936	0.0005442802143302	0.000302729408872775	0.0012212700371421002	0.00025280732596852503	0.001003800902301725	8.123397546339994e-05	0.5445807439222852	0.04458074392228517	0.08916148784457034	0.08916148784457034	negligible	57791616.5	2.9035418110076065e-13	0.07406405688584661	4.201576021664485e-11	0.00014734360528753052	6.221875309302014e-13	True	False	False	False
3d_train	PMI2	47508	2350	45158	644	9129.408953966507	11457.781503571463	4821.485771632973	5591.989853307148	2526.371705138798	9411.310860071748	2756.88797316369	10728.9329252112	-770.5040816741748	0.4617180575435845	0.038281942456415474	-0.07656388491283095	0.07656388491283095	negligible	48998120.5	3.6677067969394684e-10	0.06346286749219998	2.892415501729406e-08	4.209817293929443e-05	6.876950244261504e-10	True	False	False	False
3d_train	PMI3	47508	2350	45158	644	10379.415977777873	12771.742528112423	5757.76926141886	6586.387145457013	3084.1020910080088	10923.527414747576	3338.2642803905296	12107.509030476484	-828.6178840381526	0.46407233514855173	0.03592766485144827	-0.07185532970289654	0.07185532970289654	negligible	49247959.5	4.050772242441913e-09	0.06477417822812193	1.3614894072406187e-08	4.209817293929443e-05	6.751287070736522e-09	True	False	False	False
3d_train	NPR2	47508	2350	45158	644	0.8454843119356789	0.8589466523596131	0.8671338377131415	0.8799170949691857	0.7803235082560639	0.9293559251794163	0.7967222685534348	0.9389153320636857	-0.012783257256044234	0.46576142112846336	0.03423857887153664	-0.06847715774307328	0.06847715774307328	negligible	49427207.5	2.0757303783726955e-08	0.051384670184025205	1.4459916050453418e-05	4.209817293929443e-05	3.113595567559043e-08	True	False	False	False
3d_train	RadiusOfGyration	47508	2350	45158	644	4.242233701829868	4.461893575090255	4.092304991834947	4.202421410119378	3.3837958165538775	4.892575855722943	3.43062723697522	5.064960250913969	-0.11011641828443075	0.46981806197247866	0.030181938027521338	-0.060363876055042676	0.060363876055042676	negligible	49857703.5	7.75590525571613e-07	0.05442528502760513	3.4219825873912115e-06	4.209817293929443e-05	1.0576234439612903e-06	True	False	False	False
3d_train	Asphericity	47508	2350	45158	644	0.4283886343685589	0.4154504467003079	0.42333359386137437	0.4010761566130038	0.2581811461523512	0.5857992410425301	0.2414408737229426	0.5761214115024451	0.022257437248370593	0.5199797354536743	0.019979735453674263	0.03995947090734853	0.03995947090734853	negligible	55180925.5	0.001071306796125806	0.03707807951843786	0.004188626581200988	4.209817293929443e-05	0.0013391334951572576	True	False	False	False
3d_train	Eccentricity	47508	2350	45158	644	0.9463671125665318	0.942719642951887	0.966932931527039	0.9630804431315652	0.9226572690155554	0.9862352517847863	0.9171898254160088	0.9853732152020844	0.0038524883954738076	0.5173205520475155	0.01732055204751548	0.03464110409503096	0.03464110409503096	negligible	54898729.5	0.004572043278828275	0.03677301352320417	0.0046333918622483835	6.314725940894166e-05	0.005011000371273514	True	False	False	False
3d_train	NPR1	47508	2350	45158	644	0.28241490753201287	0.2917104982307646	0.25503078361208903	0.2691903257554442	0.1653482013023796	0.3856209730730692	0.1703998666422474	0.3984085690240522	-0.014159542143355186	0.48272374631671494	0.01727625368328506	-0.03455250736657012	0.03455250736657012	negligible	51227271.5	0.00467693367985528	0.03672872458215265	0.004701449104305753	6.314725940894166e-05	0.005011000371273514	True	False	False	False
3d_train	Metal_Containing	48152	2383	45769	0	0.0029374737725556023	0.0021848849658065504	0.0	0.0	0.0	0.0	0.0	0.0	0.0	0.5003762944033745	0.0003762944033744997	0.0007525888067489994	0.0007525888067489994	negligible	54574805.0	0.44686405910963267	0.0007525888067489994	1.0	0.997777870078086	0.44686405910963267	False	False	False	False
