representation	feature	train_orientation	train_oriented_auc	train_ap	train_cliffs_delta	train_fdr_q	train_auc_ci_lower	train_auc_ci_upper	train_delta_ci_lower	train_delta_ci_upper	train_ap_ci_lower	train_ap_ci_upper	permutation_p	permutation_null_auc_mean	permutation_null_auc_sd	test_oriented_auc	test_ap	test_cliffs_delta	test_fdr_q	test_auc_ci_lower	test_auc_ci_upper	test_delta_ci_lower	test_delta_ci_upper	test_ap_ci_lower	test_ap_ci_upper	same_effect_direction	replicated_fdr	replicated_practical_effect	fully_replicated	permutation_fdr_q
3d	PBF	-1	0.5804141227113364	0.08703289681635107	-0.16082824542267304	3.677716192965523e-39	0.5676907673903709	0.5934026236333386	-0.1868052472666773	-0.1353815347807418	0.08105248162580943	0.09533607435504723	0.000999000999000999	0.500178719643107	0.006016064733255298	0.5747058552677113	0.08390565125120122	-0.1494117105354229	3.290150474537671e-09	0.5471607367739718	0.6019938134143723	-0.20398762682874477	-0.09432147354794362	0.07256400766882819	0.09962531444860097	True	True	False	False	0.00105157999894842
3d	SpherocityIndex	-1	0.5722131666192449	0.08096970466664544	-0.14442633323848986	4.992557437777792e-32	0.559731114216058	0.5848200077691318	-0.1696400155382636	-0.11946222843211615	0.0747058577130225	0.08860103472514955	0.000999000999000999	0.4999504675071619	0.00591331558023332	0.5772301124199201	0.08073966870859729	-0.15446022483984	1.73131913968532e-09	0.553993738041526	0.6022436729334643	-0.20448734586692852	-0.10798747608305208	0.07002084970024146	0.09747091020505873	True	True	False	False	0.00105157999894842
3d	PMI1	-1	0.5479635290529692	0.06049635169213922	-0.09592705810593827	7.879323780982252e-15	0.5361813404369205	0.5594576516344778	-0.11891530326895548	-0.07236268087384072	0.05777554112186167	0.06403427639385754	0.000999000999000999	0.5000754909433309	0.0060762022620454315	0.5582047742392622	0.06499284335103037	-0.11640954847852436	4.403833943606173e-06	0.5341340745094313	0.583490206735693	-0.1669804134713859	-0.06826814901886248	0.05883143678876447	0.07488143701128881	True	True	False	False	0.00105157999894842
3d	InertialShapeFactor	1	0.5440909465197648	0.05917060340908646	0.0881818930395295	8.146637236404495e-13	0.5323296598629215	0.5557490254409088	0.06465931972584292	0.11149805088181755	0.056457252093194105	0.06245209655404591	0.000999000999000999	0.5000641265892093	0.006021316274025162	0.5577079586686985	0.06429587156793425	0.11541591733739698	4.403833943606173e-06	0.5322209862932865	0.5799492868320998	0.06444197258657314	0.15989857366419966	0.05793171557605309	0.07395927744364732	True	True	False	False	0.00105157999894842
3d	PMI2	-1	0.5380390535489084	0.057447305570163705	-0.0760781070978166	6.445261586083634e-10	0.526441341931224	0.549031567961562	-0.098063135923124	-0.05288268386244778	0.05462116301311848	0.0613439591347929	0.000999000999000999	0.5000961364421511	0.006168483655879761	0.5330481336275513	0.05979150759471479	-0.06609626725510265	0.00827528872121672	0.5103421791580296	0.5563643038745749	-0.11272860774914986	-0.02068435831605918	0.05437603056786739	0.06926967252080478	True	True	False	False	0.00105157999894842
3d	NPR2	-1	0.5339159656567624	0.060337707385762336	-0.06783193131352472	3.3759932685957804e-08	0.5225149724216264	0.545416817211781	-0.09083363442356217	-0.04502994484325291	0.056887168703152934	0.06539576317043257	0.000999000999000999	0.49967642175933813	0.0060502446016530344	0.5114922327841966	0.059774661375843266	-0.022984465568393397	0.3433925614661786	0.48766149622138616	0.5357087291140963	-0.07141745822819251	0.02467700755722753	0.05232070319838433	0.07120291308992814	True	False	False	False	0.00105157999894842
3d	RadiusOfGyration	-1	0.5299807155249793	0.0558866153198926	-0.05996143104995855	9.903350579386528e-07	0.5183786554544323	0.5413959988750823	-0.08279199775016441	-0.03675731090886474	0.053125579632983325	0.059611583407378474	0.000999000999000999	0.49970196707128056	0.006042395975125559	0.5245047534750695	0.05807344490486276	-0.04900950695013884	0.04876963439842631	0.501573210202844	0.5478394791531025	-0.09567895830620483	-0.0031464204056877412	0.05274018946733073	0.06684408759944968	True	True	False	False	0.00105157999894842
3d	Eccentricity	1	0.5172246639460342	0.050925641054038774	0.03444932789206834	0.004616689932880878	0.5062375294573241	0.5292528796174136	0.012475058914648368	0.058505759234827176	0.04931246036996793	0.05323696285074007	0.003996003996003996	0.4998655375123707	0.006214422210831554	0.5361774265070758	0.05444694100168167	0.07235485301415157	0.004286043921786138	0.5145582231042116	0.5604527400522507	0.029116446208423328	0.12090548010450128	0.05121128273926627	0.0601784138967954	True	True	False	False	0.004098465636927175
3d	NPR1	-1	0.5171815622077871	0.050899866512315164	-0.03436312441557421	0.004616689932880878	0.505580608103455	0.5286608147583652	-0.057321629516730546	-0.011161216206909899	0.04917098101373504	0.05298526530395711	0.004995004995004995	0.5000734546177067	0.006187151792605071	0.5361774265070758	0.05444694100168167	-0.07235485301415134	0.004286043921786138	0.5124696785597392	0.5603036000652254	-0.12060720013045062	-0.024939357119478648	0.050734436154223586	0.059818415775750436	True	True	False	False	0.004995004995004995
molecular	FractionCSP3	-1	0.6329234777643762	0.09950248529188135	-0.26584695552875237	3.124014222696154e-104	0.621087645087983	0.6441123448457762	-0.28822468969155224	-0.2421752901759659	0.09215253699162174	0.10719513113675061	0.000999000999000999	0.49990040193173174	0.006201136495103304	0.6001752785275959	0.08592741807784429	-0.20035055705519156	1.260474663953746e-14	0.5755927106539078	0.6240315597398727	-0.24806311947974544	-0.15118542130781565	0.07485084844003045	0.09960804181687496	True	True	True	True	0.00105157999894842
molecular	SPS	-1	0.6197905266523555	0.07977877153528201	-0.2395810533047109	7.051774140847135e-85	0.6072733910524991	0.6315788592832036	-0.263157718566407	-0.2145467821049981	0.07576807358293942	0.08491116064454461	0.000999000999000999	0.5001949671922057	0.006093449675600753	0.6012424495177897	0.08056714597737875	-0.20248489903557954	1.211032879385758e-14	0.574985887754288	0.6277377701691285	-0.2554755403382569	-0.14997177550857616	0.07229383752585872	0.09276950698189397	True	True	True	True	0.00105157999894842
molecular	NumAtomStereoCenters	-1	0.6144072928324487	0.07517241536302834	-0.22881458566489732	2.659010446956376e-78	0.6018560432749154	0.6251822085642411	-0.2503644171284823	-0.20371208654983064	0.07193770304688231	0.0782473908167365	0.000999000999000999	0.49967983570398544	0.006252919038247957	0.5888568872011627	0.07127795291790587	-0.1777137744023256	4.5307965356247566e-12	0.5631092296249892	0.6130838279493073	-0.2261676558986144	-0.12621845924997868	0.06535167853791177	0.07777743752421094	True	True	False	False	0.00105157999894842
molecular	SMR_VSA5	-1	0.6143854623200542	0.08847928784584841	-0.2287709246401085	1.069687598145388e-77	0.6022746265027169	0.6273649911627684	-0.25472998232553673	-0.20454925300543403	0.08378187794353614	0.0937526054811713	0.000999000999000999	0.5001719505660012	0.005917931391784018	0.5887947852548424	0.08435725298639035	-0.1775895705096846	5.3142960774279914e-12	0.5610093699885855	0.6144996753395296	-0.2289993506790595	-0.12201873997717101	0.07441315635152604	0.09568833735173486	True	True	False	False	0.00105157999894842
molecular	BCUT2D_MRLOW	1	0.6067799171791985	0.07595085303156782	0.2135598343583971	7.913855619891387e-68	0.5947896262927095	0.6183893797738718	0.189579252585419	0.2367787595477435	0.07206815586508487	0.08067386815921643	0.000999000999000999	0.4999707987327887	0.006168853952026492	0.5912864150562686	0.07527127653600352	0.1825728301125371	2.2594347445511615e-12	0.5655040680074236	0.6166691815388731	0.1310081360148471	0.23333836307774608	0.06827046572969432	0.08506554608061255	True	True	False	False	0.00105157999894842
molecular	BCUT2D_CHGLO	1	0.5954247133521235	0.07158998263787211	0.1908494267042471	1.9699139187217286e-54	0.5835510777190356	0.6073130795383304	0.16710215543807108	0.21462615907666083	0.06831048331344283	0.07605082697972408	0.000999000999000999	0.4999613776289253	0.005957703571784335	0.5915137067134036	0.07516064013849086	0.18302741342680728	2.2594347445511615e-12	0.5657936650735721	0.6165564485429286	0.13158733014714427	0.23311289708585706	0.0677253037161647	0.08653393364331025	True	True	False	False	0.00105157999894842
molecular	VSA_EState6	1	0.5942220776675354	0.06743189141279164	0.18844415533507086	1.2380876694622908e-58	0.5824795673372148	0.6055896106684441	0.16495913467442977	0.21117922133688816	0.0642312752702974	0.07113778931618889	0.000999000999000999	0.4997166232255362	0.005934285102049112	0.5538726685741568	0.06380253015686602	0.10774533714831369	1.5077166374372527e-05	0.5308675157989698	0.5775617162837022	0.0617350315979398	0.15512343256740443	0.05827280480458089	0.07253156522877906	True	True	False	False	0.00105157999894842
molecular	NumAromaticRings	1	0.5933989729133584	0.06163743998247282	0.18679794582671683	1.8138336066850976e-59	0.5826997749522642	0.6038443397089218	0.16539954990452843	0.20768867941784358	0.059622000350965515	0.0637463228334851	0.000999000999000999	0.49993038825387504	0.005568620839600722	0.5579072421280834	0.057055567394548944	0.1158144842561668	2.2832439196081732e-06	0.5348383487070477	0.5814931709121816	0.06967669741409543	0.16298634182436308	0.0536656564111087	0.06201104100804314	True	True	False	False	0.00105157999894842
molecular	SMR_VSA7	1	0.5914701632503321	0.06268833047152249	0.18294032650066416	2.2643325400151893e-50	0.580192894742172	0.6023835896178337	0.16038578948434393	0.2047671792356673	0.060366263119038775	0.06513898885794003	0.000999000999000999	0.4997848655264734	0.006296888428139706	0.552989163906906	0.05873673886488463	0.105978327813812	5.128541473843239e-05	0.5300266759753598	0.5772360403329779	0.06005335195071955	0.15447208066595577	0.054346153469576775	0.06543871509498489	True	True	False	False	0.00105157999894842
molecular	fr_Al_OH	-1	0.5895244970576805	0.06231923577697532	-0.17904899411536124	1.4222179440929547e-51	0.5785366468426483	0.6003731284748026	-0.20074625694960518	-0.15707329368529646	0.06040936254514759	0.06423383805275718	0.000999000999000999	0.500147842790091	0.005821948876604103	0.5705377661951905	0.05919347439094501	-0.14107553239038084	1.9292645940566073e-08	0.5489482023576157	0.5925418898524101	-0.18508377970482004	-0.09789640471523135	0.055901792555241726	0.0629747084911114	True	True	False	False	0.00105157999894842
molformer	molformer_0279	-1	0.629075865999969	0.08095167848285852	-0.258151731999938	1.335752344662034e-97	0.6172805369007771	0.641276648502354	-0.2825532970047079	-0.23456107380155414	0.07685467718362306	0.08592188908133867	0.000999000999000999	0.49992661061710875	0.006090878710046715	0.5995861532162796	0.07714282366948652	-0.19917230643255912	2.820091338671084e-14	0.5753941750573948	0.6241469524148052	-0.24829390482961042	-0.15078835011478967	0.06804706515405134	0.0918536826849011	True	True	False	False	0.00105157999894842
molformer	molformer_0491	1	0.622148529140117	0.0791232844286505	0.24429705828023396	1.3185217677837128e-87	0.6103953030859497	0.6335300609227164	0.22079060617189933	0.2670601218454327	0.07475479664370371	0.08405425459053377	0.000999000999000999	0.4999283019133642	0.0060480731494831665	0.5942714143934569	0.07208608376274335	0.18854282878691375	4.932958949328511e-13	0.5706529774033967	0.6187059475774521	0.14130595480679342	0.23741189515490427	0.06561492117891965	0.08206416546504945	True	True	False	False	0.00105157999894842
molformer	molformer_0407	-1	0.6216484811285765	0.07905241495871784	-0.2432969622571528	4.626972863346141e-87	0.6100635149406111	0.6341168617264055	-0.26823372345281093	-0.2201270298812221	0.07516810317844816	0.08425773432697163	0.000999000999000999	0.49980158656664136	0.005842648163402834	0.6018461654870962	0.0740118209730007	-0.20369233097419248	7.047239235506969e-15	0.576992321354623	0.6260282564588957	-0.2520565129177914	-0.15398464270924622	0.06710405100762322	0.08353803652575989	True	True	True	True	0.00105157999894842
molformer	molformer_0047	1	0.6207845347038996	0.075007488832562	0.2415690694077992	6.020480365966131e-86	0.6101154397678789	0.6318449435229241	0.22023087953575782	0.26368988704584806	0.07157744065218959	0.07913221384648318	0.000999000999000999	0.4998919592996731	0.005811452398953051	0.6100545470649168	0.07419766865941962	0.2201090941298336	4.943525825270232e-17	0.5876617546739963	0.634771781579463	0.17532350934799254	0.26954356315892597	0.06742613965870323	0.08438462909929642	True	True	True	True	0.00105157999894842
molformer	molformer_0230	-1	0.6171352175244609	0.07616065608895037	-0.23427043504892153	6.613878193751945e-81	0.6059275286172024	0.6290148341999172	-0.25802966839983454	-0.2118550572344049	0.07251154909366397	0.08070732005168976	0.000999000999000999	0.5000925992435861	0.005926901530783656	0.6092588796251651	0.07373602896800954	-0.21851775925033057	5.374565562473781e-17	0.5849473515536192	0.6314284752747736	-0.26285695054954733	-0.16989470310723834	0.0669550049381051	0.08434910009558763	True	True	True	True	0.00105157999894842
molformer	molformer_0638	1	0.6167900185359478	0.08396139851780758	0.23358003707189567	1.65634247573313e-80	0.6043811085493852	0.6290324871398248	0.20876221709877046	0.25806497427964964	0.07900816300045145	0.08980218645398609	0.000999000999000999	0.5000164915538976	0.0059290243180316945	0.598449108371489	0.08062507315001027	0.19689821674297803	5.2544514913634755e-14	0.5746874703054448	0.6238412268059862	0.14937494061088955	0.2476824536119723	0.07143888269778846	0.09395512054754081	True	True	False	False	0.00105157999894842
molformer	molformer_0393	-1	0.6128433121986895	0.08511023763359413	-0.22568662439737897	3.281785200426225e-75	0.6005227481686644	0.6249222505750954	-0.2498445011501911	-0.20104549633732877	0.07967648112171892	0.09232737819125293	0.000999000999000999	0.49978865586637905	0.0062123802913359475	0.5849800980492217	0.08150405860067189	-0.16996019609844337	6.713676702271456e-11	0.5602572765591034	0.609559711131367	-0.21911942226273387	-0.12051455311820682	0.07125657823260037	0.09735252397852309	True	True	False	False	0.00105157999894842
molformer	molformer_0129	1	0.6111950901756487	0.0786993689839317	0.22239018035129732	4.404697755811671e-73	0.5993686457198208	0.6224219148197978	0.19873729143964167	0.24484382963959567	0.07423287289183438	0.08420340691166085	0.000999000999000999	0.5001945709927026	0.005840259478640971	0.5846687817988361	0.07580185789901145	0.16933756359767216	7.52466333990753e-11	0.559305107815431	0.6083089178101636	0.1186102156308619	0.2166178356203273	0.06803103301190208	0.08968822372020148	True	True	False	False	0.00105157999894842
molformer	molformer_0659	1	0.6105871319517495	0.0778621770245978	0.22117426390349904	2.460017815422026e-72	0.5986407679803722	0.6218397295053733	0.19728153596074458	0.24367945901074659	0.073899150172665	0.08319362475574786	0.000999000999000999	0.49996678613607876	0.006028001714921672	0.5855729626748973	0.07255610657974866	0.17114592534979467	4.904546807108e-11	0.5616671337143622	0.6096239430204744	0.12333426742872426	0.21924788604094878	0.06497054942221538	0.08299251078294058	True	True	False	False	0.00105157999894842
molformer	molformer_0747	-1	0.6095481609296963	0.07550600731224602	-0.21909632185939265	5.002109171544937e-71	0.5976869279341046	0.620942410636119	-0.24188482127223807	-0.19537385586820916	0.07151200115372142	0.08071141419914973	0.000999000999000999	0.5000409025272939	0.006059079413494339	0.6046571034068526	0.07732426850383747	-0.20931420681370527	1.1929635366893306e-15	0.5824156469336449	0.6262902467536885	-0.25258049350737716	-0.16483129386728976	0.06978970833300917	0.08953428396618604	True	True	True	True	0.00105157999894842
molformer	molformer_0298	-1	0.609390542979855	0.07787250467910234	-0.21878108595971013	7.278738976889933e-71	0.5970218438619224	0.6210134061029916	-0.24202681220598313	-0.1940436877238447	0.07372940987139415	0.08332976277543351	0.000999000999000999	0.49967284087224234	0.0061276624857867276	0.5897389987905151	0.07790361931754367	-0.1794779975810301	5.871488213321122e-12	0.5654717614311574	0.6136294562362378	-0.22725891247247576	-0.13094352286231475	0.06817479285494604	0.09301587700016192	True	True	False	False	0.00105157999894842
molformer	molformer_0742	-1	0.6088356069538462	0.07322472198535979	-0.21767121390769228	3.47710808577995e-70	0.5972752496029364	0.6197166686240169	-0.23943333724803353	-0.19455049920587278	0.06963144134053631	0.07769481022692262	0.000999000999000999	0.4996946292364362	0.006025115783533935	0.6099076873264518	0.07577576984037229	-0.21981537465290368	4.943525825270232e-17	0.58685069738946	0.6327632052053602	-0.26552641041072034	-0.17370139477892	0.06873121391626978	0.08539688007060646	True	True	True	True	0.00105157999894842
molformer	molformer_0177	-1	0.6077670625098157	0.06441908882764784	-0.2155341250196312	7.529334324612015e-69	0.5970740505100111	0.618071440732309	-0.23614288146461773	-0.1941481010200222	0.062236343112492105	0.06747254429999111	0.000999000999000999	0.5000696153448129	0.006034895639901816	0.5880300588084169	0.06209700734169733	-0.1760601176168337	1.511701946925172e-11	0.5649904456852125	0.6091301592273375	-0.2182603184546749	-0.12998089137042496	0.057683332840541016	0.06883523303641546	True	True	False	False	0.00105157999894842
molformer	molformer_0119	1	0.6065744114652935	0.07345226090148624	0.2131488229305869	2.281178129883811e-67	0.5957982190015182	0.6175639876752684	0.19159643800303644	0.2351279753505368	0.0702798699947424	0.07783569681631392	0.000999000999000999	0.4997318108578734	0.006047305231804842	0.5961515563173003	0.07263225474374305	0.19230311263460065	1.9728620220771733e-13	0.5735180803914461	0.6213354682618729	0.14703616078289228	0.24267093652374574	0.06618067936624962	0.08354023120997026	True	True	False	False	0.00105157999894842
molformer	molformer_0400	1	0.606419599116793	0.07472210946036208	0.212839198233586	3.337645550302189e-67	0.5952636286279782	0.6184101746893005	0.19052725725595648	0.236820349378601	0.07028038100137836	0.08044025320704061	0.000999000999000999	0.4996674408369046	0.006105690592777719	0.5862982430208263	0.08012820704118083	0.17259648604165267	3.848298189133094e-11	0.5630879265311246	0.6101872597307224	0.1261758530622492	0.2203745194614447	0.07023322841130042	0.09529900749620182	True	True	False	False	0.00105157999894842
molformer	molformer_0367	1	0.6053503853626387	0.07180133477584708	0.2107007707252775	6.857551387000613e-66	0.5943850233947269	0.6163337254130645	0.18877004678945367	0.2326674508261291	0.06838484196247586	0.07670272889224083	0.000999000999000999	0.5002633060525888	0.006088407402100447	0.5961036051096338	0.06960514575090379	0.19220721021926757	1.9728620220771733e-13	0.5733327717029806	0.6174262790508066	0.1466655434059611	0.23485255810161315	0.06373904070445299	0.07954059455431106	True	True	False	False	0.00105157999894842
molformer	molformer_0485	1	0.6033427071285847	0.06758146327628954	0.20668541425716946	1.9546077236606709e-63	0.592162176511071	0.6137686760789945	0.18432435302214192	0.22753735215798918	0.06503464331692146	0.07070422765868271	0.000999000999000999	0.499968854936997	0.006155629175580796	0.5816289391843777	0.06461286817626433	0.1632578783687555	3.833118073654942e-10	0.5582628729196214	0.6043957253331362	0.11652574583924286	0.20879145066627253	0.059449844668001905	0.07344135031107422	True	True	False	False	0.00105157999894842
molformer	molformer_0536	1	0.6028200492709439	0.07390908337117158	0.2056400985418878	8.024005084794684e-63	0.5905764261071033	0.6160991451653616	0.1811528522142065	0.2321982903307232	0.06992708352834229	0.0785968317521677	0.000999000999000999	0.5002571780691425	0.005996610604244126	0.5948806293544683	0.07687030003864204	0.18976125870893656	3.6148927498472477e-13	0.5717072954169791	0.6190465972825888	0.1434145908339581	0.2380931945651776	0.06776455188873123	0.0927777912514416	True	True	False	False	0.00105157999894842
molformer	molformer_0418	-1	0.6023346710703361	0.06876148900813683	-0.20466934214067223	2.955762870880022e-62	0.5908391609310074	0.6136455122430713	-0.22729102448614255	-0.18167832186201488	0.06568569334103483	0.07271176209582418	0.000999000999000999	0.4997914568375608	0.006242200124971665	0.5955699829545921	0.07096745361552231	-0.19113996590918414	2.527289342396639e-13	0.5724145317381272	0.6179660747405356	-0.23593214948107105	-0.1448290634762543	0.06461482376373999	0.0811767368295284	True	True	False	False	0.00105157999894842
molformer	molformer_0455	1	0.602032087882583	0.0730042741541835	0.204064175765166	6.5259684474675796e-62	0.5902725977045395	0.61387069819599	0.18054519540907912	0.2277413963919801	0.06944805982626832	0.07831628769228677	0.000999000999000999	0.500238045486261	0.006189567505615525	0.5903015089819798	0.07228734318372425	0.1806030179639595	4.379907939325681e-12	0.5659858365036853	0.6143350355278856	0.13197167300737067	0.22867007105577117	0.06606044716021542	0.0823766073099285	True	True	False	False	0.00105157999894842
molformer	molformer_0312	1	0.6013885920416991	0.07607810539227004	0.2027771840833983	3.704871235474086e-61	0.5899895417542564	0.6131245324742717	0.17997908350851288	0.22624906494854333	0.07221208937080717	0.08128050638817026	0.000999000999000999	0.49975698148909165	0.006168804938070875	0.581710690861057	0.07292794484435665	0.16342138172211396	3.770422686084955e-10	0.5584902507276266	0.6053763201979285	0.11698050145525322	0.21075264039585714	0.06457055509986519	0.08557710318062166	True	True	False	False	0.00105157999894842
